Date	Close	High	Low	Open	Volume
	AVAH	AVAH	AVAH	AVAH	AVAH
2021-04-28	12.00	12.00	12.00	12.00	100
2021-04-29	11.53	12.18	11.12	12.00	12116200
2021-04-30	11.68	11.79	11.32	11.58	2062400
2021-05-03	11.80	12.00	11.58	11.78	1255400
2021-05-04	11.75	12.00	11.45	11.80	1379700
2021-05-05	11.50	11.95	11.46	11.85	3577300
2021-05-06	11.50	11.58	10.57	11.46	1655600
2021-05-07	11.53	11.78	11.09	11.50	644700
2021-05-10	11.60	11.73	11.12	11.59	472900
2021-05-11	11.21	11.51	11.02	11.38	375500
2021-05-12	10.51	11.20	10.34	11.17	684200
2021-05-13	10.06	10.63	9.80	10.63	1070500
2021-05-14	10.50	10.55	9.82	10.00	682100
2021-05-17	10.52	10.73	10.15	10.58	606700
2021-05-18	10.83	11.04	10.20	10.52	1339900
2021-05-19	10.93	11.04	10.45	10.91	923600
2021-05-20	11.39	11.41	10.90	11.00	739700
2021-05-21	11.76	11.76	11.33	11.55	694800
2021-05-24	11.50	11.88	11.49	11.73	1067600
2021-05-25	11.29	11.55	11.20	11.50	834200
2021-05-26	11.48	11.52	11.10	11.28	680100
2021-05-27	11.65	11.84	11.29	11.54	570000
2021-05-28	11.60	11.73	11.28	11.73	422100
2021-06-01	11.86	11.89	11.33	11.60	2109500
2021-06-02	11.79	12.37	11.05	12.00	2057800
2021-06-03	11.67	11.88	11.53	11.80	494600
2021-06-04	12.07	12.11	11.68	11.70	1136800
2021-06-07	12.18	12.57	12.01	12.16	1367400
2021-06-08	12.61	12.65	12.11	12.17	384300
2021-06-09	12.66	12.96	12.38	12.78	820500
2021-06-10	12.60	12.92	12.39	12.75	716900
2021-06-11	12.69	12.73	12.49	12.59	411300
2021-06-14	12.89	13.00	12.71	12.80	657200
2021-06-15	12.73	12.98	12.65	12.85	1385700
2021-06-16	12.37	12.97	12.19	12.79	1784900
2021-06-17	12.66	12.75	12.00	12.29	1089700
2021-06-18	12.55	12.75	12.18	12.54	2684400
2021-06-21	12.70	12.84	12.41	12.61	1037700
2021-06-22	12.55	12.88	12.47	12.81	1361100
2021-06-23	12.60	12.74	12.44	12.64	602400
2021-06-24	12.70	12.81	12.53	12.69	664200
2021-06-25	12.64	12.99	12.53	12.70	5771400
2021-06-28	12.45	12.72	12.34	12.62	348700
2021-06-29	12.40	12.57	12.35	12.46	398700
2021-06-30	12.37	12.61	12.34	12.39	935000
2021-07-01	12.39	12.43	12.26	12.39	475900
2021-07-02	12.47	12.48	12.14	12.40	388000
2021-07-06	12.50	12.55	12.23	12.41	287700
2021-07-07	12.12	12.54	12.02	12.50	309900
2021-07-08	11.85	11.97	11.64	11.88	317000
2021-07-09	11.55	11.94	11.50	11.85	303500
2021-07-12	11.61	11.64	11.32	11.48	184700
2021-07-13	11.53	11.81	11.51	11.56	544100
2021-07-14	11.13	11.53	11.00	11.53	488300
2021-07-15	11.08	11.12	10.92	11.07	239700
2021-07-16	10.97	11.45	10.82	11.08	206900
2021-07-19	10.77	10.94	10.65	10.76	218000
2021-07-20	10.97	11.04	10.81	10.81	303800
2021-07-21	10.97	11.09	10.88	10.97	195400
2021-07-22	10.79	11.04	10.64	10.95	129900
2021-07-23	10.84	10.89	10.57	10.85	212400
2021-07-26	10.39	10.99	10.37	10.88	258100
2021-07-27	10.13	10.44	9.97	10.37	870600
2021-07-28	10.00	10.23	9.82	10.16	852800
2021-07-29	10.15	10.28	9.96	10.01	539000
2021-07-30	10.34	10.38	9.90	10.20	616600
2021-08-02	10.07	10.69	9.96	10.36	432400
2021-08-03	9.90	10.21	9.84	10.06	171800
2021-08-04	9.44	9.95	9.24	9.82	887800
2021-08-05	9.39	9.47	9.23	9.45	387700
2021-08-06	9.29	9.48	9.17	9.41	287800
2021-08-09	9.16	9.28	9.06	9.24	208400
2021-08-10	9.23	9.24	9.03	9.17	243600
2021-08-11	9.44	9.54	9.22	9.25	422600
2021-08-12	10.00	10.02	9.29	10.00	611300
2021-08-13	9.49	10.17	9.48	10.07	395200
2021-08-16	9.05	9.47	8.97	9.47	243500
2021-08-17	9.06	9.28	8.98	9.13	269700
2021-08-18	8.91	9.37	8.86	9.08	630400
2021-08-19	8.75	8.90	8.68	8.82	390600
2021-08-20	8.70	8.89	8.53	8.70	222100
2021-08-23	8.79	8.96	8.49	8.96	494200
2021-08-24	9.12	9.17	8.80	8.84	213700
2021-08-25	8.91	9.20	8.91	9.15	176400
2021-08-26	9.14	9.33	8.78	8.89	428700
2021-08-27	9.40	9.45	9.13	9.18	405200
2021-08-30	9.41	9.91	9.29	9.91	198700
2021-08-31	9.44	9.50	9.38	9.39	190800
2021-09-01	9.47	9.63	9.26	9.43	190800
2021-09-02	9.44	9.55	9.37	9.47	401800
2021-09-03	9.38	9.51	9.10	9.42	382500
2021-09-07	9.30	9.73	9.20	9.39	239600
2021-09-08	9.12	9.31	9.05	9.31	81500
2021-09-09	9.15	9.35	8.90	9.06	188900
2021-09-10	8.96	9.19	8.93	9.19	138700
2021-09-13	8.98	9.02	8.83	8.99	236100
2021-09-14	8.79	9.08	8.76	9.04	264600
2021-09-15	8.74	8.82	8.61	8.82	220900
2021-09-16	8.73	8.93	8.60	8.70	188000
2021-09-17	8.69	8.81	8.59	8.78	521000
2021-09-20	8.34	8.90	8.15	8.56	335100
2021-09-21	8.25	8.70	8.21	8.37	371300
2021-09-22	8.14	8.39	8.02	8.28	535800
2021-09-23	8.26	8.39	8.02	8.16	210200
2021-09-24	8.15	8.30	7.93	8.27	295600
2021-09-27	8.00	8.44	7.98	8.14	275700
2021-09-28	7.88	8.33	7.86	8.00	443400
2021-09-29	7.87	8.14	7.83	7.90	651900
2021-09-30	8.02	8.44	7.59	7.91	800200
2021-10-01	7.96	8.37	7.75	8.04	523100
2021-10-04	7.68	7.97	7.42	7.97	523700
2021-10-05	7.77	7.90	7.55	7.72	479700
2021-10-06	7.45	7.73	7.34	7.72	920700
2021-10-07	7.28	7.54	7.17	7.54	677300
2021-10-08	7.27	7.37	7.16	7.33	380700
2021-10-11	7.11	7.78	7.07	7.27	352400
2021-10-12	6.99	7.12	6.86	7.12	393100
2021-10-13	6.89	7.01	6.80	6.96	227500
2021-10-14	6.72	6.99	6.68	6.92	568100
2021-10-15	6.73	6.81	6.67	6.81	379500
2021-10-18	6.47	6.77	6.40	6.72	434200
2021-10-19	6.91	6.95	6.45	6.48	1025300
2021-10-20	7.11	7.16	6.87	6.93	876400
2021-10-21	7.27	7.47	7.05	7.11	776500
2021-10-22	7.22	7.50	7.12	7.25	426800
2021-10-25	6.99	7.21	6.94	7.21	949400
2021-10-26	7.00	7.08	6.85	7.04	565500
2021-10-27	7.25	7.45	6.93	6.96	777800
2021-10-28	7.65	7.68	7.18	7.18	383300
2021-10-29	7.72	7.74	7.49	7.66	352600
2021-11-01	8.11	8.13	7.69	7.71	286500
2021-11-02	8.15	8.18	7.96	8.06	506900
2021-11-03	8.38	8.42	7.96	8.14	504400
2021-11-04	8.28	8.60	8.22	8.43	333700
2021-11-05	8.36	8.53	8.17	8.33	393800
2021-11-08	8.59	8.60	8.31	8.35	311200
2021-11-09	8.71	8.73	8.34	8.57	360600
2021-11-10	8.84	8.88	8.60	8.70	417300
2021-11-11	8.63	8.85	8.54	8.85	281200
2021-11-12	8.84	8.97	8.64	8.64	360600
2021-11-15	8.57	9.04	8.50	8.94	409900
2021-11-16	7.92	8.10	6.91	7.52	1922500
2021-11-17	7.71	7.96	7.46	7.92	1047900
2021-11-18	7.47	7.86	7.40	7.79	618700
2021-11-19	7.38	7.95	7.34	7.52	518300
2021-11-22	7.49	7.65	7.12	7.40	254000
2021-11-23	7.24	7.50	7.15	7.49	703300
2021-11-24	7.39	7.44	7.17	7.18	150600
2021-11-26	7.14	7.31	7.03	7.25	309200
2021-11-29	7.10	7.71	7.03	7.22	602400
2021-11-30	6.44	7.10	6.40	7.05	1187600
2021-12-01	6.08	7.14	6.05	6.60	511000
2021-12-02	6.32	6.32	5.97	6.03	251900
2021-12-03	6.28	6.61	6.07	6.40	303500
2021-12-06	6.21	6.36	6.05	6.34	374300
2021-12-07	6.56	6.68	6.28	6.32	238200
2021-12-08	6.52	6.64	6.41	6.61	333700
2021-12-09	6.54	6.57	6.36	6.43	374800
2021-12-10	6.66	6.71	6.48	6.60	612000
2021-12-13	6.50	6.78	6.45	6.70	390000
2021-12-14	6.73	6.87	6.44	6.45	347100
2021-12-15	6.55	6.89	6.40	6.74	454800
2021-12-16	6.17	6.66	6.15	6.62	364800
2021-12-17	6.55	6.65	5.89	6.20	714400
2021-12-20	6.50	6.64	6.31	6.55	390400
2021-12-21	6.84	6.89	6.49	6.55	624800
2021-12-22	7.00	7.12	6.69	6.80	355100
2021-12-23	7.07	7.13	6.98	7.01	261100
2021-12-27	7.07	7.18	6.91	7.15	354300
2021-12-28	7.12	7.25	7.03	7.06	151100
2021-12-29	7.00	7.12	6.93	7.11	243400
2021-12-30	7.19	7.24	6.98	6.99	164800
2021-12-31	7.40	7.47	7.12	7.16	361000
2022-01-03	7.46	7.53	7.29	7.46	219700
2022-01-04	7.35	7.49	7.26	7.45	234600
2022-01-05	7.21	7.44	7.16	7.35	208000
2022-01-06	7.04	7.24	7.01	7.20	276400
2022-01-07	6.52	7.10	6.39	6.99	625600
2022-01-10	6.57	6.59	6.31	6.50	207100
2022-01-11	6.81	6.83	6.52	6.60	279800
2022-01-12	6.56	6.88	6.50	6.80	212800
2022-01-13	6.34	6.60	6.31	6.60	148200
2022-01-14	6.35	6.51	6.20	6.31	162500
2022-01-18	5.88	6.33	5.87	6.33	357100
2022-01-19	5.77	5.93	5.66	5.89	267300
2022-01-20	5.79	6.15	5.71	5.78	240200
2022-01-21	5.84	5.90	5.64	5.75	282600
2022-01-24	6.13	6.16	5.64	5.64	359500
2022-01-25	5.76	6.03	5.62	6.02	286900
2022-01-26	5.69	5.94	5.61	5.78	128200
2022-01-27	5.40	5.79	5.36	5.72	298500
2022-01-28	5.35	5.97	5.20	5.97	309400
2022-01-31	5.49	5.66	5.26	5.30	649500
2022-02-01	5.31	5.54	5.31	5.53	400200
2022-02-02	5.20	5.45	5.12	5.32	786300
2022-02-03	5.31	5.43	5.13	5.16	612700
2022-02-04	5.52	5.57	5.26	5.27	284500
2022-02-07	5.12	5.62	5.08	5.54	228300
2022-02-08	5.11	5.18	4.98	5.09	277000
2022-02-09	5.32	5.35	5.14	5.18	193000
2022-02-10	5.38	5.55	5.15	5.20	198700
2022-02-11	5.05	5.41	5.03	5.35	130900
2022-02-14	4.93	5.10	4.89	5.05	150300
2022-02-15	5.17	5.20	4.97	4.97	101300
2022-02-16	5.25	5.27	5.03	5.11	169700
2022-02-17	5.01	5.24	4.97	5.19	116200
2022-02-18	4.91	5.08	4.89	4.96	250400
2022-02-22	4.83	4.98	4.73	4.85	224200
2022-02-23	4.69	4.91	4.68	4.83	246200
2022-02-24	4.90	4.91	4.52	4.52	192000
2022-02-25	5.24	5.26	4.96	4.96	195500
2022-02-28	5.25	5.55	5.17	5.21	168300
2022-03-01	5.13	5.29	5.07	5.24	174200
2022-03-02	5.00	5.19	4.95	5.19	362400
2022-03-03	4.69	5.11	4.67	5.03	348300
2022-03-04	4.05	4.68	4.03	4.65	1895900
2022-03-07	4.62	4.68	4.03	4.06	734300
2022-03-08	4.58	4.87	4.55	4.67	398100
2022-03-09	5.10	5.11	4.62	4.68	216100
2022-03-10	4.86	5.01	4.80	5.01	93300
2022-03-11	5.08	5.17	4.78	4.89	203900
2022-03-14	4.94	5.18	4.85	5.13	276200
2022-03-15	4.98	5.10	4.85	4.99	122600
2022-03-16	5.37	5.38	4.89	5.02	193400
2022-03-17	5.87	5.92	5.24	5.33	222900
2022-03-18	5.76	6.00	5.72	5.87	607200
2022-03-21	5.59	5.79	5.53	5.73	164000
2022-03-22	5.61	5.77	5.55	5.67	227700
2022-03-23	5.47	5.64	5.33	5.55	425200
2022-03-24	5.45	5.52	5.35	5.46	181000
2022-03-25	5.24	5.50	5.22	5.47	191500
2022-03-28	5.39	5.52	5.27	5.30	288500
2022-03-29	3.95	4.59	3.81	4.31	4834700
2022-03-30	3.77	4.14	3.72	4.13	2191900
2022-03-31	3.41	3.81	3.38	3.75	2435100
2022-04-01	3.42	3.47	3.15	3.39	2178900
2022-04-04	3.34	3.47	3.29	3.46	1636600
2022-04-05	3.24	3.49	3.23	3.38	1504600
2022-04-06	3.22	3.30	3.13	3.22	827500
2022-04-07	3.15	3.25	3.08	3.20	715700
2022-04-08	3.09	3.28	3.09	3.13	1106100
2022-04-11	2.97	3.15	2.95	3.07	927900
2022-04-12	3.12	3.15	3.00	3.01	856200
2022-04-13	3.26	3.31	3.11	3.11	847600
2022-04-14	3.32	3.36	3.19	3.28	1830600
2022-04-18	3.10	3.32	3.05	3.29	582300
2022-04-19	3.16	3.21	3.07	3.08	567700
2022-04-20	3.16	3.22	3.12	3.18	461600
2022-04-21	3.17	3.24	3.14	3.22	767900
2022-04-22	3.05	3.17	2.96	3.17	700900
2022-04-25	3.10	3.12	2.90	3.03	504100
2022-04-26	3.00	3.10	2.94	3.10	315300
2022-04-27	3.02	3.05	2.93	2.98	406100
2022-04-28	3.06	3.13	2.96	3.02	411300
2022-04-29	2.92	3.11	2.89	3.05	667900
2022-05-02	2.93	3.00	2.82	2.92	484800
2022-05-03	2.87	2.97	2.82	2.93	228200
2022-05-04	2.97	2.98	2.78	2.92	314300
2022-05-05	2.78	2.95	2.73	2.95	523400
2022-05-06	2.88	2.91	2.69	2.78	348200
2022-05-09	2.78	2.85	2.66	2.80	410500
2022-05-10	2.76	2.88	2.69	2.80	367600
2022-05-11	2.58	2.88	2.53	2.72	752800
2022-05-12	2.43	2.59	2.09	2.20	1105200
2022-05-13	2.72	2.74	2.43	2.53	302600
2022-05-16	2.91	2.91	2.67	2.72	359000
2022-05-17	2.84	2.96	2.80	2.96	399000
2022-05-18	2.72	2.86	2.69	2.84	340900
2022-05-19	2.93	2.97	2.70	2.70	646600
2022-05-20	2.88	3.05	2.81	3.03	509300
2022-05-23	3.03	3.07	2.82	2.99	613100
2022-05-24	3.00	3.06	2.93	2.98	345400
2022-05-25	3.06	3.12	2.99	3.00	321900
2022-05-26	3.08	3.14	3.01	3.04	334300
2022-05-27	3.08	3.14	3.05	3.12	171000
2022-05-31	3.08	3.15	3.02	3.09	409100
2022-06-01	2.99	3.13	2.98	3.10	227100
2022-06-02	3.09	3.10	2.93	2.97	303200
2022-06-03	2.98	3.10	2.96	3.06	169400
2022-06-06	2.98	3.08	2.95	3.03	274800
2022-06-07	3.02	3.04	2.91	2.93	220100
2022-06-08	3.03	3.15	3.01	3.01	151400
2022-06-09	2.88	3.04	2.87	3.01	168400
2022-06-10	2.87	2.89	2.74	2.87	181500
2022-06-13	2.73	2.83	2.72	2.73	252500
2022-06-14	2.56	2.74	2.51	2.74	213700
2022-06-15	2.69	2.70	2.54	2.60	292100
2022-06-16	2.47	2.62	2.46	2.62	212000
2022-06-17	2.69	2.74	2.49	2.52	358100
2022-06-21	2.22	2.66	2.15	2.65	1327100
2022-06-22	2.37	2.45	2.15	2.20	582500
2022-06-23	2.71	2.72	2.37	2.38	488600
2022-06-24	2.63	2.81	2.63	2.75	1822100
2022-06-27	2.55	2.71	2.52	2.66	224000
2022-06-28	2.46	2.60	2.44	2.55	303800
2022-06-29	2.38	2.43	2.30	2.43	325900
2022-06-30	2.26	2.36	2.20	2.34	294800
2022-07-01	2.37	2.38	2.21	2.25	164300
2022-07-05	2.38	2.38	2.09	2.22	407200
2022-07-06	2.40	2.44	2.30	2.36	232600
2022-07-07	2.49	2.50	2.37	2.37	343400
2022-07-08	2.51	2.60	2.44	2.48	120000
2022-07-11	2.43	2.52	2.42	2.50	172200
2022-07-12	2.49	2.54	2.39	2.42	116700
2022-07-13	2.43	2.53	2.39	2.45	147400
2022-07-14	2.36	2.42	2.33	2.40	122300
2022-07-15	2.50	2.55	2.35	2.42	119300
2022-07-18	2.56	2.62	2.50	2.53	162400
2022-07-19	2.31	2.67	2.30	2.42	443700
2022-07-20	2.15	2.30	2.11	2.30	799000
2022-07-21	2.23	2.24	2.07	2.12	406700
2022-07-22	2.02	2.16	2.00	2.13	504700
2022-07-25	1.97	2.02	1.97	2.01	197000
2022-07-26	2.17	2.23	1.89	1.95	653400
2022-07-27	2.10	2.20	2.05	2.14	181900
2022-07-28	2.13	2.14	1.94	2.08	476400
2022-07-29	2.12	2.14	2.07	2.13	171600
2022-08-01	2.08	2.15	2.03	2.11	261000
2022-08-02	2.17	2.22	2.06	2.06	219500
2022-08-03	2.19	2.31	2.18	2.21	236200
2022-08-04	2.15	2.25	2.12	2.21	100900
2022-08-05	2.23	2.24	2.09	2.13	140700
2022-08-08	2.25	2.39	2.22	2.22	152700
2022-08-09	2.24	2.29	2.20	2.24	121600
2022-08-10	2.32	2.33	2.21	2.25	230900
2022-08-11	2.12	2.45	2.11	2.26	310400
2022-08-12	2.14	2.20	2.11	2.18	284500
2022-08-15	2.11	2.19	2.08	2.14	273000
2022-08-16	2.11	2.14	2.04	2.14	198700
2022-08-17	2.08	2.10	2.04	2.09	123100
2022-08-18	2.13	2.14	2.04	2.10	122100
2022-08-19	1.94	2.11	1.93	2.11	252000
2022-08-22	2.00	2.02	1.90	1.94	211500
2022-08-23	1.92	2.06	1.92	2.06	115200
2022-08-24	1.93	2.03	1.90	1.92	172700
2022-08-25	2.11	2.17	1.98	1.98	172900
2022-08-26	1.99	2.13	1.98	2.12	147000
2022-08-29	1.97	2.02	1.97	1.98	120800
2022-08-30	1.87	2.02	1.85	2.02	162000
2022-08-31	1.82	1.92	1.82	1.89	303600
2022-09-01	1.74	1.80	1.70	1.80	255000
2022-09-02	1.67	1.79	1.66	1.79	175500
2022-09-06	1.69	1.81	1.67	1.72	230000
2022-09-07	1.81	1.83	1.68	1.68	161900
2022-09-08	1.93	1.96	1.77	1.81	180000
2022-09-09	2.02	2.04	1.88	1.91	186200
2022-09-12	2.05	2.08	1.92	2.01	196600
2022-09-13	2.02	2.17	1.91	1.97	245100
2022-09-14	1.92	2.05	1.88	2.02	459000
2022-09-15	1.93	2.07	1.92	1.95	375700
2022-09-16	1.90	2.03	1.87	1.92	469300
2022-09-19	1.88	1.93	1.85	1.88	357700
2022-09-20	1.81	1.92	1.80	1.86	312800
2022-09-21	1.83	1.89	1.78	1.80	170200
2022-09-22	1.73	1.84	1.70	1.82	188500
2022-09-23	1.69	1.76	1.66	1.72	178700
2022-09-26	1.63	1.75	1.62	1.67	146800
2022-09-27	1.58	1.67	1.56	1.67	101300
2022-09-28	1.64	1.65	1.58	1.60	70200
2022-09-29	1.56	1.64	1.55	1.64	146600
2022-09-30	1.50	1.62	1.48	1.56	122700
2022-10-03	1.53	1.57	1.44	1.53	126400
2022-10-04	1.64	1.70	1.55	1.55	201300
2022-10-05	1.54	1.65	1.52	1.60	122900
2022-10-06	1.45	1.56	1.45	1.55	101000
2022-10-07	1.32	1.47	1.30	1.42	246500
2022-10-10	1.35	1.38	1.30	1.30	127900
2022-10-11	1.28	1.38	1.27	1.34	147900
2022-10-12	1.24	1.31	1.24	1.27	142000
2022-10-13	1.23	1.27	1.18	1.24	175500
2022-10-14	1.20	1.31	1.15	1.25	109700
2022-10-17	1.38	1.57	1.21	1.21	615300
2022-10-18	1.40	1.67	1.38	1.38	254500
2022-10-19	1.35	1.57	1.33	1.36	148600
2022-10-20	1.44	1.48	1.36	1.37	115700
2022-10-21	1.47	1.48	1.33	1.46	136000
2022-10-24	1.47	1.49	1.34	1.46	150700
2022-10-25	1.51	1.59	1.34	1.48	112400
2022-10-26	1.56	1.64	1.52	1.56	236900
2022-10-27	1.50	1.65	1.49	1.56	178900
2022-10-28	1.44	1.53	1.42	1.53	235600
2022-10-31	1.39	1.45	1.33	1.41	260600
2022-11-01	1.34	1.48	1.34	1.48	248800
2022-11-02	1.23	1.34	1.20	1.31	368400
2022-11-03	1.22	1.28	1.21	1.26	205200
2022-11-04	1.19	1.24	1.07	1.24	339000
2022-11-07	1.20	1.25	1.15	1.18	247400
2022-11-08	1.12	1.28	1.10	1.20	276100
2022-11-09	1.06	1.16	1.05	1.13	248300
2022-11-10	0.96	1.13	0.95	1.02	650300
2022-11-11	1.00	1.05	0.97	0.98	415800
2022-11-14	0.96	1.04	0.94	0.99	625200
2022-11-15	0.88	0.99	0.86	0.97	716600
2022-11-16	0.80	0.88	0.76	0.88	962900
2022-11-17	0.89	0.96	0.76	0.77	826500
2022-11-18	0.77	0.96	0.77	0.96	487100
2022-11-21	0.79	0.80	0.74	0.79	541600
2022-11-22	0.76	0.80	0.73	0.78	443000
2022-11-23	0.74	0.78	0.70	0.77	410000
2022-11-25	0.77	0.78	0.74	0.74	173600
2022-11-28	0.72	0.78	0.70	0.76	634200
2022-11-29	0.71	0.75	0.69	0.75	2061600
2022-11-30	0.68	0.74	0.68	0.72	1687800
2022-12-01	0.75	0.77	0.67	0.70	2428100
2022-12-02	0.83	0.86	0.73	0.76	2014300
2022-12-05	0.80	0.86	0.78	0.81	475900
2022-12-06	0.76	0.81	0.75	0.78	483200
2022-12-07	0.73	0.78	0.69	0.76	635400
2022-12-08	0.74	0.77	0.67	0.67	279200
2022-12-09	0.77	0.77	0.71	0.72	647800
2022-12-12	0.87	0.90	0.75	0.76	540100
2022-12-13	0.84	0.95	0.82	0.89	427100
2022-12-14	0.88	0.90	0.82	0.83	539500
2022-12-15	0.83	0.91	0.76	0.91	668700
2022-12-16	0.82	0.88	0.80	0.81	822800
2022-12-19	0.78	0.85	0.77	0.85	593800
2022-12-20	0.77	0.86	0.77	0.80	909800
2022-12-21	0.81	0.82	0.76	0.79	334100
2022-12-22	0.79	0.83	0.77	0.80	284200
2022-12-23	0.77	0.83	0.76	0.81	299900
2022-12-27	0.72	0.79	0.71	0.75	235200
2022-12-28	0.72	0.75	0.70	0.70	388500
2022-12-29	0.68	0.74	0.68	0.72	331400
2022-12-30	0.78	0.79	0.67	0.67	434600
2023-01-03	0.71	0.84	0.71	0.74	126200
2023-01-04	0.75	0.77	0.70	0.70	231600
2023-01-05	0.77	0.81	0.71	0.73	184300
2023-01-06	0.83	0.85	0.75	0.79	290500
2023-01-09	0.96	1.04	0.80	0.85	634600
2023-01-10	1.00	1.01	0.95	0.97	245800
2023-01-11	1.00	1.11	0.96	1.01	233600
2023-01-12	1.01	1.04	0.93	1.00	101200
2023-01-13	1.25	1.65	1.00	1.02	3246000
2023-01-17	1.20	1.28	1.09	1.26	446500
2023-01-18	1.18	1.34	1.15	1.21	418400
2023-01-19	1.11	1.17	1.06	1.17	267800
2023-01-20	1.16	1.20	1.08	1.13	255100
2023-01-23	1.22	1.25	1.08	1.15	408800
2023-01-24	1.27	1.30	1.16	1.21	227000
2023-01-25	1.34	1.39	1.16	1.25	374900
2023-01-26	1.31	1.35	1.30	1.30	139300
2023-01-27	1.27	1.36	1.24	1.30	742400
2023-01-30	1.20	1.27	1.13	1.27	412100
2023-01-31	1.22	1.27	1.14	1.20	218300
2023-02-01	1.21	1.28	1.20	1.25	112700
2023-02-02	1.22	1.27	1.21	1.22	401600
2023-02-03	1.26	1.29	1.19	1.20	293900
2023-02-06	1.12	1.24	1.10	1.23	366800
2023-02-07	1.18	1.19	1.05	1.13	326700
2023-02-08	1.14	1.23	1.13	1.18	131600
2023-02-09	1.17	1.22	1.13	1.18	193800
2023-02-10	1.21	1.21	1.10	1.14	166700
2023-02-13	1.25	1.28	1.15	1.21	322600
2023-02-14	1.26	1.27	1.21	1.25	114100
2023-02-15	1.25	1.29	1.24	1.24	152200
2023-02-16	1.19	1.26	1.18	1.22	169600
2023-02-17	1.23	1.25	1.19	1.23	157100
2023-02-21	1.20	1.22	1.14	1.22	405900
2023-02-22	1.21	1.23	1.19	1.20	149500
2023-02-23	1.29	1.30	1.21	1.21	224700
2023-02-24	1.28	1.31	1.21	1.28	169100
2023-02-27	1.22	1.33	1.21	1.27	212600
2023-02-28	1.22	1.27	1.19	1.23	164000
2023-03-01	1.21	1.26	1.20	1.23	109100
2023-03-02	1.25	1.26	1.16	1.18	206700
2023-03-03	1.45	1.48	1.24	1.27	341000
2023-03-06	1.40	1.47	1.38	1.47	165900
2023-03-07	1.45	1.50	1.35	1.38	356300
2023-03-08	1.59	2.05	1.42	1.48	3494100
2023-03-09	1.40	1.58	1.33	1.54	678700
2023-03-10	1.31	1.39	1.22	1.35	438800
2023-03-13	1.55	1.63	1.23	1.25	623900
2023-03-14	1.46	1.61	1.42	1.56	700700
2023-03-15	1.49	1.51	1.31	1.45	405800
2023-03-16	1.39	1.49	1.23	1.29	600900
2023-03-17	1.30	1.41	1.25	1.34	881700
2023-03-20	1.14	1.29	1.05	1.29	608500
2023-03-21	1.14	1.23	1.12	1.18	535300
2023-03-22	1.00	1.15	1.00	1.14	756200
2023-03-23	1.01	1.10	0.98	1.00	645500
2023-03-24	1.06	1.08	0.95	0.97	558700
2023-03-27	1.02	1.12	0.95	1.06	583000
2023-03-28	1.04	1.08	0.95	1.00	641200
2023-03-29	1.07	1.11	1.01	1.04	695400
2023-03-30	1.05	1.09	0.99	1.07	504000
2023-03-31	1.04	1.08	1.01	1.05	545700
2023-04-03	1.01	1.05	0.97	1.01	535200
2023-04-04	1.08	1.08	0.95	1.01	696300
2023-04-05	1.00	1.07	0.99	1.06	522100
2023-04-06	1.03	1.05	0.96	1.01	620900
2023-04-10	1.10	1.15	1.00	1.04	574700
2023-04-11	1.14	1.27	1.06	1.09	774900
2023-04-12	1.18	1.22	1.07	1.13	528500
2023-04-13	1.27	1.29	1.14	1.22	739100
2023-04-14	1.25	1.30	1.16	1.28	899300
2023-04-17	1.17	1.30	1.12	1.25	628100
2023-04-18	1.10	1.20	1.06	1.15	687600
2023-04-19	1.05	1.11	1.03	1.10	677400
2023-04-20	1.05	1.08	1.02	1.05	602600
2023-04-21	1.09	1.12	1.03	1.03	722700
2023-04-24	1.11	1.14	1.10	1.10	308400
2023-04-25	1.17	1.17	1.08	1.10	81200
2023-04-26	1.14	1.29	1.12	1.14	442700
2023-04-27	1.17	1.19	1.10	1.14	83100
2023-04-28	1.23	1.25	1.15	1.15	228500
2023-05-01	1.17	1.26	1.16	1.23	245700
2023-05-02	1.09	1.17	1.05	1.17	141200
2023-05-03	1.14	1.17	1.04	1.17	183300
2023-05-04	1.09	1.14	1.06	1.14	307600
2023-05-05	1.08	1.11	1.05	1.11	172200
2023-05-08	1.02	1.08	1.00	1.06	139500
2023-05-09	1.01	1.03	0.96	1.01	147400
2023-05-10	1.05	1.07	0.99	1.03	148500
2023-05-11	1.09	1.13	0.98	0.98	130700
2023-05-12	1.12	1.17	1.05	1.06	114800
2023-05-15	1.07	1.16	1.01	1.13	274800
2023-05-16	1.11	1.15	1.04	1.06	71200
2023-05-17	1.22	1.25	1.09	1.12	144000
2023-05-18	1.24	1.26	1.14	1.22	111500
2023-05-19	1.23	1.27	1.19	1.27	68600
2023-05-22	1.26	1.27	1.20	1.23	216300
2023-05-23	1.27	1.30	1.24	1.26	146300
2023-05-24	1.21	1.29	1.20	1.28	243100
2023-05-25	1.12	1.19	1.03	1.18	141300
2023-05-26	0.98	1.25	0.96	1.15	742000
2023-05-30	1.19	1.25	1.06	1.06	552500
2023-05-31	1.18	1.22	1.05	1.15	333900
2023-06-01	1.24	1.24	1.14	1.19	97800
2023-06-02	1.31	1.33	1.25	1.27	183900
2023-06-05	1.25	1.34	1.25	1.30	113000
2023-06-06	1.37	1.38	1.21	1.25	122700
2023-06-07	1.38	1.48	1.36	1.39	151400
2023-06-08	1.37	1.44	1.32	1.40	61100
2023-06-09	1.33	1.38	1.32	1.36	33600
2023-06-12	1.28	1.35	1.27	1.31	56300
2023-06-13	1.37	1.40	1.29	1.29	103600
2023-06-14	1.32	1.43	1.32	1.38	79000
2023-06-15	1.49	1.54	1.34	1.34	181400
2023-06-16	1.58	1.64	1.46	1.52	394300
2023-06-20	1.48	1.56	1.42	1.55	114100
2023-06-21	1.48	1.53	1.40	1.49	95200
2023-06-22	1.46	1.54	1.43	1.46	61500
2023-06-23	1.85	1.98	1.44	1.46	1512700
2023-06-26	1.86	1.96	1.76	1.81	552200
2023-06-27	1.86	1.90	1.70	1.81	147300
2023-06-28	1.73	1.86	1.73	1.85	139700
2023-06-29	1.78	1.81	1.68	1.73	77300
2023-06-30	1.69	1.87	1.67	1.74	221200
2023-07-03	1.57	1.75	1.55	1.63	215900
2023-07-05	1.57	1.63	1.49	1.52	91000
2023-07-06	1.49	1.54	1.41	1.53	101000
2023-07-07	1.55	1.60	1.47	1.50	75100
2023-07-10	1.57	1.67	1.51	1.53	62200
2023-07-11	1.62	1.65	1.53	1.56	32600
2023-07-12	1.53	1.62	1.47	1.60	69200
2023-07-13	1.64	1.69	1.50	1.50	116700
2023-07-14	1.56	1.73	1.56	1.66	104600
2023-07-17	1.62	1.65	1.53	1.54	42000
2023-07-18	1.66	1.72	1.59	1.59	51000
2023-07-19	1.76	1.87	1.62	1.64	172000
2023-07-20	1.78	1.79	1.70	1.73	75700
2023-07-21	1.77	1.85	1.74	1.77	86100
2023-07-24	1.81	1.86	1.74	1.74	60200
2023-07-25	1.79	1.88	1.74	1.79	86800
2023-07-26	1.83	1.88	1.78	1.78	46900
2023-07-27	1.73	1.86	1.66	1.81	121100
2023-07-28	1.73	1.79	1.67	1.73	85200
2023-07-31	1.73	1.80	1.66	1.71	132600
2023-08-01	1.68	1.72	1.63	1.69	49800
2023-08-02	1.60	1.74	1.56	1.68	79900
2023-08-03	1.82	1.85	1.52	1.58	112800
2023-08-04	1.73	1.86	1.72	1.81	89900
2023-08-07	1.67	1.72	1.60	1.70	72000
2023-08-08	1.70	1.73	1.61	1.63	35900
2023-08-09	1.76	1.79	1.65	1.70	67600
2023-08-10	1.82	2.05	1.66	1.66	750500
2023-08-11	1.84	1.91	1.73	1.80	131500
2023-08-14	1.79	1.84	1.73	1.80	66200
2023-08-15	1.77	1.85	1.66	1.73	115100
2023-08-16	1.70	1.80	1.69	1.75	51900
2023-08-17	1.65	1.75	1.63	1.72	90200
2023-08-18	1.66	1.74	1.62	1.62	111000
2023-08-21	1.61	1.66	1.54	1.63	87600
2023-08-22	1.57	1.62	1.53	1.59	54900
2023-08-23	1.56	1.65	1.54	1.55	50900
2023-08-24	1.48	1.56	1.45	1.52	50700
2023-08-25	1.42	1.52	1.41	1.45	81100
2023-08-28	1.45	1.54	1.41	1.48	63400
2023-08-29	1.44	1.54	1.41	1.47	83800
2023-08-30	1.54	1.56	1.42	1.42	50000
2023-08-31	1.44	1.59	1.44	1.54	63000
2023-09-01	1.43	1.50	1.25	1.44	58400
2023-09-05	1.43	1.48	1.36	1.36	79900
2023-09-06	1.39	1.50	1.38	1.43	85500
2023-09-07	1.39	1.42	1.36	1.42	52500
2023-09-08	1.39	1.41	1.31	1.38	51000
2023-09-11	1.42	1.48	1.36	1.37	54800
2023-09-12	1.41	1.48	1.38	1.40	60900
2023-09-13	1.41	1.48	1.34	1.38	123100
2023-09-14	1.43	1.44	1.35	1.42	77800
2023-09-15	1.40	1.46	1.35	1.43	287800
2023-09-18	1.37	1.44	1.35	1.37	203700
2023-09-19	1.35	1.41	1.31	1.38	97700
2023-09-20	1.29	1.42	1.29	1.34	157200
2023-09-21	1.25	1.29	1.19	1.28	350200
2023-09-22	1.24	1.32	1.22	1.23	99200
2023-09-25	1.24	1.29	1.21	1.22	165200
2023-09-26	1.18	1.25	1.18	1.24	174700
2023-09-27	1.16	1.21	1.16	1.16	95600
2023-09-28	1.19	1.21	1.14	1.15	164800
2023-09-29	1.19	1.21	1.14	1.17	145700
2023-10-02	1.18	1.23	1.18	1.18	47000
2023-10-03	1.15	1.21	1.13	1.19	86200
2023-10-04	1.16	1.19	1.14	1.14	195400
2023-10-05	1.14	1.18	1.13	1.14	163500
2023-10-06	1.15	1.15	1.13	1.13	167800
2023-10-09	1.14	1.16	1.12	1.12	206900
2023-10-10	1.13	1.15	1.11	1.14	133400
2023-10-11	1.14	1.16	1.11	1.11	158600
2023-10-12	1.09	1.13	1.08	1.12	393700
2023-10-13	1.17	1.19	1.08	1.09	161000
2023-10-16	1.29	1.31	1.15	1.15	95300
2023-10-17	1.37	1.40	1.29	1.29	83100
2023-10-18	1.33	1.37	1.30	1.34	48700
2023-10-19	1.27	1.39	1.26	1.31	60800
2023-10-20	1.25	1.29	1.21	1.29	87300
2023-10-23	1.25	1.30	1.19	1.23	92700
2023-10-24	1.18	1.29	0.85	1.29	3385100
2023-10-25	1.21	1.32	1.14	1.14	446600
2023-10-26	1.19	1.33	1.14	1.21	166100
2023-10-27	1.20	1.25	1.17	1.19	35400
2023-10-30	1.39	1.42	1.21	1.23	242200
2023-10-31	1.38	1.38	1.34	1.36	73800
2023-11-01	1.43	1.46	1.38	1.38	78200
2023-11-02	1.48	1.49	1.43	1.43	74600
2023-11-03	1.47	1.55	1.41	1.50	100300
2023-11-06	1.48	1.56	1.38	1.46	64600
2023-11-07	1.53	1.60	1.45	1.50	34700
2023-11-08	1.49	1.51	1.42	1.50	77000
2023-11-09	1.52	1.60	1.41	1.46	168500
2023-11-10	1.60	1.62	1.54	1.56	113200
2023-11-13	1.60	1.63	1.56	1.57	53300
2023-11-14	1.88	1.88	1.62	1.62	171900
2023-11-15	1.90	1.95	1.88	1.88	118400
2023-11-16	1.88	1.92	1.83	1.85	95000
2023-11-17	2.21	2.26	1.88	1.91	239300
2023-11-20	2.20	2.38	2.08	2.16	172000
2023-11-21	2.18	2.25	2.14	2.21	59500
2023-11-22	2.30	2.39	2.17	2.17	145200
2023-11-24	2.27	2.40	2.25	2.28	104400
2023-11-27	2.52	2.55	2.20	2.25	517900
2023-11-28	2.74	2.78	2.52	2.54	376500
2023-11-29	2.89	2.96	2.63	2.79	425700
2023-11-30	2.73	2.80	2.51	2.80	392700
2023-12-01	2.72	2.77	2.61	2.67	134300
2023-12-04	2.82	2.87	2.69	2.71	169100
2023-12-05	2.72	2.86	2.69	2.79	135600
2023-12-06	2.66	2.82	2.65	2.70	96700
2023-12-07	2.57	2.68	2.47	2.65	130600
2023-12-08	2.62	2.68	2.54	2.54	96500
2023-12-11	2.43	2.68	2.35	2.64	131000
2023-12-12	2.34	2.47	2.26	2.38	112400
2023-12-13	2.30	2.33	2.18	2.20	238900
2023-12-14	2.30	2.47	2.23	2.33	245100
2023-12-15	2.37	2.45	2.31	2.35	334000
2023-12-18	2.32	2.39	2.23	2.30	117100
2023-12-19	2.58	2.71	2.30	2.30	99100
2023-12-20	2.51	2.71	2.43	2.58	109200
2023-12-21	2.65	2.68	2.45	2.54	117500
2023-12-22	2.73	2.75	2.60	2.66	123500
2023-12-26	2.89	2.94	2.73	2.75	95100
2023-12-27	2.99	3.00	2.83	2.89	128500
2023-12-28	2.89	3.00	2.86	3.00	81500
2023-12-29	2.68	2.90	2.66	2.90	150000
2024-01-02	2.76	2.85	2.47	2.49	367100
2024-01-03	2.61	2.79	2.56	2.76	152200
2024-01-04	2.57	2.70	2.51	2.63	91800
2024-01-05	2.56	2.63	2.28	2.52	84700
2024-01-08	2.61	2.64	2.38	2.38	158400
2024-01-09	2.51	2.61	2.45	2.45	85200
2024-01-10	2.51	2.54	2.45	2.49	148200
2024-01-11	2.39	2.50	2.38	2.49	84500
2024-01-12	2.40	2.46	2.33	2.39	68800
2024-01-16	2.29	2.37	2.22	2.33	74500
2024-01-17	2.31	2.38	2.09	2.18	79000
2024-01-18	2.25	2.50	2.17	2.29	54800
2024-01-19	2.32	2.35	2.20	2.25	55900
2024-01-22	2.56	2.58	2.30	2.30	69400
2024-01-23	2.42	2.56	2.41	2.56	42500
2024-01-24	2.38	2.45	2.32	2.45	55500
2024-01-25	2.34	2.49	2.29	2.43	39300
2024-01-26	2.38	2.42	2.32	2.32	72600
2024-01-29	2.52	2.52	2.34	2.38	115500
2024-01-30	2.45	2.52	2.39	2.50	39700
2024-01-31	2.30	2.44	2.30	2.32	59800
2024-02-01	2.42	2.43	2.19	2.28	82100
2024-02-02	2.53	2.62	2.33	2.39	75800
2024-02-05	2.38	2.48	2.31	2.45	71500
2024-02-06	2.42	2.45	2.35	2.38	38100
2024-02-07	2.41	2.50	2.38	2.42	54400
2024-02-08	2.46	2.60	2.36	2.43	53200
2024-02-09	2.53	2.60	2.47	2.47	60000
2024-02-12	2.52	2.70	2.49	2.49	105400
2024-02-13	2.27	2.47	2.26	2.39	96600
2024-02-14	2.41	2.45	2.20	2.20	107200
2024-02-15	2.49	2.52	2.38	2.40	70400
2024-02-16	2.39	2.54	2.38	2.50	56300
2024-02-20	2.28	2.38	2.28	2.35	72000
2024-02-21	2.23	2.28	2.00	2.28	60200
2024-02-22	2.20	2.25	2.04	2.19	68400
2024-02-23	2.28	2.30	2.11	2.16	74200
2024-02-26	2.41	2.45	2.25	2.26	216900
2024-02-27	2.43	2.49	2.36	2.37	81000
2024-02-28	2.37	2.45	2.31	2.41	55100
2024-02-29	2.37	2.41	2.33	2.38	82400
2024-03-01	2.39	2.40	2.32	2.37	29600
2024-03-04	2.22	2.38	2.09	2.38	225700
2024-03-05	2.23	2.33	2.19	2.19	24500
2024-03-06	2.27	2.29	2.17	2.27	32200
2024-03-07	2.21	2.30	2.13	2.30	66000
2024-03-08	2.35	2.37	2.23	2.26	37700
2024-03-11	2.35	2.52	2.20	2.34	112400
2024-03-12	2.51	2.52	2.28	2.39	91200
2024-03-13	2.50	2.61	2.45	2.45	219400
2024-03-14	2.42	2.48	2.13	2.48	287800
2024-03-15	2.47	2.48	2.30	2.33	241100
2024-03-18	2.42	2.48	2.30	2.45	130000
2024-03-19	2.47	2.60	2.35	2.41	52300
2024-03-20	2.44	2.51	2.35	2.45	52100
2024-03-21	2.51	2.60	2.38	2.44	86700
2024-03-22	2.51	2.53	2.37	2.53	68500
2024-03-25	2.46	2.57	2.40	2.48	50800
2024-03-26	2.34	2.47	2.34	2.43	33000
2024-03-27	2.45	2.52	2.35	2.35	117900
2024-03-28	2.49	2.60	2.38	2.43	181000
2024-04-01	2.61	2.62	2.36	2.47	260400
2024-04-02	2.49	2.66	2.46	2.55	141700
2024-04-03	2.50	2.66	2.42	2.46	106500
2024-04-04	2.47	2.60	2.47	2.50	89600
2024-04-05	2.60	2.66	2.48	2.48	108900
2024-04-08	2.47	2.59	2.35	2.59	284300
2024-04-09	2.50	2.58	2.46	2.50	39900
2024-04-10	2.40	2.48	2.35	2.39	82200
2024-04-11	2.40	2.47	2.35	2.37	63800
2024-04-12	2.34	2.44	2.31	2.39	73900
2024-04-15	2.29	2.39	2.25	2.31	79600
2024-04-16	2.28	2.32	2.26	2.29	19400
2024-04-17	2.22	2.31	2.20	2.29	97800
2024-04-18	2.16	2.27	2.11	2.22	85100
2024-04-19	2.29	2.29	2.13	2.14	150800
2024-04-22	2.27	2.35	2.21	2.24	41200
2024-04-23	2.27	2.40	2.26	2.26	39500
2024-04-24	2.31	2.38	2.20	2.20	95400
2024-04-25	2.20	2.41	2.18	2.28	64100
2024-04-26	2.20	2.35	2.15	2.20	62700
2024-04-29	2.25	2.26	2.16	2.18	22300
2024-04-30	2.25	2.33	2.20	2.20	75500
2024-05-01	2.23	2.30	2.19	2.27	39200
2024-05-02	2.27	2.30	2.20	2.23	94300
2024-05-03	2.33	2.39	2.23	2.27	72000
2024-05-06	2.37	2.43	2.29	2.32	65200
2024-05-07	2.36	2.50	2.34	2.36	50700
2024-05-08	2.42	2.44	2.31	2.31	127700
2024-05-09	2.48	2.57	2.40	2.50	133000
2024-05-10	2.50	2.52	2.45	2.45	37800
2024-05-13	2.48	2.53	2.39	2.53	56500
2024-05-14	2.57	2.66	2.50	2.54	144800
2024-05-15	2.72	2.75	2.53	2.53	73300
2024-05-16	2.65	2.73	2.63	2.68	74200
2024-05-17	2.66	2.70	2.58	2.70	64800
2024-05-20	2.91	2.93	2.62	2.62	191900
2024-05-21	2.92	3.07	2.82	2.86	118700
2024-05-22	2.82	2.92	2.73	2.89	77000
2024-05-23	2.71	2.86	2.61	2.83	91200
2024-05-24	2.80	2.84	2.72	2.72	40700
2024-05-28	2.78	2.83	2.74	2.80	40700
2024-05-29	2.60	2.81	2.59	2.76	51200
2024-05-30	2.62	2.70	2.60	2.62	37800
2024-05-31	2.61	2.71	2.52	2.64	205100
2024-06-03	2.58	2.64	2.54	2.62	36500
2024-06-04	2.59	2.63	2.45	2.55	44800
2024-06-05	2.60	2.63	2.54	2.56	42600
2024-06-06	2.57	2.59	2.38	2.55	125300
2024-06-07	2.49	2.57	2.44	2.54	42900
2024-06-10	2.50	2.54	2.39	2.43	39500
2024-06-11	2.51	2.54	2.40	2.45	52600
2024-06-12	2.54	2.64	2.53	2.59	44000
2024-06-13	2.52	2.57	2.43	2.52	113800
2024-06-14	2.48	2.52	2.41	2.46	64300
2024-06-17	2.85	2.95	2.41	2.45	132900
2024-06-18	2.64	2.88	2.55	2.81	93300
2024-06-20	2.55	2.64	2.52	2.58	34800
2024-06-21	2.56	2.63	2.51	2.55	177400
2024-06-24	2.49	2.60	2.44	2.48	73300
2024-06-25	2.35	2.49	2.33	2.49	24900
2024-06-26	2.33	2.60	2.32	2.32	117100
2024-06-27	2.56	2.57	2.33	2.33	39700
2024-06-28	2.76	2.84	2.40	2.53	1575000
2024-07-01	2.48	2.68	2.48	2.61	116200
2024-07-02	2.57	2.60	2.46	2.47	57400
2024-07-03	2.65	2.68	2.51	2.55	33900
2024-07-05	2.52	2.69	2.47	2.60	264600
2024-07-08	2.57	2.61	2.52	2.53	46500
2024-07-09	2.53	2.58	2.52	2.55	94000
2024-07-10	2.57	2.63	2.48	2.52	88800
2024-07-11	2.91	2.92	2.60	2.65	119400
2024-07-12	3.19	3.24	2.83	2.98	394800
2024-07-15	3.52	3.66	3.30	3.30	438600
2024-07-16	3.68	3.78	3.54	3.54	236600
2024-07-17	3.85	3.93	3.58	3.58	235900
2024-07-18	3.33	3.96	3.30	3.80	217100
2024-07-19	3.44	3.53	3.28	3.35	117100
2024-07-22	4.00	4.02	3.50	3.53	451200
2024-07-23	4.54	4.70	4.00	4.12	1003800
2024-07-24	4.07	4.30	3.80	4.08	511400
2024-07-25	4.25	4.51	3.99	4.07	348100
2024-07-26	4.39	4.56	4.26	4.40	182000
2024-07-29	4.40	4.70	4.30	4.48	360000
2024-07-30	4.32	4.51	4.11	4.40	318800
2024-07-31	4.21	4.34	4.15	4.34	195900
2024-08-01	4.16	4.31	3.95	4.24	215100
2024-08-02	3.91	4.11	3.85	3.85	202200
2024-08-05	3.27	3.75	2.61	3.34	444000
2024-08-06	3.71	3.87	3.29	3.30	163900
2024-08-07	3.43	4.06	3.43	3.82	279400
2024-08-08	4.53	4.92	3.75	3.85	526900
2024-08-09	4.71	5.10	4.60	4.66	959400
2024-08-12	4.64	4.98	4.03	4.69	478500
2024-08-13	4.61	4.93	4.32	4.67	521600
2024-08-14	4.58	4.69	4.45	4.60	260100
2024-08-15	5.00	5.09	4.52	4.82	652500
2024-08-16	4.97	5.25	4.83	4.90	479400
2024-08-19	5.21	5.26	4.87	4.97	386800
2024-08-20	5.11	5.27	4.98	5.24	150600
2024-08-21	5.39	5.51	5.08	5.12	391500
2024-08-22	5.42	5.54	5.20	5.44	213100
2024-08-23	5.60	5.87	5.45	5.49	352200
2024-08-26	5.49	5.55	5.27	5.53	430400
2024-08-27	5.46	5.64	5.35	5.42	325600
2024-08-28	5.40	5.63	5.40	5.44	203200
2024-08-29	5.47	5.55	5.36	5.44	248100
2024-08-30	5.65	5.66	5.40	5.49	245400
2024-09-03	5.35	5.67	5.29	5.55	217600
2024-09-04	5.42	5.48	5.20	5.29	138800
2024-09-05	5.76	5.80	5.26	5.48	248000
2024-09-06	5.42	5.85	5.40	5.76	201100
2024-09-09	5.48	5.62	5.31	5.31	289600
2024-09-10	5.03	5.52	5.02	5.46	634900
2024-09-11	5.23	5.41	4.80	4.95	300700
2024-09-12	5.23	5.45	5.18	5.29	175800
2024-09-13	5.39	5.43	5.21	5.34	333400
2024-09-16	5.45	5.53	5.27	5.39	343700
2024-09-17	5.29	5.62	5.15	5.56	374900
2024-09-18	5.29	5.43	5.21	5.25	210200
2024-09-19	5.50	5.52	5.34	5.52	210900
2024-09-20	5.52	5.56	5.23	5.50	1065200
2024-09-23	5.44	5.95	5.30	5.51	362800
2024-09-24	5.59	5.86	5.44	5.50	458800
2024-09-25	5.59	5.70	5.52	5.58	293200
2024-09-26	5.33	5.71	5.28	5.51	547600
2024-09-27	5.17	5.41	5.15	5.39	330600
2024-09-30	5.20	5.27	4.99	5.10	1045900
2024-10-01	4.96	5.16	4.96	5.16	237400
2024-10-02	4.74	4.99	4.67	4.91	388200
2024-10-03	4.53	4.71	4.49	4.68	199800
2024-10-04	4.53	4.63	4.38	4.63	299100
2024-10-07	4.22	4.53	4.09	4.50	315800
2024-10-08	4.46	4.59	4.20	4.20	485400
2024-10-09	4.67	4.68	4.39	4.44	248400
2024-10-10	4.62	4.66	4.47	4.57	212500
2024-10-11	4.97	4.98	4.64	4.64	150900
2024-10-14	5.06	5.14	4.82	4.95	168900
2024-10-15	5.29	5.38	5.07	5.08	362100
2024-10-16	5.46	5.54	5.30	5.35	403600
2024-10-17	5.42	5.50	5.34	5.42	229900
2024-10-18	5.35	5.52	5.33	5.44	182400
2024-10-21	5.25	5.33	5.15	5.30	151900
2024-10-22	5.30	5.33	5.19	5.19	150900
2024-10-23	5.11	5.30	4.95	5.30	189700
2024-10-24	5.00	5.18	4.96	5.17	127300
2024-10-25	5.01	5.20	4.96	5.14	193600
2024-10-28	4.94	5.14	4.94	5.09	238100
2024-10-29	4.90	4.98	4.80	4.89	213300
2024-10-30	4.91	5.02	4.87	4.90	123800
2024-10-31	4.65	4.88	4.61	4.86	246600
2024-11-01	4.59	4.82	4.58	4.68	144100
2024-11-04	4.51	4.59	4.37	4.54	183600
2024-11-05	4.63	4.65	4.45	4.50	228400
2024-11-06	4.81	4.93	4.62	4.70	467300
2024-11-07	5.59	5.79	5.01	5.18	737200
2024-11-08	5.83	5.99	5.60	5.77	599000
2024-11-11	5.95	6.01	5.84	5.88	344100
2024-11-12	5.80	6.19	5.72	5.88	312300
2024-11-13	5.74	5.97	5.72	5.85	484900
2024-11-14	5.51	5.79	5.47	5.78	308500
2024-11-15	5.57	5.68	5.38	5.52	269200
2024-11-18	5.69	5.74	5.56	5.58	197800
2024-11-19	5.80	5.86	5.55	5.57	206100
2024-11-20	5.77	5.82	5.66	5.80	149200
2024-11-21	5.80	6.00	5.47	5.81	236000
2024-11-22	5.84	5.89	5.68	5.86	221700
2024-11-25	5.72	6.10	5.67	5.87	989900
2024-11-26	5.57	5.70	5.46	5.66	207800
2024-11-27	5.58	5.70	5.51	5.63	116800
2024-11-29	5.81	5.84	5.63	5.66	122800
2024-12-02	5.85	5.95	5.67	5.84	380700
2024-12-03	5.49	5.84	5.40	5.84	192300
2024-12-04	5.56	5.59	5.39	5.56	231100
2024-12-05	5.48	5.57	5.41	5.55	183400
2024-12-06	5.36	5.57	5.35	5.53	133600
2024-12-09	5.24	5.55	5.16	5.40	185300
2024-12-10	5.32	5.37	5.08	5.24	208400
2024-12-11	5.22	5.42	5.22	5.42	95800
2024-12-12	5.07	5.37	5.05	5.20	161800
2024-12-13	5.03	5.30	4.96	5.06	133700
2024-12-16	4.97	5.21	4.96	5.03	174300
2024-12-17	4.78	5.08	4.75	4.91	233100
2024-12-18	4.45	4.86	4.37	4.81	350800
2024-12-19	4.52	4.59	4.36	4.54	215600
2024-12-20	4.58	4.69	4.45	4.45	265100
2024-12-23	4.48	4.61	4.44	4.59	124700
2024-12-24	4.42	4.47	4.28	4.44	204500
2024-12-26	4.69	4.70	4.36	4.38	213800
2024-12-27	4.66	4.74	4.55	4.69	250100
2024-12-30	4.57	4.72	4.37	4.66	242200
2024-12-31	4.57	4.75	4.50	4.60	1023000
2025-01-02	4.51	4.78	4.45	4.58	278500
2025-01-03	4.66	4.68	4.44	4.44	182700
2025-01-06	4.51	4.74	4.50	4.65	219500
2025-01-07	4.45	4.62	4.40	4.52	181200
2025-01-08	4.67	4.74	4.43	4.61	209600
2025-01-10	4.51	4.90	4.45	4.67	206200
2025-01-13	4.44	4.46	4.31	4.43	152100
2025-01-14	4.51	4.55	4.35	4.47	140300
2025-01-15	4.67	4.84	4.58	4.70	179500
2025-01-16	4.70	4.80	4.64	4.67	157700
2025-01-17	4.65	4.79	4.61	4.76	124300
2025-01-21	4.95	4.95	4.68	4.69	142300
2025-01-22	4.89	4.95	4.81	4.90	120000
2025-01-23	4.94	4.96	4.84	4.85	137600
2025-01-24	4.85	4.99	4.73	4.91	148700
2025-01-27	4.92	4.99	4.77	4.78	178900
2025-01-28	4.81	4.98	4.80	4.94	129600
2025-01-29	4.89	4.90	4.74	4.81	108600
2025-01-30	4.80	5.00	4.78	4.94	105400
2025-01-31	4.60	4.84	4.57	4.80	221300
2025-02-03	4.62	4.64	4.36	4.43	339500
2025-02-04	4.76	4.79	4.61	4.61	86400
2025-02-05	4.95	4.98	4.74	4.79	112400
2025-02-06	4.84	5.05	4.82	5.03	138000
2025-02-07	4.67	4.91	4.66	4.82	122000
2025-02-10	4.76	4.85	4.67	4.69	206500
2025-02-11	4.92	4.93	4.64	4.72	122400
2025-02-12	4.68	4.85	4.56	4.75	141800
2025-02-13	4.80	4.83	4.68	4.77	113100
2025-02-14	4.60	4.81	4.59	4.81	144500
2025-02-18	4.97	5.04	4.64	4.65	241800
2025-02-19	5.01	5.06	4.72	4.85	248400
2025-02-20	4.83	5.01	4.75	4.98	154300
2025-02-21	4.23	4.86	4.23	4.84	269100
2025-02-24	4.14	4.36	4.10	4.19	164400
2025-02-25	4.25	4.32	3.97	4.09	288800
2025-02-26	4.22	4.37	4.18	4.25	103700
2025-02-27	4.38	4.42	4.12	4.21	336500
2025-02-28	4.26	4.38	4.09	4.37	290400
2025-03-03	4.03	4.35	4.02	4.23	187200
2025-03-04	3.99	4.10	3.86	3.89	151700
2025-03-05	4.03	4.07	3.92	3.97	107200
2025-03-06	3.81	3.99	3.77	3.93	142300
2025-03-07	3.85	3.90	3.75	3.78	125400
2025-03-10	3.68	3.86	3.67	3.76	162600
2025-03-11	3.82	3.92	3.70	3.70	140400
2025-03-12	3.74	3.86	3.68	3.84	189700
2025-03-13	5.14	5.35	4.45	5.35	3403500
2025-03-14	5.19	5.40	5.01	5.24	802900
2025-03-17	5.51	5.62	5.00	5.16	555800
2025-03-18	5.47	5.61	5.43	5.48	488000
2025-03-19	5.51	5.57	5.38	5.41	405800
2025-03-20	5.46	5.61	5.43	5.49	204400
2025-03-21	5.29	5.45	5.00	5.40	591400
2025-03-24	5.58	5.65	5.40	5.56	283500
2025-03-25	5.50	5.69	5.42	5.58	188200
2025-03-26	5.38	5.55	5.28	5.50	127200
2025-03-27	5.52	5.55	5.32	5.37	136400
2025-03-28	5.37	5.54	5.28	5.50	148100
2025-03-31	5.42	5.53	5.16	5.19	298100
2025-04-01	5.46	5.68	5.34	5.43	282600
2025-04-02	5.62	5.65	5.35	5.39	252700
2025-04-03	5.32	5.69	5.28	5.40	366300
2025-04-04	5.03	5.17	4.84	4.85	407900
2025-04-07	4.96	5.08	4.55	4.60	571300
2025-04-08	4.80	5.31	4.70	5.21	317000
2025-04-09	4.89	5.25	4.61	4.75	457700
2025-04-10	4.80	4.93	4.68	4.79	196400
2025-04-11	4.49	4.78	4.46	4.77	260700
2025-04-14	4.71	4.92	4.46	4.63	275600
2025-04-15	4.54	4.75	4.50	4.68	188800
2025-04-16	4.56	4.62	4.50	4.53	195500
2025-04-17	4.54	4.61	4.49	4.52	214000
2025-04-21	4.22	4.49	4.15	4.47	241900
2025-04-22	4.37	4.43	4.28	4.30	144800
2025-04-23	4.49	4.68	4.45	4.58	143100
2025-04-24	4.54	4.63	4.49	4.50	148000
2025-04-25	4.57	4.57	4.41	4.51	146300
2025-04-28	4.47	4.70	4.46	4.57	138300
2025-04-29	4.61	4.63	4.44	4.46	113300
2025-04-30	4.61	4.70	4.49	4.59	187900
2025-05-01	4.50	4.61	4.47	4.58	144400
2025-05-02	4.84	4.84	4.53	4.55	261100
2025-05-05	4.74	4.93	4.71	4.81	177200
2025-05-06	4.79	4.81	4.56	4.70	348000
2025-05-07	4.82	4.95	4.75	4.83	313200
2025-05-08	5.50	6.11	5.40	6.08	1483400
2025-05-09	5.40	5.79	5.34	5.65	383000
2025-05-12	5.78	5.84	5.43	5.51	870900
2025-05-13	5.86	5.89	5.64	5.76	738400
2025-05-14	5.82	5.95	5.74	5.87	657400
2025-05-15	6.00	6.00	5.70	5.82	826300
2025-05-16	5.99	6.04	5.74	6.00	969400
2025-05-19	5.70	5.97	5.51	5.92	2555000
2025-05-20	5.75	5.81	5.61	5.70	368000
2025-05-21	5.49	5.77	5.46	5.75	422800
2025-05-22	5.35	5.50	5.34	5.42	316900
2025-05-23	5.32	5.34	5.16	5.19	499300
2025-05-27	5.45	5.57	5.29	5.42	452200
2025-05-28	5.30	5.50	5.18	5.45	459300
2025-05-29	5.25	5.45	5.24	5.34	276200
2025-05-30	5.33	5.40	5.07	5.17	355600
2025-06-02	5.47	5.48	5.26	5.35	504100
2025-06-03	5.53	5.64	5.38	5.47	640500
2025-06-04	5.39	5.60	5.29	5.49	502700
2025-06-05	5.51	5.69	5.36	5.36	957200
2025-06-06	5.51	5.71	5.48	5.58	543300
2025-06-09	5.47	5.61	5.31	5.51	433000
2025-06-10	5.44	5.86	5.40	5.44	1367200
2025-06-11	5.25	5.76	5.24	5.45	443400
2025-06-12	5.08	5.18	4.99	5.18	466300
2025-06-13	4.91	5.08	4.90	5.01	437900
2025-06-16	4.92	5.02	4.87	4.94	394900
2025-06-17	4.83	4.95	4.80	4.89	308600
2025-06-18	4.79	4.82	4.68	4.81	332500
2025-06-20	4.72	4.85	4.66	4.83	410300
2025-06-23	4.87	4.87	4.67	4.71	323400
2025-06-24	4.97	5.03	4.69	4.89	445800
2025-06-25	4.86	5.14	4.84	4.96	307700
2025-06-26	4.82	4.97	4.57	4.88	257500
2025-06-27	5.02	5.03	4.82	4.82	1217600
2025-06-30	5.23	5.25	4.94	5.00	688400
2025-07-01	5.00	5.14	4.93	5.12	606500
2025-07-02	4.46	4.91	4.44	4.90	706900
2025-07-03	4.65	4.65	4.39	4.44	480700
2025-07-07	4.30	4.57	4.28	4.55	827400
2025-07-08	4.28	4.33	4.20	4.29	550400
2025-07-09	4.27	4.34	4.19	4.28	325900
2025-07-10	4.23	4.29	4.19	4.24	332100
2025-07-11	4.06	4.20	4.06	4.20	387200
2025-07-14	4.07	4.09	3.98	4.05	370600
2025-07-15	4.04	4.14	3.98	4.08	560500
2025-07-16	3.99	4.15	3.89	4.04	482400
2025-07-17	4.02	4.09	3.96	4.00	318100
2025-07-18	3.96	4.05	3.95	4.05	271100
2025-07-21	4.03	4.35	4.02	4.26	427800
2025-07-22	4.02	4.11	3.95	4.03	319000
2025-07-23	4.08	4.11	4.01	4.06	321000
2025-07-24	3.94	4.05	3.93	4.04	377300
2025-07-25	3.96	3.97	3.88	3.96	231900
2025-07-28	3.95	4.02	3.92	3.97	225000
2025-07-29	4.02	4.04	3.96	3.96	265400
2025-07-30	3.99	4.08	3.96	4.02	448000
2025-07-31	3.97	4.07	3.96	4.00	412000
2025-08-01	3.74	3.94	3.73	3.89	467400
2025-08-04	3.82	3.86	3.73	3.75	324500
2025-08-05	3.78	3.92	3.77	3.84	355000
2025-08-06	3.89	3.96	3.74	3.78	488900
2025-08-07	5.81	6.20	5.22	5.32	14408700
2025-08-08	6.14	6.46	5.73	5.83	2498300
2025-08-11	6.83	6.98	6.44	6.53	2045800
2025-08-12	7.24	7.26	6.82	6.89	1953100
2025-08-13	7.15	7.61	7.14	7.30	1918200
2025-08-14	7.20	7.38	7.04	7.07	1540700
2025-08-15	7.08	7.35	7.06	7.27	999500
2025-08-18	7.04	7.46	6.96	7.08	1155600
2025-08-19	7.27	7.61	7.10	7.43	3007300
2025-08-20	7.20	7.43	7.17	7.17	1056700
