Date	Open	High	Low	Close	Adj Close	Volume
1996-03-18	5.39	5.42	5.39	5.42		5500
1996-03-19	5.42	5.42	5.42	5.42		100
1996-03-20	5.42	5.42	5.42	5.42		100
1996-03-21	5.37	5.37	5.37	5.37		2000
1996-03-22	5.37	5.37	5.37	5.37		0
1996-03-25	5.37	5.37	5.37	5.37		0
1996-03-26	5.53	5.53	5.53	5.53		15000
1996-03-27	5.53	5.53	5.47	5.47		10400
1996-03-28	5.50	5.50	5.50	5.50		100
1996-03-29	5.61	5.61	5.61	5.61		200
1996-04-01	5.61	5.61	5.61	5.61		0
1996-04-02	5.69	5.69	5.69	5.69		4000
1996-04-03	5.69	5.69	5.66	5.69		202800
1996-04-04	5.69	5.69	5.69	5.69		4700
1996-04-08	5.69	5.69	5.69	5.69		0
1996-04-09	5.69	5.69	5.69	5.69		1000
1996-04-10	5.69	5.69	5.66	5.66		1800
1996-04-11	5.63	5.63	5.58	5.61		2600
1996-04-12	5.63	5.63	5.63	5.63		300
1996-04-15	5.63	5.63	5.63	5.63		300
1996-04-16	5.63	5.63	5.63	5.63		0
1996-04-17	5.63	5.63	5.53	5.53		2500
1996-04-18	5.58	5.63	5.58	5.61		73600
1996-04-19	5.66	5.69	5.66	5.69		400
1996-04-22	5.69	5.69	5.69	5.69		12200
1996-04-23	5.69	5.69	5.69	5.69		3200
1996-04-24	5.71	5.71	5.71	5.71		1000
1996-04-25	5.66	5.66	5.66	5.66		1400
1996-04-26	5.71	5.71	5.71	5.71		100
1996-04-29	5.71	5.71	5.71	5.71		1600
1996-04-30	5.69	5.69	5.69	5.69		1000
1996-05-01	5.66	5.69	5.66	5.69		800
1996-05-02	5.71	5.77	5.71	5.74		19300
1996-05-03	5.63	5.66	5.63	5.66		9900
1996-05-06	5.66	5.66	5.61	5.63		18600
1996-05-07	5.58	5.61	5.58	5.61		12800
1996-05-08	5.61	5.61	5.61	5.61		800
1996-05-09	5.61	5.61	5.61	5.61		3800
1996-05-10	5.63	5.63	5.63	5.63		400
1996-05-13	5.55	5.58	5.55	5.58		51000
1996-05-14	5.63	5.63	5.61	5.63		8900
1996-05-15	5.61	5.63	5.61	5.63		12500
1996-05-16	5.63	5.63	5.63	5.63		1100
1996-05-17	5.58	5.69	5.58	5.69		16900
1996-05-20	5.69	5.69	5.63	5.69		13100
1996-05-21	5.74	5.74	5.69	5.69		3300
1996-05-22	5.63	5.63	5.63	5.63		1000
1996-05-23	5.55	5.55	5.55	5.55		25000
1996-05-24	5.61	5.61	5.61	5.61		1900
1996-05-28	5.63	5.69	5.63	5.69		3000
1996-05-29	5.63	5.66	5.63	5.66		2700
1996-05-30	5.66	5.66	5.61	5.61		34400
1996-05-31	5.63	5.63	5.63	5.63		3000
1996-06-03	5.69	5.69	5.63	5.63		2900
1996-06-04	5.63	5.69	5.63	5.69		15500
1996-06-05	5.69	5.69	5.69	5.69		0
1996-06-06	5.69	5.69	5.69	5.69		0
1996-06-07	5.69	5.69	5.69	5.69		0
1996-06-10	5.69	5.69	5.69	5.69		0
1996-06-11	5.66	5.66	5.66	5.66		17700
1996-06-12	5.66	5.66	5.66	5.66		0
1996-06-13	5.66	5.66	5.66	5.66		0
1996-06-14	5.63	5.63	5.63	5.63		100
1996-06-17	5.63	5.63	5.63	5.63		14900
1996-06-18	5.69	5.74	5.69	5.74		20100
1996-06-19	5.74	5.74	5.74	5.74		0
1996-06-20	5.71	5.71	5.69	5.69		1000
1996-06-21	5.66	5.69	5.66	5.66		6000
1996-06-24	5.69	5.69	5.69	5.69		1800
1996-06-25	5.71	5.74	5.71	5.74		14500
1996-06-26	5.79	5.79	5.79	5.79		2700
1996-06-27	5.79	5.79	5.79	5.79		1100
1996-06-28	5.79	5.79	5.79	5.79		200
1996-07-01	5.79	5.79	5.79	5.79		0
1996-07-02	5.79	5.79	5.79	5.79		400
1996-07-03	5.85	5.85	5.85	5.85		1300
1996-07-05	5.79	5.79	5.79	5.79		2600
1996-07-08	5.74	5.74	5.74	5.74		900
1996-07-09	5.74	5.74	5.74	5.74		0
1996-07-10	5.69	5.71	5.69	5.71		10200
1996-07-11	5.71	5.71	5.71	5.71		300
1996-07-12	5.69	5.69	5.66	5.69		1400
1996-07-15	5.63	5.63	5.63	5.63		1000
1996-07-16	5.63	5.63	5.55	5.61		7700
1996-07-17	5.66	5.66	5.66	5.66		1000
1996-07-18	5.69	5.71	5.69	5.71		6600
1996-07-19	5.71	5.71	5.71	5.71		0
1996-07-22	5.66	5.66	5.53	5.53		5500
1996-07-23	5.55	5.58	5.55	5.58		500
1996-07-24	5.53	5.58	5.53	5.58		81000
1996-07-25	5.58	5.58	5.58	5.58		700
1996-07-26	5.63	5.63	5.58	5.58		600
1996-07-29	5.58	5.61	5.55	5.61		7300
1996-07-30	5.63	5.63	5.63	5.63		1800
1996-07-31	5.69	5.71	5.69	5.71		11000
1996-08-01	5.69	5.69	5.69	5.69		700
1996-08-02	5.74	5.77	5.74	5.77		4000
1996-08-05	5.71	5.77	5.71	5.74		1400
1996-08-06	5.69	5.71	5.69	5.71		1100
1996-08-07	5.66	5.69	5.66	5.69		1500
1996-08-08	5.66	5.66	5.66	5.66		300
1996-08-09	5.63	5.66	5.63	5.66		1300
1996-08-12	5.69	5.69	5.61	5.61		2000
1996-08-13	5.61	5.61	5.61	5.61		0
1996-08-14	5.63	5.63	5.58	5.58		4000
1996-08-15	5.61	5.61	5.61	5.61		300
1996-08-16	5.61	5.61	5.61	5.61		200
1996-08-19	5.61	5.63	5.61	5.63		400
1996-08-20	5.69	5.69	5.63	5.63		1100
1996-08-21	5.66	5.66	5.66	5.66		500
1996-08-22	5.71	5.71	5.63	5.63		8500
1996-08-23	5.63	5.63	5.63	5.63		0
1996-08-26	5.69	5.77	5.69	5.72		2600
1996-08-27	5.72	5.74	5.72	5.72		2300
1996-08-28	5.72	5.72	5.61	5.61		4700
1996-08-29	5.61	5.61	5.61	5.61		3800
1996-08-30	5.55	5.55	5.50	5.52		10800
1996-09-03	5.50	5.55	5.44	5.44		50500
1996-09-04	5.52	5.52	5.50	5.52		8600
1996-09-05	5.58	5.61	5.58	5.61		5800
1996-09-06	5.63	5.63	5.63	5.63		500
1996-09-09	5.66	5.66	5.66	5.66		2400
1996-09-10	5.63	5.63	5.63	5.63		1900
1996-09-11	5.66	5.66	5.66	5.66		100
1996-09-12	5.66	5.66	5.66	5.66		2000
1996-09-13	5.77	5.77	5.69	5.72		2300
1996-09-16	5.77	5.82	5.77	5.82		3400
1996-09-17	5.77	5.77	5.77	5.77		1300
1996-09-18	5.77	5.77	5.69	5.69		61400
1996-09-19	5.74	5.74	5.74	5.74		1400
1996-09-20	5.74	5.74	5.74	5.74		0
1996-09-23	5.74	5.74	5.69	5.69		3300
1996-09-24	5.74	5.80	5.74	5.80		42500
1996-09-25	5.88	5.93	5.88	5.88		36900
1996-09-26	5.82	5.82	5.82	5.82		2400
1996-09-27	5.88	5.88	5.82	5.82		1300
1996-09-30	5.77	5.82	5.77	5.82		9000
1996-10-01	5.80	5.85	5.77	5.85		20100
1996-10-02	5.88	5.91	5.88	5.91		500
1996-10-03	5.88	5.88	5.82	5.82		2500
1996-10-04	5.82	5.82	5.82	5.82		0
1996-10-07	5.88	5.91	5.85	5.88		9500
1996-10-08	5.88	5.88	5.88	5.88		200
1996-10-09	5.88	5.93	5.88	5.91		600
1996-10-10	5.82	5.88	5.82	5.88		28000
1996-10-11	5.93	5.93	5.88	5.93		4600
1996-10-14	5.88	5.88	5.88	5.88		700
1996-10-15	5.88	5.96	5.88	5.96		39200
1996-10-16	5.96	5.96	5.91	5.91		4700
1996-10-17	5.93	5.96	5.93	5.93		13200
1996-10-18	5.96	5.99	5.96	5.99		800
1996-10-21	5.99	5.99	5.99	5.99		8500
1996-10-22	5.99	6.01	5.99	6.01		26800
1996-10-23	5.99	5.99	5.93	5.99		34900
1996-10-24	5.99	5.99	5.99	5.99		7600
1996-10-25	6.01	6.04	5.99	6.04		15600
1996-10-28	5.99	5.99	5.99	5.99		10500
1996-10-29	5.93	5.93	5.88	5.88		9900
1996-10-30	5.93	5.93	5.93	5.93		300
1996-10-31	5.91	5.99	5.91	5.96		35800
1996-11-01	5.91	5.96	5.91	5.96		1100
1996-11-04	5.93	5.93	5.93	5.93		500
1996-11-05	6.07	6.07	6.01	6.01		29000
1996-11-06	6.10	6.15	6.10	6.15		2900
1996-11-07	6.15	6.15	6.10	6.15		900
1996-11-08	6.12	6.12	6.12	6.12		25000
1996-11-11	6.15	6.15	6.12	6.15		18000
1996-11-12	6.21	6.21	6.18	6.18		6800
1996-11-13	6.21	6.21	6.21	6.21		400
1996-11-14	6.21	6.21	6.21	6.21		600
1996-11-15	6.26	6.26	6.21	6.23		23700
1996-11-18	6.21	6.21	6.21	6.21		4900
1996-11-19	6.21	6.23	6.21	6.23		28000
1996-11-20	6.23	6.23	6.21	6.21		2200
1996-11-21	6.26	6.26	6.23	6.23		3600
1996-11-22	6.26	6.26	6.23	6.23		17800
1996-11-25	6.29	6.29	6.29	6.29		4900
1996-11-26	6.21	6.23	6.18	6.21		11100
1996-11-27	6.18	6.21	6.18	6.18		2600
1996-11-29	6.23	6.23	6.23	6.23		400
1996-12-02	6.23	6.26	6.23	6.26		6300
1996-12-03	6.29	6.29	6.26	6.26		43400
1996-12-04	6.23	6.23	6.23	6.23		3500
1996-12-05	6.23	6.23	6.18	6.18		4300
1996-12-06	6.10	6.10	6.10	6.10		5000
1996-12-09	6.15	6.15	6.12	6.12		2400
1996-12-10	6.12	6.12	6.12	6.12		0
1996-12-11	6.04	6.07	6.04	6.07		800
1996-12-12	6.04	6.07	6.04	6.07		1800
1996-12-13	6.07	6.07	6.01	6.01		1800
1996-12-16	6.01	6.04	5.96	5.99		3000
1996-12-17	6.01	6.01	6.01	6.01		400
1996-12-18	6.04	6.07	6.04	6.04		1200
1996-12-19	6.07	6.07	5.99	6.07		31200
1996-12-20	6.12	6.18	6.12	6.18		3500
1996-12-23	6.12	6.15	6.12	6.15		20400
1996-12-24	6.12	6.12	6.12	6.12		20000
1996-12-26	6.18	6.21	6.18	6.21		15400
1996-12-27	6.23	6.23	6.18	6.23		600
1996-12-30	6.26	6.29	6.23	6.29		100100
1996-12-31	6.34	6.34	6.31	6.34		7000
1997-01-02	6.21	6.21	6.21	6.21		200
1997-01-03	6.18	6.21	6.12	6.18		24200
1997-01-06	6.15	6.21	6.15	6.21		2600
1997-01-07	6.26	6.26	6.18	6.23		3600
1997-01-08	6.26	6.29	6.23	6.23		71900
1997-01-09	6.26	6.26	6.21	6.23		3000
1997-01-10	6.21	6.23	6.18	6.23		1000
1997-01-13	6.29	6.29	6.29	6.29		2600
1997-01-14	6.34	6.34	6.34	6.34		3500
1997-01-15	6.34	6.34	6.31	6.31		13300
1997-01-16	6.37	6.40	6.37	6.40		3700
1997-01-17	6.37	6.37	6.31	6.31		3600
1997-01-20	6.29	6.29	6.26	6.26		4000
1997-01-21	6.26	6.26	6.26	6.26		0
1997-01-22	6.21	6.26	6.21	6.26		27500
1997-01-23	6.29	6.31	6.29	6.31		7700
1997-01-24	6.29	6.29	6.26	6.29		15600
1997-01-27	6.29	6.31	6.21	6.21		69300
1997-01-28	6.31	6.34	6.31	6.34		9300
1997-01-29	6.34	6.34	6.26	6.26		63800
1997-01-30	6.29	6.42	6.29	6.42		7500
1997-01-31	6.42	6.48	6.42	6.42		58100
1997-02-03	6.42	6.42	6.37	6.42		8500
1997-02-04	6.42	6.42	6.42	6.42		2400
1997-02-05	6.48	6.50	6.45	6.50		35900
1997-02-06	6.48	6.50	6.48	6.50		4700
1997-02-07	6.42	6.56	6.42	6.56		13800
1997-02-10	6.61	6.61	6.53	6.53		22800
1997-02-11	6.53	6.53	6.48	6.48		2000
1997-02-12	6.48	6.48	6.42	6.48		3800
1997-02-13	6.50	6.50	6.50	6.50		2300
1997-02-14	6.56	6.56	6.53	6.56		5100
1997-02-18	6.48	6.53	6.48	6.53		3400
1997-02-19	6.48	6.48	6.40	6.40		9500
1997-02-20	6.42	6.42	6.37	6.42		12300
1997-02-21	6.42	6.42	6.42	6.42		7100
1997-02-24	6.40	6.42	6.37	6.37		11100
1997-02-25	6.48	6.53	6.48	6.53		2500
1997-02-26	6.53	6.53	6.48	6.50		900
1997-02-27	6.53	6.56	6.53	6.56		1500
1997-02-28	6.48	6.48	6.42	6.48		2600
1997-03-03	6.45	6.45	6.45	6.45		700
1997-03-04	6.50	6.50	6.48	6.48		20500
1997-03-05	6.48	6.53	6.48	6.53		30600
1997-03-06	6.50	6.59	6.50	6.59		4900
1997-03-07	6.59	6.59	6.53	6.53		800
1997-03-10	6.61	6.67	6.61	6.67		1000
1997-03-11	6.56	6.61	6.56	6.59		76000
1997-03-12	6.48	6.59	6.48	6.59		37200
1997-03-13	6.48	6.48	6.48	6.48		1100
1997-03-14	6.50	6.53	6.50	6.53		1300
1997-03-17	6.48	6.48	6.42	6.42		8900
1997-03-18	6.42	6.42	6.42	6.42		600
1997-03-19	6.45	6.45	6.40	6.40		3000
1997-03-20	6.40	6.40	6.26	6.26		12700
1997-03-21	6.34	6.37	6.34	6.34		31800
1997-03-24	6.37	6.37	6.31	6.37		3500
1997-03-25	6.40	6.48	6.40	6.48		2500
1997-03-26	6.48	6.50	6.48	6.50		2500
1997-03-27	6.56	6.56	6.56	6.56		11500
1997-03-31	6.59	6.59	6.53	6.53		8200
1997-04-01	6.40	6.45	6.40	6.45		4000
1997-04-02	6.34	6.34	6.31	6.31		3400
1997-04-03	6.26	6.31	6.26	6.29		1600
1997-04-04	6.29	6.31	6.29	6.31		1200
1997-04-07	6.34	6.34	6.34	6.34		2100
1997-04-08	6.31	6.31	6.23	6.31		1800
1997-04-09	6.37	6.37	6.31	6.34		1000
1997-04-10	6.34	6.34	6.34	6.34		0
1997-04-11	6.34	6.34	6.34	6.34		0
1997-04-14	6.26	6.26	6.23	6.26		1600
1997-04-15	6.26	6.26	6.26	6.26		1100
1997-04-16	6.37	6.37	6.34	6.34		1800
1997-04-17	6.31	6.37	6.31	6.37		700
1997-04-18	6.26	6.26	6.26	6.26		900
1997-04-21	6.21	6.21	6.15	6.15		1800
1997-04-22	6.10	6.12	6.10	6.12		300
1997-04-23	6.21	6.21	6.21	6.21		1200
1997-04-24	6.21	6.21	6.12	6.12		3600
1997-04-25	6.12	6.18	6.12	6.15		3300
1997-04-28	6.18	6.18	6.18	6.18		1400
1997-04-29	6.23	6.31	6.23	6.26		700
1997-04-30	6.26	6.29	6.26	6.26		3600
1997-05-01	6.37	6.37	6.31	6.37		1000
1997-05-02	6.34	6.37	6.34	6.37		1100
1997-05-05	6.40	6.42	6.37	6.37		72400
1997-05-06	6.37	6.37	6.37	6.37		100
1997-05-07	6.37	6.37	6.37	6.37		0
1997-05-08	6.42	6.42	6.42	6.42		2800
1997-05-09	6.42	6.48	6.42	6.48		1900
1997-05-12	6.61	6.61	6.56	6.56		11500
1997-05-13	6.67	6.70	6.67	6.70		10300
1997-05-14	6.75	6.75	6.70	6.72		40400
1997-05-15	6.78	6.80	6.75	6.78		15400
1997-05-16	6.83	6.86	6.80	6.86		3600
1997-05-19	6.78	6.78	6.70	6.70		4400
1997-05-20	6.75	6.75	6.75	6.75		300
1997-05-21	6.83	6.86	6.78	6.86		1400
1997-05-22	6.75	6.75	6.75	6.75		900
1997-05-23	6.83	6.83	6.75	6.75		13800
1997-05-27	6.50	6.56	6.50	6.50		5900
1997-05-28	6.26	6.31	6.23	6.23		14700
1997-05-29	6.31	6.34	6.29	6.34		11700
1997-05-30	6.26	6.34	6.26	6.34		43400
1997-06-02	6.31	6.31	6.21	6.21		28100
1997-06-03	6.31	6.31	6.31	6.31		7100
1997-06-04	6.31	6.40	6.31	6.34		38400
1997-06-05	6.48	6.56	6.48	6.50		11700
1997-06-06	6.53	6.64	6.53	6.59		11300
1997-06-09	6.53	6.53	6.53	6.53		1200
1997-06-10	6.48	6.48	6.42	6.42		21500
1997-06-11	6.48	6.53	6.48	6.48		4100
1997-06-12	6.59	6.64	6.59	6.59		10400
1997-06-13	6.67	6.70	6.64	6.64		8000
1997-06-16	6.67	6.70	6.67	6.67		2400
1997-06-17	6.64	6.67	6.64	6.67		8800
1997-06-18	6.67	6.67	6.59	6.59		2600
1997-06-19	6.64	6.64	6.61	6.61		4900
1997-06-20	6.64	6.64	6.61	6.61		1600
1997-06-23	6.67	6.67	6.61	6.61		2500
1997-06-24	6.70	6.70	6.67	6.67		3200
1997-06-25	6.91	6.91	6.86	6.86		12300
1997-06-26	6.89	6.97	6.89	6.91		3400
1997-06-27	6.91	6.94	6.89	6.91		1000
1997-06-30	6.91	6.97	6.83	6.83		4200
1997-07-01	7.02	7.08	7.02	7.05		13900
1997-07-02	6.94	6.97	6.94	6.97		20100
1997-07-03	6.97	7.05	6.97	7.05		23400
1997-07-07	7.05	7.10	7.05	7.08		800
1997-07-08	7.02	7.02	6.99	6.99		2400
1997-07-09	7.13	7.13	6.97	6.97		33300
1997-07-10	6.97	7.02	6.97	6.97		1900
1997-07-11	6.94	6.94	6.91	6.91		5100
1997-07-14	6.89	6.89	6.83	6.86		30500
1997-07-15	6.83	6.86	6.80	6.86		1100
1997-07-16	6.91	6.97	6.91	6.94		4600
1997-07-17	6.97	6.97	6.91	6.94		7100
1997-07-18	6.80	6.80	6.75	6.80		25400
1997-07-21	6.64	6.72	6.64	6.72		10100
1997-07-22	6.75	6.75	6.72	6.72		4400
1997-07-23	6.94	6.94	6.89	6.89		1700
1997-07-24	6.86	6.86	6.80	6.80		4300
1997-07-25	6.83	6.83	6.83	6.83		4800
1997-07-28	6.86	6.86	6.86	6.86		4700
1997-07-29	6.86	6.91	6.86	6.91		30400
1997-07-30	6.97	6.99	6.97	6.99		4200
1997-07-31	7.02	7.05	7.02	7.02		2400
1997-08-01	6.91	6.91	6.91	6.91		500
1997-08-04	6.70	6.70	6.67	6.70		33700
1997-08-05	6.70	6.70	6.61	6.61		26200
1997-08-06	6.67	6.72	6.67	6.72		22400
1997-08-07	6.83	6.83	6.78	6.78		12400
1997-08-08	6.72	6.75	6.72	6.75		2600
1997-08-11	6.75	6.75	6.67	6.70		1500
1997-08-12	6.72	6.72	6.70	6.70		2500
1997-08-13	6.67	6.67	6.67	6.67		7000
1997-08-14	6.64	6.64	6.64	6.64		4000
1997-08-15	6.56	6.56	6.56	6.56		10000
1997-08-18	6.64	6.64	6.56	6.56		3700
1997-08-19	6.59	6.67	6.59	6.67		12300
1997-08-20	6.67	6.67	6.67	6.67		0
1997-08-21	6.70	6.70	6.70	6.70		200
1997-08-22	6.61	6.61	6.61	6.61		7100
1997-08-25	6.60	6.63	6.60	6.63		500
1997-08-26	6.63	6.63	6.63	6.63		1400
1997-08-27	6.69	6.69	6.58	6.60		55200
1997-08-28	6.60	6.69	6.60	6.60		6400
1997-08-29	6.52	6.52	6.46	6.46		2800
1997-09-02	6.55	6.66	6.55	6.63		43200
1997-09-03	6.74	6.74	6.66	6.66		3000
1997-09-04	6.72	6.74	6.63	6.69		13500
1997-09-05	6.85	6.85	6.80	6.80		600
1997-09-08	6.80	6.83	6.80	6.83		30600
1997-09-09	6.77	6.77	6.77	6.77		24700
1997-09-10	6.72	6.72	6.63	6.63		2200
1997-09-11	6.66	6.72	6.66	6.66		74600
1997-09-12	6.74	6.74	6.66	6.66		6000
1997-09-15	6.83	6.83	6.77	6.80		2000
1997-09-16	6.91	6.94	6.85	6.94		800
1997-09-17	6.94	6.97	6.91	6.91		4500
1997-09-18	7.02	7.02	6.94	6.94		2600
1997-09-19	6.99	7.02	6.97	6.97		1700
1997-09-22	7.02	7.02	6.99	6.99		7200
1997-09-23	6.97	6.97	6.91	6.91		600
1997-09-24	7.11	7.16	7.11	7.16		21700
1997-09-25	7.13	7.16	7.11	7.16		3600
1997-09-26	7.16	7.16	7.11	7.16		600
1997-09-29	7.08	7.11	7.02	7.11		56400
1997-09-30	7.16	7.16	7.16	7.16		900
1997-10-01	7.19	7.24	7.13	7.24		8300
1997-10-02	7.24	7.24	7.16	7.24		800
1997-10-03	7.36	7.36	7.33	7.36		1100
1997-10-06	7.30	7.38	7.30	7.36		4700
1997-10-07	7.30	7.30	7.24	7.24		2900
1997-10-08	7.33	7.33	7.30	7.30		600
1997-10-09	7.11	7.11	7.05	7.08		3800
1997-10-10	7.02	7.08	7.02	7.02		3200
1997-10-13	7.19	7.19	7.19	7.19		100
1997-10-14	7.13	7.19	7.13	7.16		3800
1997-10-15	7.11	7.11	7.11	7.11		500
1997-10-16	7.13	7.13	7.08	7.08		4300
1997-10-17	7.05	7.05	6.99	6.99		5800
1997-10-20	6.91	6.94	6.91	6.91		500
1997-10-21	6.97	6.97	6.97	6.97		14300
1997-10-22	6.99	6.99	6.94	6.94		5600
1997-10-23	6.63	6.69	6.63	6.63		14000
1997-10-24	6.74	6.74	6.66	6.66		9700
1997-10-27	6.49	6.52	6.30	6.30		12900
1997-10-28	6.07	6.49	6.07	6.49		121900
1997-10-29	6.63	6.77	6.63	6.66		23700
1997-10-30	6.55	6.55	6.55	6.55		2700
1997-10-31	6.63	6.74	6.63	6.74		38500
1997-11-03	6.80	6.80	6.72	6.72		9500
1997-11-04	6.72	6.77	6.72	6.74		2700
1997-11-05	6.80	6.80	6.80	6.80		200
1997-11-06	6.85	6.88	6.85	6.88		700
1997-11-07	6.63	6.63	6.58	6.63		8600
1997-11-10	6.66	6.66	6.63	6.63		1800
1997-11-11	6.69	6.69	6.69	6.69		2300
1997-11-12	6.49	6.55	6.49	6.49		3400
1997-11-13	6.63	6.63	6.63	6.63		900
1997-11-14	6.66	6.66	6.60	6.60		31100
1997-11-17	6.66	6.77	6.66	6.77		2400
1997-11-18	6.77	6.77	6.69	6.77		11300
1997-11-19	6.77	6.85	6.77	6.85		11200
1997-11-20	6.94	6.94	6.85	6.85		86300
1997-11-21	6.94	6.94	6.85	6.85		27800
1997-11-24	6.80	6.83	6.77	6.77		54200
1997-11-25	6.80	6.80	6.72	6.72		4100
1997-11-26	6.72	6.80	6.72	6.72		20900
1997-11-28	6.77	6.77	6.77	6.77		5000
1997-12-01	6.88	6.91	6.88	6.91		10000
1997-12-02	6.85	6.85	6.85	6.85		7100
1997-12-03	6.88	6.88	6.88	6.88		500
1997-12-04	6.94	7.02	6.94	6.94		9600
1997-12-05	6.83	6.85	6.80	6.85		16700
1997-12-08	6.94	6.94	6.94	6.94		300
1997-12-09	6.91	6.91	6.88	6.91		20800
1997-12-10	6.91	6.94	6.85	6.85		25100
1997-12-11	6.85	6.85	6.72	6.72		13700
1997-12-12	6.74	6.74	6.74	6.74		400
1997-12-15	6.74	6.80	6.74	6.77		20000
1997-12-16	6.83	6.83	6.83	6.83		2100
1997-12-17	6.99	6.99	6.85	6.88		34900
1997-12-18	6.91	6.94	6.85	6.85		11700
1997-12-19	6.77	6.77	6.69	6.69		12100
1997-12-22	6.77	6.83	6.77	6.83		22700
1997-12-23	6.92	6.92	6.83	6.89		3600
1997-12-24	6.92	6.92	6.83	6.83		17600
1997-12-26	6.83	6.83	6.83	6.83		100
1997-12-29	6.92	6.92	6.92	6.92		1300
1997-12-30	6.95	7.06	6.95	7.06		19600
1997-12-31	7.09	7.09	7.09	7.09		40000
1998-01-02	7.17	7.17	7.14	7.17		1300
1998-01-05	7.17	7.17	7.11	7.17		30400
1998-01-06	7.11	7.11	7.00	7.00		35000
1998-01-07	7.06	7.09	6.97	7.09		102800
1998-01-08	6.95	6.95	6.92	6.92		2600
1998-01-09	6.81	6.83	6.67	6.67		6600
1998-01-12	6.55	6.64	6.55	6.64		19900
1998-01-13	6.86	6.86	6.78	6.78		5600
1998-01-14	6.89	6.89	6.78	6.78		6800
1998-01-15	6.78	6.81	6.78	6.81		700
1998-01-16	6.86	6.92	6.83	6.92		11000
1998-01-20	6.89	6.97	6.89	6.92		6500
1998-01-21	6.95	6.95	6.89	6.89		1600
1998-01-22	7.03	7.03	6.97	6.97		1000
1998-01-23	6.97	6.97	6.97	6.97		0
1998-01-26	7.09	7.09	7.03	7.03		4300
1998-01-27	7.11	7.25	7.11	7.25		6900
1998-01-28	7.28	7.28	7.23	7.23		2300
1998-01-29	7.23	7.23	7.20	7.20		3200
1998-01-30	7.23	7.28	7.23	7.23		14700
1998-02-02	7.28	7.37	7.28	7.31		26300
1998-02-03	7.37	7.39	7.34	7.34		17600
1998-02-04	7.37	7.39	7.37	7.37		1300
1998-02-05	7.48	7.56	7.48	7.56		20800
1998-02-06	7.56	7.56	7.48	7.53		9400
1998-02-09	7.56	7.56	7.48	7.53		3100
1998-02-10	7.56	7.59	7.53	7.59		9200
1998-02-11	7.56	7.56	7.48	7.53		19600
1998-02-12	7.45	7.45	7.31	7.31		20700
1998-02-13	7.34	7.39	7.34	7.39		32000
1998-02-17	7.62	7.62	7.56	7.56		8900
1998-02-18	7.56	7.62	7.56	7.62		4500
1998-02-19	7.67	7.67	7.56	7.65		4200
1998-02-20	7.56	7.59	7.53	7.53		20700
1998-02-23	7.62	7.62	7.62	7.62		400
1998-02-24	7.62	7.62	7.62	7.62		0
1998-02-25	7.70	7.79	7.70	7.70		3200
1998-02-26	7.81	7.90	7.81	7.90		21600
1998-02-27	7.95	7.95	7.87	7.95		7300
1998-03-02	8.09	8.09	8.04	8.09		1100
1998-03-03	8.01	8.01	7.93	7.98		5100
1998-03-04	7.87	7.95	7.87	7.90		15700
1998-03-05	7.87	7.87	7.87	7.87		2100
1998-03-06	7.93	8.07	7.93	8.07		13400
1998-03-09	8.12	8.15	8.07	8.15		24100
1998-03-10	8.21	8.21	8.18	8.18		17500
1998-03-11	8.12	8.12	8.12	8.12		5800
1998-03-12	8.12	8.26	8.12	8.21		152500
1998-03-13	8.23	8.23	8.15	8.21		10300
1998-03-16	8.29	8.29	8.23	8.26		21400
1998-03-17	8.43	8.46	8.43	8.46		9300
1998-03-18	8.37	8.40	8.35	8.40		10900
1998-03-19	8.49	8.51	8.43	8.51		26400
1998-03-20	8.54	8.54	8.46	8.54		4500
1998-03-23	8.54	8.54	8.51	8.51		22800
1998-03-24	8.57	8.63	8.57	8.57		15600
1998-03-25	8.77	8.77	8.65	8.68		17900
1998-03-26	8.63	8.79	8.63	8.74		31500
1998-03-27	8.82	8.82	8.74	8.82		15100
1998-03-30	8.68	8.68	8.60	8.60		16300
1998-03-31	8.68	8.77	8.65	8.77		23500
1998-04-01	8.82	8.91	8.79	8.91		27900
1998-04-02	8.96	8.96	8.91	8.96		7200
1998-04-03	8.93	8.93	8.88	8.93		2700
1998-04-06	9.07	9.07	8.99	9.02		36300
1998-04-07	8.96	8.96	8.82	8.85		18100
1998-04-08	8.91	8.93	8.85	8.93		33100
1998-04-09	9.02	9.02	8.93	9.02		5200
1998-04-13	9.05	9.05	9.02	9.05		1300
1998-04-14	9.02	9.02	9.02	9.02		18200
1998-04-15	9.10	9.13	9.07	9.13		6000
1998-04-16	9.02	9.02	8.96	9.02		13900
1998-04-17	9.02	9.02	8.96	9.02		7700
1998-04-20	9.02	9.02	8.99	8.99		18800
1998-04-21	9.02	9.02	8.91	8.91		42500
1998-04-22	8.85	8.91	8.82	8.85		30200
1998-04-23	8.88	8.88	8.82	8.82		11300
1998-04-24	8.79	8.79	8.74	8.74		24100
1998-04-27	8.60	8.74	8.54	8.74		102700
1998-04-28	8.79	8.79	8.71	8.79		9400
1998-04-29	8.71	8.77	8.65	8.77		16000
1998-04-30	8.88	9.07	8.88	9.07		16300
1998-05-01	9.07	9.19	9.07	9.19		45400
1998-05-04	9.30	9.35	9.30	9.35		7000
1998-05-05	9.35	9.35	9.30	9.33		8700
1998-05-06	9.41	9.41	9.35	9.35		5800
1998-05-07	9.30	9.35	9.27	9.33		9800
1998-05-08	9.24	9.30	9.24	9.30		40400
1998-05-11	9.41	9.41	9.35	9.41		3300
1998-05-12	9.47	9.49	9.38	9.38		4900
1998-05-13	9.41	9.49	9.41	9.41		7300
1998-05-14	9.47	9.49	9.44	9.49		34600
1998-05-15	9.47	9.49	9.41	9.41		7300
1998-05-18	9.30	9.30	9.05	9.07		51600
1998-05-19	9.33	9.44	9.24	9.44		37000
1998-05-20	9.58	9.58	9.58	9.58		5700
1998-05-21	9.63	9.63	9.61	9.61		900
1998-05-22	9.66	9.69	9.66	9.69		9800
1998-05-26	9.80	9.91	9.75	9.77		53200
1998-05-27	9.52	9.55	9.30	9.38		90800
1998-05-28	9.55	9.58	9.52	9.58		7300
1998-05-29	9.63	9.63	9.52	9.55		7100
1998-06-01	9.41	9.52	9.41	9.47		9200
1998-06-02	9.72	9.75	9.63	9.63		17400
1998-06-03	9.86	9.89	9.77	9.77		5100
1998-06-04	9.72	9.83	9.72	9.75		64200
1998-06-05	9.97	10.00	9.89	10.00		31200
1998-06-08	10.03	10.03	9.89	9.97		8600
1998-06-09	9.94	9.94	9.89	9.91		6000
1998-06-10	9.86	9.86	9.80	9.80		72400
1998-06-11	9.75	9.75	9.55	9.63		13800
1998-06-12	9.52	9.52	9.35	9.35		18100
1998-06-15	9.13	9.30	9.13	9.19		18000
1998-06-16	9.33	9.41	9.30	9.38		37500
1998-06-17	9.63	9.69	9.52	9.69		21200
1998-06-18	9.55	9.63	9.52	9.61		14200
1998-06-19	9.66	9.69	9.58	9.63		105300
1998-06-22	9.49	9.52	9.47	9.52		7100
1998-06-23	9.61	9.61	9.52	9.61		9500
1998-06-24	9.63	9.63	9.58	9.63		22200
1998-06-25	9.94	9.94	9.89	9.91		26100
1998-06-26	9.89	9.89	9.77	9.83		11700
1998-06-29	9.89	9.94	9.83	9.83		38500
1998-06-30	9.89	9.89	9.80	9.89		32600
1998-07-01	9.94	10.00	9.94	9.97		77800
1998-07-02	9.91	9.91	9.86	9.91		33800
1998-07-06	9.91	10.08	9.91	10.05		22000
1998-07-07	10.11	10.11	10.05	10.08		17400
1998-07-08	10.11	10.11	10.08	10.08		19400
1998-07-09	10.05	10.05	9.86	9.86		16000
1998-07-10	9.86	9.94	9.83	9.83		15500
1998-07-13	9.89	9.97	9.89	9.94		13100
1998-07-14	10.03	10.17	10.03	10.14		68900
1998-07-15	10.11	10.14	10.11	10.14		21600
1998-07-16	10.25	10.25	10.14	10.17		31000
1998-07-17	10.31	10.36	10.31	10.36		17600
1998-07-20	10.42	10.42	10.28	10.31		13600
1998-07-21	10.31	10.31	10.11	10.11		50600
1998-07-22	10.08	10.08	9.91	10.00		46600
1998-07-23	10.03	10.03	9.86	9.86		13500
1998-07-24	9.97	10.08	9.94	10.05		41100
1998-07-27	9.89	9.89	9.75	9.86		21300
1998-07-28	9.77	9.86	9.66	9.66		19300
1998-07-29	9.83	9.97	9.83	9.86		68700
1998-07-30	10.03	10.03	9.91	10.00		26000
1998-07-31	9.97	9.97	9.80	9.80		43200
1998-08-03	9.66	9.69	9.63	9.66		26400
1998-08-04	9.69	9.75	9.47	9.47		73000
1998-08-05	9.49	9.52	9.41	9.49		34000
1998-08-06	9.41	9.44	9.35	9.38		33900
1998-08-07	9.52	9.55	9.44	9.49		22900
1998-08-10	9.38	9.38	9.33	9.35		4200
1998-08-11	9.02	9.07	8.96	8.99		33000
1998-08-12	9.24	9.38	9.24	9.30		14300
1998-08-13	9.27	9.35	9.24	9.27		89000
1998-08-14	9.35	9.35	9.24	9.24		40300
1998-08-17	9.33	9.38	9.30	9.38		11500
1998-08-18	9.44	9.63	9.44	9.63		7600
1998-08-19	9.63	9.63	9.52	9.55		52100
1998-08-20	9.47	9.52	9.47	9.52		4400
1998-08-21	9.38	9.38	9.07	9.19		44700
1998-08-24	9.24	9.24	9.07	9.07		28700
1998-08-25	9.37	9.43	9.34	9.37		34400
1998-08-26	9.06	9.09	9.00	9.03		20100
1998-08-27	8.86	8.86	8.60	8.60		27800
1998-08-28	8.80	8.86	8.66	8.74		30300
1998-08-31	8.77	8.77	8.40	8.40		50000
1998-09-01	8.63	8.92	8.63	8.80		91200
1998-09-02	8.92	9.14	8.86	8.97		119600
1998-09-03	8.86	8.97	8.80	8.83		62300
1998-09-04	8.97	9.00	8.77	8.77		101900
1998-09-08	9.23	9.34	9.23	9.34		70800
1998-09-09	9.29	9.29	9.12	9.12		67000
1998-09-10	8.92	8.97	8.83	8.92		29800
1998-09-11	8.86	8.97	8.86	8.89		33300
1998-09-14	9.14	9.20	9.12	9.14		28800
1998-09-15	9.14	9.29	9.14	9.26		19000
1998-09-16	9.29	9.40	9.29	9.37		6900
1998-09-17	8.89	8.89	8.80	8.86		28900
1998-09-18	8.66	8.74	8.60	8.72		10400
1998-09-21	8.32	8.57	8.32	8.57		22100
1998-09-22	8.54	8.57	8.40	8.52		32200
1998-09-23	8.66	8.69	8.60	8.69		12300
1998-09-24	8.69	8.69	8.52	8.60		16300
1998-09-25	8.29	8.34	8.23	8.29		99600
1998-09-28	8.37	8.46	8.37	8.37		21100
1998-09-29	8.37	8.46	8.34	8.34		88300
1998-09-30	8.26	8.26	8.12	8.12		31200
1998-10-01	7.92	8.23	7.83	7.83		84600
1998-10-02	7.80	7.92	7.72	7.83		40300
1998-10-05	7.86	7.86	7.72	7.77		59100
1998-10-06	8.12	8.20	8.06	8.06		22300
1998-10-07	8.12	8.23	8.12	8.14		17900
1998-10-08	7.94	7.94	7.74	7.86		49300
1998-10-09	8.03	8.06	7.92	8.06		43000
1998-10-12	8.37	8.37	8.32	8.32		105900
1998-10-13	8.46	8.52	8.46	8.52		6700
1998-10-14	8.63	8.69	8.54	8.69		59600
1998-10-15	8.69	9.20	8.69	9.20		34800
1998-10-16	8.92	8.97	8.83	8.86		33300
1998-10-19	9.00	9.00	8.89	8.89		28400
1998-10-20	8.92	9.03	8.92	8.94		7200
1998-10-21	8.94	8.94	8.86	8.89		3300
1998-10-22	8.86	8.92	8.86	8.92		18700
1998-10-23	8.77	8.80	8.74	8.80		5500
1998-10-26	8.92	9.00	8.89	9.00		11700
1998-10-27	9.12	9.14	9.06	9.09		6100
1998-10-28	8.89	8.97	8.89	8.94		2400
1998-10-29	8.92	8.97	8.92	8.97		12300
1998-10-30	9.00	9.12	9.00	9.12		32200
1998-11-02	9.32	9.43	9.23	9.43		63400
1998-11-03	9.23	9.23	9.14	9.23		10400
1998-11-04	9.32	9.46	9.32	9.43		10900
1998-11-05	9.34	9.37	9.26	9.37		21500
1998-11-06	9.32	9.32	9.20	9.26		13800
1998-11-09	9.12	9.12	9.00	9.03		9600
1998-11-10	8.97	9.03	8.92	9.03		9100
1998-11-11	9.09	9.09	8.97	9.03		4300
1998-11-12	8.86	9.03	8.86	9.03		5200
1998-11-13	8.92	9.06	8.92	9.06		5800
1998-11-16	9.29	9.32	9.26	9.32		7000
1998-11-17	9.23	9.37	9.14	9.26		196000
1998-11-18	9.20	9.29	9.20	9.29		4500
1998-11-19	9.40	9.43	9.32	9.40		12100
1998-11-20	9.43	9.54	9.43	9.52		10200
1998-11-23	9.54	9.60	9.52	9.54		91400
1998-11-24	9.54	9.63	9.52	9.57		17100
1998-11-25	9.57	9.63	9.54	9.63		4800
1998-11-27	9.77	9.80	9.72	9.77		32800
1998-11-30	9.74	9.74	9.43	9.43		19900
1998-12-01	9.29	9.40	9.26	9.40		10500
1998-12-02	9.26	9.26	9.14	9.17		21800
1998-12-03	9.34	9.37	9.20	9.20		17400
1998-12-04	9.46	9.46	9.37	9.46		13600
1998-12-07	9.37	9.49	9.34	9.46		75800
1998-12-08	9.52	9.52	9.43	9.43		8300
1998-12-09	9.49	9.54	9.46	9.54		7700
1998-12-10	9.57	9.57	9.43	9.43		17800
1998-12-11	9.32	9.43	9.32	9.43		7900
1998-12-14	9.32	9.40	9.20	9.20		20400
1998-12-15	9.26	9.37	9.26	9.37		8000
1998-12-16	9.40	9.43	9.23	9.32		47000
1998-12-17	9.43	9.52	9.37	9.43		23700
1998-12-18	9.49	9.49	9.34	9.34		23600
1998-12-21	9.49	9.66	9.49	9.66		27400
1998-12-22	9.78	9.86	9.78	9.86		19500
1998-12-23	9.92	9.98	9.81	9.98		9600
1998-12-24	9.98	9.98	9.92	9.92		1500
1998-12-28	9.95	9.95	9.84	9.84		20200
1998-12-29	9.95	10.07	9.86	10.07		15100
1998-12-30	10.01	10.10	9.95	10.10		35700
1998-12-31	10.16	10.16	10.04	10.07		5800
1999-01-04	10.65	10.83	10.53	10.74		33900
1999-01-05	10.77	10.83	10.77	10.80		21800
1999-01-06	11.09	11.12	10.94	11.03		37900
1999-01-07	10.83	10.97	10.80	10.94		52900
1999-01-08	10.88	10.88	10.71	10.77		16700
1999-01-11	10.59	10.59	10.48	10.56		17600
1999-01-12	10.51	10.51	10.30	10.36		16600
1999-01-13	9.92	10.19	9.78	10.07		40400
1999-01-14	10.24	10.24	10.07	10.07		31600
1999-01-15	10.21	10.36	10.21	10.30		29800
1999-01-19	10.59	10.59	10.33	10.51		18000
1999-01-20	10.56	10.68	10.39	10.48		38200
1999-01-21	10.39	10.53	10.30	10.30		92900
1999-01-22	10.19	10.24	10.13	10.13		22400
1999-01-25	10.30	10.30	10.13	10.24		16700
1999-01-26	10.27	10.30	10.27	10.30		2200
1999-01-27	10.27	10.27	10.16	10.19		13900
1999-01-28	10.39	10.53	10.39	10.53		15200
1999-01-29	10.48	10.53	10.39	10.53		22700
1999-02-01	10.59	10.59	10.48	10.48		9500
1999-02-02	10.42	10.45	10.39	10.39		20300
1999-02-03	10.27	10.33	10.21	10.27		77800
1999-02-04	10.24	10.33	10.13	10.16		25300
1999-02-05	10.19	10.21	10.13	10.21		6300
1999-02-08	10.13	10.24	10.10	10.24		37200
1999-02-09	10.04	10.04	9.81	9.81		25700
1999-02-10	9.81	9.86	9.78	9.81		3100
1999-02-11	9.98	10.07	9.95	10.01		23100
1999-02-12	10.01	10.01	9.86	9.86		10400
1999-02-16	9.89	9.92	9.84	9.84		4000
1999-02-17	9.63	9.81	9.63	9.66		17200
1999-02-18	9.72	9.86	9.72	9.78		6700
1999-02-19	9.75	10.01	9.72	10.01		2900
1999-02-22	9.89	10.10	9.78	10.10		9500
1999-02-23	10.01	10.07	9.98	10.04		11100
1999-02-24	10.04	10.10	9.98	9.98		22800
1999-02-25	9.89	9.92	9.78	9.84		8100
1999-02-26	9.78	9.78	9.69	9.72		4500
1999-03-01	9.63	9.63	9.52	9.54		5000
1999-03-02	9.60	9.69	9.52	9.60		28800
1999-03-03	9.60	9.66	9.49	9.54		13900
1999-03-04	9.49	9.60	9.49	9.54		34200
1999-03-05	9.95	9.95	9.84	9.84		2100
1999-03-08	9.95	9.95	9.84	9.92		8900
1999-03-09	9.81	9.89	9.75	9.78		9100
1999-03-10	9.98	10.01	9.89	10.01		6300
1999-03-11	9.89	10.30	9.86	10.30		29100
1999-03-12	10.07	10.16	10.01	10.04		3800
1999-03-15	10.10	10.10	9.95	10.04		7900
1999-03-16	9.98	10.04	9.95	10.04		7700
1999-03-17	10.10	10.10	9.98	9.98		20600
1999-03-18	9.89	9.95	9.89	9.95		3400
1999-03-19	10.07	10.07	10.01	10.01		5800
1999-03-22	10.01	10.04	9.95	10.01		6400
1999-03-23	9.86	9.86	9.57	9.57		10100
1999-03-24	9.63	9.72	9.46	9.46		35100
1999-03-25	9.75	9.89	9.72	9.89		59600
1999-03-26	9.72	9.75	9.54	9.75		15700
1999-03-29	9.63	9.72	9.60	9.63		24700
1999-03-30	9.75	9.75	9.69	9.69		6100
1999-03-31	9.86	9.92	9.81	9.84		13300
1999-04-01	9.86	9.98	9.86	9.98		35000
1999-04-05	10.10	10.10	10.01	10.04		18000
1999-04-06	10.13	10.13	10.04	10.10		4300
1999-04-07	10.21	10.21	10.13	10.13		700
1999-04-08	10.21	10.39	10.21	10.33		5600
1999-04-09	10.21	10.30	10.19	10.24		15000
1999-04-12	10.13	10.27	10.13	10.27		9200
1999-04-13	10.19	10.27	10.19	10.27		7600
1999-04-14	10.30	10.36	10.16	10.27		63900
1999-04-15	10.07	10.13	10.04	10.07		13400
1999-04-16	9.84	10.07	9.84	9.98		5600
1999-04-19	10.10	10.24	10.07	10.07		17300
1999-04-20	9.95	9.95	9.89	9.95		6200
1999-04-21	9.89	9.98	9.89	9.95		14800
1999-04-22	10.01	10.01	9.89	9.89		4000
1999-04-23	9.95	9.95	9.89	9.95		7800
1999-04-26	10.07	10.07	9.86	9.86		10500
1999-04-27	10.13	10.21	10.13	10.21		9700
1999-04-28	10.16	10.19	10.10	10.10		62700
1999-04-29	10.19	10.19	10.07	10.19		28100
1999-04-30	10.16	10.21	10.07	10.10		6600
1999-05-03	10.16	10.30	10.16	10.30		24000
1999-05-04	10.30	10.33	10.19	10.19		15400
1999-05-05	10.24	10.33	10.19	10.33		16000
1999-05-06	10.45	10.45	10.24	10.24		3700
1999-05-07	10.24	10.30	10.19	10.24		3500
1999-05-10	10.07	10.24	10.07	10.21		22300
1999-05-11	10.24	10.36	10.24	10.33		7900
1999-05-12	10.16	10.21	10.07	10.19		18000
1999-05-13	10.30	10.39	10.27	10.39		53000
1999-05-14	10.19	10.24	10.10	10.13		47300
1999-05-17	9.98	10.07	9.98	10.07		21000
1999-05-18	10.07	10.10	10.07	10.07		7500
1999-05-19	10.13	10.24	10.13	10.19		14200
1999-05-20	10.24	10.36	10.24	10.33		7700
1999-05-21	10.30	10.33	10.24	10.27		22900
1999-05-24	10.24	10.36	10.21	10.27		2200
1999-05-25	10.10	10.24	10.10	10.13		4600
1999-05-26	10.10	10.13	10.01	10.13		29000
1999-05-27	9.95	9.98	9.84	9.84		4000
1999-05-28	9.92	9.95	9.89	9.95		3600
1999-06-01	9.95	9.98	9.95	9.95		48300
1999-06-02	9.95	9.95	9.89	9.89		1100
1999-06-03	10.01	10.04	9.95	10.04		3900
1999-06-04	9.89	10.01	9.89	10.01		4200
1999-06-07	9.98	10.07	9.95	10.07		3000
1999-06-08	10.30	10.30	10.16	10.16		15900
1999-06-09	10.24	10.33	10.19	10.19		42600
1999-06-10	10.24	10.24	10.24	10.24		10600
1999-06-11	10.19	10.33	10.19	10.30		10900
1999-06-14	10.10	10.19	10.10	10.19		34100
1999-06-15	10.10	10.24	10.10	10.21		3900
1999-06-16	10.24	10.36	10.24	10.36		93400
1999-06-17	10.24	10.36	9.95	10.36		10900
1999-06-18	10.45	10.48	10.39	10.48		28900
1999-06-21	10.48	10.51	10.39	10.51		58700
1999-06-22	10.33	10.33	10.24	10.33		2200
1999-06-23	10.24	10.24	10.13	10.24		9000
1999-06-24	10.27	10.27	10.21	10.21		15500
1999-06-25	10.21	10.30	10.19	10.30		3300
1999-06-28	10.19	10.24	10.19	10.19		56500
1999-06-29	10.27	10.33	10.27	10.30		2800
1999-06-30	10.33	10.53	10.30	10.48		17300
1999-07-01	10.48	10.56	10.48	10.56		13800
1999-07-02	10.48	10.56	10.45	10.45		11400
1999-07-06	10.42	10.59	10.42	10.59		27100
1999-07-07	10.48	10.65	10.48	10.59		16900
1999-07-08	10.39	10.53	10.39	10.53		5700
1999-07-09	10.48	10.56	10.48	10.53		14100
1999-07-12	10.56	10.56	10.45	10.48		161600
1999-07-13	10.39	10.39	10.21	10.24		33900
1999-07-14	10.30	10.53	10.30	10.45		30600
1999-07-15	10.56	10.56	10.56	10.56		600
1999-07-16	10.51	10.59	10.51	10.53		13400
1999-07-19	10.48	10.56	10.33	10.56		14800
1999-07-20	10.56	10.56	10.39	10.39		21500
1999-07-21	10.42	10.48	10.42	10.45		15300
1999-07-22	10.39	10.45	10.30	10.30		54900
1999-07-23	10.33	10.39	10.33	10.33		3700
1999-07-26	10.45	10.45	10.36	10.36		3800
1999-07-27	10.42	10.53	10.39	10.48		9800
1999-07-28	10.45	10.48	10.42	10.45		3000
1999-07-29	10.27	10.39	10.27	10.39		6300
1999-07-30	10.36	10.45	10.36	10.42		3800
1999-08-02	10.27	10.42	10.27	10.33		10400
1999-08-03	10.24	10.24	10.16	10.19		6200
1999-08-04	10.39	10.42	10.36	10.39		92400
1999-08-05	10.30	10.30	10.16	10.21		430700
1999-08-06	10.13	10.21	10.13	10.13		700
1999-08-09	10.27	10.42	10.27	10.33		24900
1999-08-10	10.27	10.27	10.07	10.07		10700
1999-08-11	10.16	10.30	10.13	10.30		167000
1999-08-12	10.27	10.33	10.21	10.33		41000
1999-08-13	10.42	10.48	10.42	10.42		5000
1999-08-16	10.48	10.51	10.42	10.48		10100
1999-08-17	10.51	10.51	10.42	10.51		17700
1999-08-18	10.48	10.51	10.42	10.45		20200
1999-08-19	10.45	10.48	10.42	10.48		6000
1999-08-20	10.59	10.62	10.51	10.62		5500
1999-08-23	10.65	10.65	10.51	10.59		8500
1999-08-24	10.42	10.53	10.42	10.53		6800
1999-08-25	10.77	10.83	10.77	10.83		15000
1999-08-26	10.74	10.83	10.71	10.83		13800
1999-08-27	10.89	10.89	10.86	10.86		3700
1999-08-30	10.89	10.89	10.80	10.80		1000
1999-08-31	10.86	10.89	10.80	10.80		10000
1999-09-01	10.89	10.97	10.89	10.97		6500
1999-09-02	10.80	10.89	10.80	10.86		2600
1999-09-03	11.00	11.03	11.00	11.00		5100
1999-09-07	11.06	11.06	11.06	11.06		4600
1999-09-08	11.03	11.06	11.03	11.06		10900
1999-09-09	11.06	11.15	11.03	11.03		9000
1999-09-10	11.06	11.06	11.03	11.06		5600
1999-09-13	10.86	10.97	10.83	10.89		44000
1999-09-14	10.95	10.95	10.86	10.86		8300
1999-09-15	10.80	10.89	10.80	10.89		10700
1999-09-16	10.77	10.86	10.71	10.86		62800
1999-09-17	10.80	10.89	10.71	10.89		14600
1999-09-20	10.80	10.89	10.80	10.86		41300
1999-09-21	10.74	10.74	10.62	10.74		15100
1999-09-22	10.68	10.74	10.65	10.74		6000
1999-09-23	10.71	10.71	10.65	10.65		16000
1999-09-24	10.65	10.71	10.59	10.62		30200
1999-09-27	10.56	10.71	10.56	10.71		15000
1999-09-28	10.59	10.77	10.59	10.71		119300
1999-09-29	10.68	10.83	10.68	10.74		114700
1999-09-30	10.80	10.86	10.77	10.86		33500
1999-10-01	10.89	10.92	10.80	10.92		86100
1999-10-04	10.97	11.00	10.86	11.00		72200
1999-10-05	11.00	11.03	10.92	10.92		42200
1999-10-06	11.09	11.15	11.06	11.15		120300
1999-10-07	11.24	11.27	11.12	11.18		35600
1999-10-08	11.18	11.18	11.00	11.12		11100
1999-10-11	11.12	11.15	11.09	11.09		8000
1999-10-12	10.92	11.00	10.92	11.00		113100
1999-10-13	10.92	10.95	10.83	10.95		122400
1999-10-14	10.83	10.92	10.83	10.92		359800
1999-10-15	10.80	10.89	10.77	10.83		6400
1999-10-18	10.74	10.86	10.74	10.83		72900
1999-10-19	11.00	11.09	10.89	11.03		22700
1999-10-20	10.97	11.06	10.92	10.92		13000
1999-10-21	11.03	11.06	10.92	11.06		1400
1999-10-22	11.06	11.06	11.00	11.06		33100
1999-10-25	11.09	11.12	10.97	11.12		10000
1999-10-26	11.00	11.09	10.97	11.09		43100
1999-10-27	11.06	11.06	10.92	11.00		39100
1999-10-28	11.18	11.30	11.06	11.30		14500
1999-10-29	11.36	11.42	11.33	11.36		21200
1999-11-01	11.39	11.50	11.36	11.50		41100
1999-11-02	11.27	11.45	11.27	11.45		20500
1999-11-03	11.45	11.50	11.39	11.42		59900
1999-11-04	11.47	11.59	11.36	11.36		21900
1999-11-05	11.47	11.47	11.36	11.47		23700
1999-11-08	11.36	11.45	11.36	11.45		31300
1999-11-09	11.56	11.59	11.42	11.50		28600
1999-11-10	11.50	11.65	11.39	11.65		12700
1999-11-11	11.74	11.74	11.62	11.71		32400
1999-11-12	11.71	11.80	11.62	11.77		20100
1999-11-15	11.74	11.77	11.62	11.77		20100
1999-11-16	11.74	11.83	11.74	11.80		38700
1999-11-17	11.86	11.86	11.86	11.86		4300
1999-11-18	11.98	12.00	11.92	11.92		25900
1999-11-19	11.80	11.98	11.80	11.98		25600
1999-11-22	11.89	11.89	11.77	11.77		25900
1999-11-23	11.86	11.86	11.62	11.62		31300
1999-11-24	11.59	11.68	11.56	11.68		190800
1999-11-26	12.06	12.06	11.95	12.00		7700
1999-11-29	12.00	12.00	11.83	11.95		26700
1999-11-30	11.68	11.83	11.65	11.77		6600
1999-12-01	11.77	11.89	11.77	11.89		8700
1999-12-02	11.77	11.92	11.77	11.92		17100
1999-12-03	12.00	12.06	11.95	11.95		19600
1999-12-06	12.36	12.39	11.86	12.36		86400
1999-12-07	12.42	12.53	12.42	12.50		23700
1999-12-08	12.45	12.45	12.30	12.45		25200
1999-12-09	12.30	12.45	12.30	12.42		17500
1999-12-10	12.36	12.36	12.27	12.30		14800
1999-12-13	12.30	12.42	12.21	12.42		9100
1999-12-14	12.30	12.39	12.27	12.39		11100
1999-12-15	12.24	12.39	12.12	12.36		30900
1999-12-16	12.48	12.48	12.33	12.36		29100
1999-12-17	12.48	12.48	12.36	12.42		13100
1999-12-20	12.33	12.42	12.33	12.39		18500
1999-12-21	12.27	12.42	12.21	12.36		38000
1999-12-22	12.39	12.51	12.36	12.51		64800
1999-12-23	12.66	12.84	12.66	12.84		17300
1999-12-27	13.02	13.14	13.02	13.08		10000
1999-12-28	12.87	13.05	12.84	12.93		25400
1999-12-29	12.93	12.93	12.75	12.75		27800
1999-12-30	13.02	13.14	12.99	13.14		116700
1999-12-31	13.29	13.29	13.17	13.29		53300
2000-01-03	13.47	13.47	13.20	13.41		74800
2000-01-04	12.87	12.90	12.60	12.60		52200
2000-01-05	12.48	12.57	12.33	12.51		156000
2000-01-06	12.33	12.51	12.33	12.45		73400
2000-01-07	12.51	12.75	12.51	12.69		106100
2000-01-10	12.93	12.96	12.78	12.87		22900
2000-01-11	12.72	12.84	12.66	12.81		56300
2000-01-12	12.81	12.81	12.54	12.69		15400
2000-01-13	12.72	12.84	12.66	12.78		10200
2000-01-14	12.99	13.05	12.93	13.05		96800
2000-01-18	12.75	12.78	12.60	12.73		30600
2000-01-19	12.51	12.69	12.48	12.69		22100
2000-01-20	12.81	12.81	12.60	12.81		18100
2000-01-21	12.75	12.75	12.51	12.57		16000
2000-01-24	12.69	12.75	12.42	12.42		29300
2000-01-25	12.45	12.51	12.33	12.48		28800
2000-01-26	12.60	12.72	12.57	12.63		12800
2000-01-27	12.63	12.78	12.63	12.69		32800
2000-01-28	12.42	12.45	12.03	12.03		56300
2000-01-31	12.21	12.36	12.00	12.18		37400
2000-02-01	12.45	12.51	12.33	12.45		113000
2000-02-02	12.69	12.87	12.66	12.87		45400
2000-02-03	13.17	13.56	12.99	13.56		32400
2000-02-04	13.68	13.71	13.56	13.71		20500
2000-02-07	13.71	13.74	13.35	13.47		79100
2000-02-08	14.01	14.01	13.86	13.89		18000
2000-02-09	13.86	13.98	13.74	13.86		95200
2000-02-10	13.68	13.68	13.50	13.62		29400
2000-02-11	13.59	13.77	13.41	13.68		210800
2000-02-14	13.74	13.74	13.53	13.71		32700
2000-02-15	13.47	13.47	13.35	13.38		33400
2000-02-16	13.20	13.26	13.14	13.23		77300
2000-02-17	13.62	13.68	13.44	13.53		20100
2000-02-18	13.29	13.41	13.05	13.17		22700
2000-02-22	13.26	13.35	13.20	13.35		122000
2000-02-23	13.53	13.53	13.38	13.41		91700
2000-02-24	13.59	13.59	13.32	13.44		42300
2000-02-25	13.53	13.53	13.38	13.53		13200
2000-02-28	13.17	13.26	13.02	13.17		16000
2000-02-29	13.44	13.62	13.44	13.59		77700
2000-03-01	13.47	13.68	13.38	13.68		14800
2000-03-02	13.77	14.04	13.74	14.04		54400
2000-03-03	14.19	14.19	14.07	14.13		37200
2000-03-06	14.04	14.16	13.98	13.98		22700
2000-03-07	14.07	14.07	13.71	13.71		71100
2000-03-08	13.71	13.77	13.56	13.77		60100
2000-03-09	13.83	13.98	13.74	13.98		94900
2000-03-10	13.89	14.07	13.89	14.07		20100
2000-03-13	13.62	13.65	13.53	13.62		210300
2000-03-14	13.65	13.74	13.59	13.59		19400
2000-03-15	13.32	13.44	13.26	13.44		7900
2000-03-16	13.68	13.74	13.56	13.74		28000
2000-03-17	13.71	13.77	13.62	13.77		32600
2000-03-20	13.92	13.92	13.74	13.86		29100
2000-03-21	13.59	13.71	13.59	13.67		23600
2000-03-22	13.59	13.59	13.44	13.56		295600
2000-03-23	13.47	13.77	13.41	13.77		66300
2000-03-24	13.71	13.89	13.71	13.89		24100
2000-03-27	14.01	14.04	13.83	13.95		29500
2000-03-28	14.19	14.19	13.92	13.92		48300
2000-03-29	13.92	13.95	13.71	13.83		46500
2000-03-30	13.47	13.59	13.44	13.56		35000
2000-03-31	13.53	13.53	13.35	13.35		16500
2000-04-03	13.20	13.20	12.96	13.08		53500
2000-04-04	13.17	13.23	12.75	13.11		80000
2000-04-05	12.81	13.05	12.81	13.02		41300
2000-04-06	13.20	13.32	13.20	13.32		23600
2000-04-07	13.44	13.44	13.26	13.35		55800
2000-04-10	13.68	13.71	13.47	13.47		34400
2000-04-11	13.38	13.41	13.26	13.29		21300
2000-04-12	13.41	13.41	13.17	13.17		50700
2000-04-13	13.26	13.29	13.23	13.23		15500
2000-04-14	12.87	12.99	12.75	12.87		39900
2000-04-17	12.48	12.93	12.48	12.93		21200
2000-04-18	12.99	12.99	12.78	12.99		34700
2000-04-19	12.93	13.02	12.84	12.84		9000
2000-04-20	12.96	13.05	12.90	12.96		5600
2000-04-24	12.96	12.96	12.84	12.84		2100
2000-04-25	12.90	12.99	12.90	12.96		7000
2000-04-26	13.08	13.17	13.05	13.05		17200
2000-04-27	12.60	12.69	12.57	12.69		8400
2000-04-28	12.93	13.05	12.93	13.02		8800
2000-05-01	13.05	13.11	12.99	13.11		3000
2000-05-02	13.20	13.23	13.17	13.23		9200
2000-05-03	12.87	12.87	12.63	12.63		30200
2000-05-04	12.75	12.87	12.75	12.87		52800
2000-05-05	12.81	13.08	12.81	13.08		56100
2000-05-08	12.90	12.96	12.87	12.87		14700
2000-05-09	12.45	12.45	12.30	12.39		5300
2000-05-10	12.69	12.78	12.57	12.63		43800
2000-05-11	12.69	12.93	12.69	12.79		7400
2000-05-12	13.02	13.23	13.02	13.23		109600
2000-05-15	13.20	13.23	13.08	13.14		54800
2000-05-16	13.20	13.35	13.17	13.35		17300
2000-05-17	12.84	12.93	12.84	12.90		24100
2000-05-18	13.02	13.02	12.87	12.87		73300
2000-05-19	12.45	12.51	12.39	12.45		20700
2000-05-22	12.45	12.45	12.21	12.30		26100
2000-05-23	12.39	12.51	12.39	12.39		18800
2000-05-24	12.36	12.39	12.24	12.30		31000
2000-05-25	12.39	12.48	12.36	12.39		26000
2000-05-26	12.54	12.81	12.45	12.78		35700
2000-05-30	13.23	13.29	13.17	13.26		154000
2000-05-31	13.35	13.53	13.29	13.53		104400
2000-06-01	13.65	13.83	13.62	13.83		14800
2000-06-02	14.34	14.40	14.13	14.22		19000
2000-06-05	14.04	14.25	14.04	14.25		40800
2000-06-06	14.22	14.25	14.10	14.10		23500
2000-06-07	13.98	14.10	13.86	13.92		49200
2000-06-08	14.04	14.10	13.86	13.89		19300
2000-06-09	14.01	14.01	13.92	13.92		15600
2000-06-12	14.01	14.10	13.95	13.95		21800
2000-06-13	14.10	14.28	14.07	14.28		17000
2000-06-14	14.19	14.31	14.16	14.28		19800
2000-06-15	14.16	14.16	13.95	14.01		28200
2000-06-16	14.01	14.07	13.89	13.89		28100
2000-06-19	14.07	14.10	13.98	14.07		62300
2000-06-20	14.10	14.13	14.07	14.13		28000
2000-06-21	13.83	13.86	13.74	13.83		29000
2000-06-22	13.83	13.86	13.71	13.77		113600
2000-06-23	13.77	13.86	13.74	13.77		15600
2000-06-26	13.89	13.98	13.83	13.98		31400
2000-06-27	13.83	14.01	13.83	13.89		30800
2000-06-28	13.92	14.10	13.89	14.07		23600
2000-06-29	13.95	13.95	13.65	13.65		15700
2000-06-30	13.89	13.89	13.77	13.86		41000
2000-07-03	13.86	14.01	13.77	13.92		12500
2000-07-05	13.92	13.95	13.77	13.77		30400
2000-07-06	13.80	13.86	13.77	13.86		29100
2000-07-07	13.92	14.04	13.92	14.04		16100
2000-07-10	14.07	14.07	14.01	14.07		13600
2000-07-11	13.89	13.95	13.83	13.95		14300
2000-07-12	14.07	14.07	13.86	13.95		30000
2000-07-13	13.98	13.98	13.80	13.92		164000
2000-07-14	13.95	13.98	13.89	13.92		17300
2000-07-17	13.98	14.01	13.89	14.01		18900
2000-07-18	13.80	13.89	13.65	13.77		49900
2000-07-19	13.50	13.59	13.47	13.56		14100
2000-07-20	13.59	13.86	13.56	13.86		145600
2000-07-21	13.65	13.68	13.56	13.68		15400
2000-07-24	13.65	13.71	13.65	13.68		2300
2000-07-25	13.80	13.80	13.65	13.77		10000
2000-07-26	13.68	13.77	13.68	13.74		101100
2000-07-27	13.80	13.80	13.65	13.68		82000
2000-07-28	13.47	13.53	13.35	13.35		6400
2000-07-31	13.53	13.68	13.41	13.59		65100
2000-08-01	13.62	13.68	13.44	13.47		63600
2000-08-02	13.29	13.53	13.29	13.38		29600
2000-08-03	12.99	13.08	12.87	12.99		26200
2000-08-04	13.11	13.14	13.11	13.11		5700
2000-08-07	13.32	13.38	13.26	13.32		257100
2000-08-08	13.32	13.35	13.23	13.32		32900
2000-08-09	13.29	13.41	13.29	13.35		55600
2000-08-10	13.44	13.47	13.38	13.44		24500
2000-08-11	13.38	13.44	13.29	13.32		23600
2000-08-14	13.44	13.53	13.38	13.50		64400
2000-08-15	13.68	13.68	13.59	13.68		38600
2000-08-16	13.71	13.74	13.65	13.74		78800
2000-08-17	13.65	13.71	13.62	13.68		16000
2000-08-18	13.53	13.59	13.44	13.47		22600
2000-08-21	13.38	13.41	13.32	13.35		6000
2000-08-22	13.26	13.29	13.14	13.26		33300
2000-08-23	13.17	13.32	13.11	13.23		36000
2000-08-24	13.19	13.25	13.16	13.25		20900
2000-08-25	13.38	13.47	13.38	13.47		11900
2000-08-28	13.44	13.47	13.38	13.47		6400
2000-08-29	13.44	13.51	13.38	13.44		17400
2000-08-30	13.44	13.47	13.35	13.35		19400
2000-08-31	13.44	13.44	13.22	13.35		28900
2000-09-01	13.79	13.88	13.73	13.88		42200
2000-09-05	13.85	13.88	13.73	13.73		51900
2000-09-06	13.51	13.57	13.32	13.41		28500
2000-09-07	13.41	13.54	13.35	13.54		39400
2000-09-08	13.22	13.22	13.10	13.19		40700
2000-09-11	12.94	13.06	12.94	13.03		25400
2000-09-12	13.03	13.10	12.97	13.10		31900
2000-09-13	12.88	12.94	12.78	12.88		28900
2000-09-14	13.00	13.00	12.88	12.91		31000
2000-09-15	12.91	12.91	12.75	12.75		66000
2000-09-18	12.72	12.72	12.50	12.56		35400
2000-09-19	12.53	12.66	12.53	12.59		17200
2000-09-20	12.40	12.40	12.21	12.28		14500
2000-09-21	12.12	12.15	12.03	12.09		31600
2000-09-22	12.34	12.47	12.28	12.47		72600
2000-09-25	12.56	12.56	12.47	12.53		26000
2000-09-26	12.56	12.59	12.47	12.56		15000
2000-09-27	12.72	12.72	12.50	12.59		42100
2000-09-28	12.59	12.69	12.50	12.69		102500
2000-09-29	12.47	12.53	12.40	12.47		41600
2000-10-02	12.50	12.62	12.47	12.53		1900
2000-10-03	12.53	12.66	12.53	12.62		6900
2000-10-04	12.47	12.47	12.37	12.47		13200
2000-10-05	12.43	12.43	12.31	12.31		189100
2000-10-06	12.34	12.37	12.09	12.09		29400
2000-10-09	12.09	12.09	11.90	11.90		14100
2000-10-10	11.96	12.06	11.87	11.90		72900
2000-10-11	11.68	11.77	11.65	11.74		23100
2000-10-12	11.71	11.71	11.43	11.46		91800
2000-10-13	11.46	11.77	11.46	11.65		19500
2000-10-16	11.62	11.65	11.52	11.65		9200
2000-10-17	11.71	11.71	11.49	11.59		24100
2000-10-18	11.18	11.40	11.14	11.21		17600
2000-10-19	11.36	11.59	11.36	11.59		30400
2000-10-20	11.40	11.71	11.40	11.71		26800
2000-10-23	11.49	11.65	11.46	11.65		25000
2000-10-24	11.52	11.90	11.52	11.81		54300
2000-10-25	11.52	11.71	11.52	11.62		23200
2000-10-26	11.55	11.65	11.49	11.59		22600
2000-10-27	11.71	11.87	11.71	11.77		35700
2000-10-30	11.81	11.93	11.81	11.84		4300
2000-10-31	11.96	12.25	11.96	12.25		36800
2000-11-01	12.15	12.34	12.09	12.28		35800
2000-11-02	12.34	12.40	12.28	12.37		25900
2000-11-03	12.47	12.50	12.34	12.50		84600
2000-11-06	12.37	12.37	12.15	12.18		42300
2000-11-07	12.15	12.34	12.15	12.34		4200
2000-11-08	12.21	12.31	12.09	12.18		10200
2000-11-09	12.12	12.15	12.09	12.15		29500
2000-11-10	12.03	12.03	11.87	11.87		14400
2000-11-13	11.62	11.77	11.62	11.65		124100
2000-11-14	11.84	12.06	11.81	11.99		31200
2000-11-15	12.03	12.18	12.03	12.12		29300
2000-11-16	12.03	12.06	11.96	11.96		16400
2000-11-17	11.93	11.93	11.71	11.77		25200
2000-11-20	11.68	11.68	11.46	11.52		16000
2000-11-21	11.49	11.62	11.49	11.52		19900
2000-11-22	11.43	11.43	11.21	11.21		38800
2000-11-24	11.55	11.59	11.52	11.59		7000
2000-11-27	11.77	11.81	11.71	11.81		21300
2000-11-28	11.68	11.77	11.59	11.65		6900
2000-11-29	11.55	11.71	11.55	11.65		2300
2000-11-30	11.65	11.65	11.49	11.52		14100
2000-12-01	11.55	11.62	11.55	11.62		28000
2000-12-04	11.59	11.59	11.49	11.52		32600
2000-12-05	11.65	11.84	11.62	11.71		233900
2000-12-06	11.84	11.93	11.81	11.90		19500
2000-12-07	11.90	11.90	11.84	11.87		10800
2000-12-08	12.15	12.21	11.65	11.81		42600
2000-12-11	11.90	11.96	11.90	11.96		100600
2000-12-12	11.81	11.87	11.77	11.81		28200
2000-12-13	11.77	11.84	11.68	11.77		36300
2000-12-14	11.68	11.81	11.68	11.74		7300
2000-12-15	11.77	11.77	11.74	11.77		99000
2000-12-18	11.87	11.87	11.74	11.74		40900
2000-12-19	11.87	11.93	11.84	11.93		40200
2000-12-20	12.67	12.78	12.64	12.71		34500
2000-12-21	12.71	12.81	12.57	12.74		42100
2000-12-22	13.05	13.05	12.91	12.95		12500
2000-12-26	13.08	13.08	13.01	13.01		13400
2000-12-27	13.15	13.22	13.15	13.19		11100
2000-12-28	13.36	13.36	13.22	13.36		16600
2000-12-29	13.32	13.56	13.32	13.46		55500
2001-01-02	13.53	13.53	13.32	13.46		56000
2001-01-03	13.08	13.32	12.91	13.25		94100
2001-01-04	13.29	13.32	13.19	13.32		37900
2001-01-05	13.46	13.46	13.29	13.32		51500
2001-01-08	13.15	13.29	13.12	13.12		53500
2001-01-09	13.05	13.05	12.88	13.01		49800
2001-01-10	12.84	12.95	12.81	12.95		8400
2001-01-11	13.05	13.19	13.05	13.15		16000
2001-01-12	13.25	13.42	13.25	13.42		32900
2001-01-16	13.25	13.25	13.08	13.19		31800
2001-01-17	13.32	13.36	13.25	13.36		123000
2001-01-18	13.36	13.42	13.25	13.42		11500
2001-01-19	13.39	13.49	13.25	13.25		48300
2001-01-22	13.15	13.36	13.15	13.36		18800
2001-01-23	13.22	13.56	13.15	13.25		50700
2001-01-24	13.19	13.19	13.08	13.12		76800
2001-01-25	13.15	13.25	13.08	13.25		13900
2001-01-26	13.15	13.22	13.12	13.19		24500
2001-01-29	13.16	13.18	13.08	13.14		14900
2001-01-30	13.03	13.27	13.03	13.26		41800
2001-01-31	13.38	13.76	13.36	13.62		105200
2001-02-01	13.46	13.49	13.39	13.40		15300
2001-02-02	13.33	13.33	13.16	13.16		32500
2001-02-05	13.24	13.27	13.16	13.27		5300
2001-02-06	13.20	13.22	13.14	13.19		5500
2001-02-07	13.10	13.10	12.98	12.98		17300
2001-02-08	12.92	12.92	12.84	12.84		9000
2001-02-09	12.82	12.92	12.78	12.92		32800
2001-02-12	12.84	13.05	12.84	13.00		21000
2001-02-13	12.91	12.92	12.79	12.85		33000
2001-02-14	12.70	12.70	12.55	12.67		34600
2001-02-15	12.54	12.63	12.49	12.59		9300
2001-02-16	12.40	12.45	12.37	12.45		32200
2001-02-20	12.48	12.48	12.21	12.27		22900
2001-02-21	12.07	12.12	12.05	12.07		54500
2001-02-22	11.91	12.01	11.91	11.99		5600
2001-02-23	11.73	11.94	11.72	11.88		73400
2001-02-26	11.91	12.00	11.88	11.99		61200
2001-02-27	12.13	12.13	11.99	11.99		64300
2001-02-28	12.16	12.16	11.92	12.07		47500
2001-03-01	11.99	12.05	11.86	12.05		70500
2001-03-02	12.07	12.07	11.99	12.07		15700
2001-03-05	12.00	12.10	12.00	12.10		30700
2001-03-06	12.27	12.33	12.27	12.33		15100
2001-03-07	12.28	12.36	12.18	12.36		44900
2001-03-08	12.32	12.32	12.21	12.22		5200
2001-03-09	12.18	12.18	12.02	12.07		27700
2001-03-12	11.77	11.83	11.69	11.76		21700
2001-03-13	11.59	11.59	11.43	11.56		23600
2001-03-14	11.17	11.45	11.09	11.23		49300
2001-03-15	11.32	11.34	11.23	11.28		112900
2001-03-16	11.16	11.16	11.01	11.01		11900
2001-03-19	10.97	11.11	10.96	11.11		51000
2001-03-20	11.17	11.36	11.17	11.17		48600
2001-03-21	10.97	10.98	10.88	10.88		41400
2001-03-22	10.63	10.63	10.30	10.60		42200
2001-03-23	10.82	10.82	10.70	10.73		14600
2001-03-26	11.17	11.20	11.09	11.10		11500
2001-03-27	11.34	11.42	11.31	11.39		245200
2001-03-28	11.08	11.12	11.04	11.12		17500
2001-03-29	11.01	11.12	10.96	10.97		11900
2001-03-30	11.13	11.13	11.05	11.07		43400
2001-04-02	11.07	11.12	10.98	11.03		17400
2001-04-03	10.93	10.97	10.68	10.71		50900
2001-04-04	11.01	11.15	10.93	11.14		12200
2001-04-05	11.29	11.45	11.23	11.41		15200
2001-04-06	11.23	11.34	11.20	11.30		33500
2001-04-09	11.37	11.45	11.34	11.39		44800
2001-04-10	11.50	11.58	11.48	11.58		23100
2001-04-11	11.58	11.58	11.53	11.56		3300
2001-04-12	11.53	11.69	11.53	11.69		17900
2001-04-16	11.61	11.61	11.56	11.56		2900
2001-04-17	11.26	11.50	11.26	11.50		1800
2001-04-18	11.61	11.91	11.53	11.80		137800
2001-04-19	11.75	11.87	11.75	11.83		53400
2001-04-20	11.83	11.99	11.83	11.99		53300
2001-04-23	11.72	11.77	11.72	11.75		7000
2001-04-24	11.75	11.91	11.70	11.72		90700
2001-04-25	11.79	11.86	11.75	11.86		25000
2001-04-26	12.01	12.02	11.94	11.99		6000
2001-04-27	12.15	12.15	12.05	12.05		6800
2001-04-30	12.15	12.18	12.10	12.10		6400
2001-05-01	12.16	12.24	12.13	12.24		31300
2001-05-02	12.21	12.21	12.10	12.16		61700
2001-05-03	11.95	11.95	11.80	11.80		48000
2001-05-04	11.83	11.88	11.83	11.83		31800
2001-05-07	11.92	11.97	11.90	11.90		2000
2001-05-08	11.93	11.94	11.86	11.88		14800
2001-05-09	11.82	11.86	11.75	11.77		10600
2001-05-10	12.04	12.07	11.99	11.99		4700
2001-05-11	11.86	11.91	11.86	11.91		1800
2001-05-14	11.75	11.76	11.68	11.75		13700
2001-05-15	11.79	11.94	11.79	11.83		63600
2001-05-16	11.79	12.05	11.77	11.94		22000
2001-05-17	12.04	12.05	12.00	12.00		5600
2001-05-18	12.03	12.04	12.02	12.02		2000
2001-05-21	11.94	12.05	11.94	12.05		35200
2001-05-22	12.10	12.11	11.94	12.05		16500
2001-05-23	11.94	11.94	11.75	11.75		114600
2001-05-24	11.92	11.92	11.81	11.83		29100
2001-05-25	11.80	11.80	11.67	11.67		21900
2001-05-29	11.67	11.71	11.59	11.59		25700
2001-05-30	11.47	11.56	11.42	11.53		25200
2001-05-31	11.39	11.39	11.29	11.32		13300
2001-06-01	11.33	11.33	11.26	11.29		39900
2001-06-04	11.34	11.40	11.31	11.34		30700
2001-06-05	11.44	11.61	11.44	11.53		29000
2001-06-06	11.53	11.53	11.39	11.43		34700
2001-06-07	11.32	11.37	11.31	11.31		15700
2001-06-08	11.45	11.45	11.35	11.35		14100
2001-06-11	11.26	11.28	11.21	11.23		40400
2001-06-12	11.13	11.25	11.10	11.25		132900
2001-06-13	11.28	11.28	11.15	11.15		34900
2001-06-14	11.07	11.27	11.07	11.17		109000
2001-06-15	11.17	11.20	11.09	11.19		22300
2001-06-18	11.12	11.12	10.96	10.98		20500
2001-06-19	11.12	11.12	10.93	10.94		24200
2001-06-20	10.83	10.96	10.83	10.96		16300
2001-06-21	10.82	10.90	10.82	10.90		14000
2001-06-22	10.91	10.98	10.91	10.98		1700
2001-06-25	11.07	11.14	11.04	11.04		9200
2001-06-26	10.90	10.93	10.90	10.93		7400
2001-06-27	10.74	10.79	10.71	10.71		14800
2001-06-28	10.74	10.74	10.66	10.68		7900
2001-06-29	10.86	10.92	10.77	10.90		112000
2001-07-02	10.95	11.04	10.95	11.04		24400
2001-07-03	10.94	10.94	10.82	10.82		3800
2001-07-05	10.62	10.62	10.52	10.60		4500
2001-07-06	10.41	10.47	10.36	10.40		7700
2001-07-09	10.41	10.57	10.41	10.49		5000
2001-07-10	10.58	10.58	10.45	10.51		14000
2001-07-11	10.44	10.48	10.41	10.42		71800
2001-07-12	10.44	10.48	10.40	10.48		70000
2001-07-13	10.44	10.55	10.44	10.55		11000
2001-07-16	10.58	10.58	10.50	10.50		2200
2001-07-17	10.42	10.62	10.42	10.55		10500
2001-07-18	10.46	10.52	10.44	10.44		10700
2001-07-19	10.49	10.57	10.49	10.50		22900
2001-07-20	10.58	10.58	10.47	10.47		3600
2001-07-23	10.52	10.60	10.48	10.56		7800
2001-07-24	10.48	10.51	10.46	10.46		3300
2001-07-25	10.36	10.40	10.32	10.34		6100
2001-07-26	10.40	10.56	10.40	10.50		30600
2001-07-27	10.66	10.68	10.66	10.68		13300
2001-07-30	10.90	10.90	10.79	10.85		13100
2001-07-31	10.90	11.01	10.87	10.94		52600
2001-08-01	11.11	11.14	11.04	11.14		19000
2001-08-02	11.20	11.20	11.02	11.03		6100
2001-08-03	11.01	11.01	10.94	10.94		8200
2001-08-06	10.90	11.03	10.90	10.96		2800
2001-08-07	10.83	10.96	10.80	10.95		3800
2001-08-08	10.75	10.87	10.75	10.79		10200
2001-08-09	10.75	10.76	10.70	10.75		2600
2001-08-10	10.79	10.79	10.70	10.75		24300
2001-08-13	10.93	10.95	10.91	10.91		8400
2001-08-14	11.07	11.14	11.02	11.07		34800
2001-08-15	11.13	11.19	11.11	11.12		1900
2001-08-16	11.09	11.11	11.09	11.11		11100
2001-08-17	10.85	10.96	10.85	10.88		32400
2001-08-20	10.92	10.96	10.85	10.96		21600
2001-08-21	10.90	11.04	10.90	10.93		2800
2001-08-22	11.12	11.12	11.04	11.04		10800
2001-08-23	11.01	11.01	10.98	10.98		14700
2001-08-24	11.14	11.14	11.11	11.13		2700
2001-08-27	11.15	11.23	11.10	11.12		17900
2001-08-28	11.07	11.08	10.89	10.92		55600
2001-08-29	11.00	11.00	10.94	11.00		14500
2001-08-30	10.83	10.83	10.72	10.72		18600
2001-08-31	10.74	10.74	10.64	10.71		13000
2001-09-04	10.38	10.44	10.28	10.44		30900
2001-09-05	10.32	10.32	10.14	10.18		13800
2001-09-06	10.07	10.08	10.00	10.03		27000
2001-09-07	10.08	10.08	9.95	9.97		8600
2001-09-10	9.81	9.92	9.81	9.92		23100
2001-09-17	9.24	9.26	8.94	9.07		18700
2001-09-18	9.05	9.29	9.05	9.24		3300
2001-09-19	9.15	9.26	8.94	9.05		24700
2001-09-20	8.85	8.85	8.55	8.64		29800
2001-09-21	7.93	8.36	7.93	8.36		39800
2001-09-24	8.61	8.94	8.61	8.82		9900
2001-09-25	8.94	9.10	8.94	8.96		21400
2001-09-26	9.10	9.21	9.03	9.21		61800
2001-09-27	9.10	9.21	9.07	9.21		13500
2001-09-28	9.34	9.37	9.23	9.23		5500
2001-10-01	9.28	9.28	9.10	9.24		18200
2001-10-02	9.13	9.31	9.13	9.31		18200
2001-10-03	9.26	9.29	9.19	9.19		7300
2001-10-04	9.36	9.56	9.36	9.51		30700
2001-10-05	9.48	9.54	9.48	9.54		6000
2001-10-08	9.46	9.53	9.46	9.53		11200
2001-10-09	9.56	9.57	9.49	9.49		13000
2001-10-10	9.51	9.84	9.51	9.84		31400
2001-10-11	9.87	9.92	9.68	9.70		47700
2001-10-12	9.70	9.81	9.65	9.81		129600
2001-10-15	9.59	9.64	9.54	9.64		14900
2001-10-16	9.67	9.81	9.67	9.78		27200
2001-10-17	9.84	9.95	9.78	9.78		27800
2001-10-18	9.76	9.81	9.67	9.80		23600
2001-10-19	9.46	9.54	9.46	9.54		24200
2001-10-22	9.48	9.67	9.48	9.67		6400
2001-10-23	9.74	9.81	9.73	9.73		3800
2001-10-24	9.76	9.92	9.76	9.91		2600
2001-10-25	9.67	9.87	9.67	9.82		29600
2001-10-26	9.81	9.95	9.81	9.95		2800
2001-10-29	9.88	9.88	9.76	9.76		31300
2001-10-30	9.62	9.62	9.56	9.56		20900
2001-10-31	9.62	9.73	9.62	9.67		52600
2001-11-01	9.80	9.84	9.73	9.84		14600
2001-11-02	9.84	9.84	9.76	9.76		1200
2001-11-05	9.95	10.00	9.91	9.95		3600
2001-11-06	9.93	10.02	9.86	9.99		72300
2001-11-07	9.93	10.00	9.87	10.00		10400
2001-11-08	10.07	10.11	10.00	10.00		17700
2001-11-09	9.95	9.99	9.89	9.91		6200
2001-11-12	10.00	10.00	9.43	9.81		40600
2001-11-13	9.85	10.03	9.85	10.03		45300
2001-11-14	10.08	10.08	9.93	10.03		12500
2001-11-15	9.99	10.00	9.89	9.91		16100
2001-11-16	9.96	10.00	9.96	9.96		12000
2001-11-19	10.11	10.13	10.06	10.06		8100
2001-11-20	9.97	10.03	9.95	9.95		10800
2001-11-21	10.00	10.00	9.79	9.92		10600
2001-11-23	9.88	9.96	9.88	9.95		800
2001-11-26	10.00	10.06	9.90	10.05		17400
2001-11-27	9.95	9.95	9.78	9.78		25700
2001-11-28	9.81	9.83	9.73	9.75		6500
2001-11-29	9.81	9.89	9.73	9.81		35000
2001-11-30	9.97	10.02	9.90	9.90		5400
2001-12-03	9.87	9.87	9.79	9.82		3100
2001-12-04	9.90	9.98	9.89	9.98		19800
2001-12-05	10.18	10.38	10.18	10.38		42600
2001-12-06	10.32	10.35	10.24	10.35		11100
2001-12-07	10.22	10.32	10.19	10.20		11900
2001-12-10	9.99	10.08	9.99	10.03		26900
2001-12-11	10.00	10.11	10.00	10.01		8300
2001-12-12	10.02	10.10	9.98	10.10		14100
2001-12-13	9.75	9.83	9.74	9.76		62200
2001-12-14	9.88	9.88	9.81	9.81		11000
2001-12-17	9.94	10.06	9.89	10.06		8700
2001-12-18	10.03	10.08	10.00	10.01		13200
2001-12-19	9.88	10.05	9.88	9.98		7300
2001-12-20	10.00	10.00	9.87	10.00		36000
2001-12-21	9.92	10.02	9.92	10.00		7800
2001-12-24	9.78	9.78	9.77	9.78		1300
2001-12-26	9.84	9.86	9.81	9.82		4100
2001-12-27	10.00	10.14	10.00	10.13		35600
2001-12-28	10.06	10.14	10.06	10.11		56900
2001-12-31	10.19	10.32	10.18	10.25		19600
2002-01-02	10.33	10.36	10.28	10.29		14700
2002-01-03	10.41	10.52	10.34	10.47		33300
2002-01-04	10.43	10.49	10.36	10.44		5900
2002-01-07	10.32	10.38	10.21	10.22		19200
2002-01-08	10.14	10.14	10.11	10.14		10600
2002-01-09	10.12	10.19	10.12	10.19		26800
2002-01-10	10.16	10.16	10.07	10.11		99500
2002-01-11	10.09	10.16	10.08	10.08		21600
2002-01-14	9.95	10.00	9.89	9.89		11200
2002-01-15	9.96	10.03	9.96	10.01		134300
2002-01-16	9.84	9.84	9.73	9.73		13800
2002-01-17	9.84	9.93	9.84	9.85		5500
2002-01-18	9.78	9.89	9.78	9.88		10600
2002-01-22	9.87	9.94	9.78	9.78		14700
2002-01-23	9.89	9.89	9.82	9.84		11700
2002-01-24	9.87	9.94	9.87	9.93		1900
2002-01-25	9.70	9.75	9.69	9.69		4300
2002-01-28	9.76	9.81	9.76	9.77		2500
2002-01-29	9.76	9.76	9.62	9.68		28600
2002-01-30	9.56	9.62	9.54	9.62		34700
2002-01-31	9.67	9.70	9.65	9.70		51800
2002-02-01	9.70	9.70	9.62	9.67		7400
2002-02-04	9.67	9.67	9.55	9.56		22300
2002-02-05	9.54	9.54	9.35	9.35		32300
2002-02-06	9.38	9.40	9.32	9.35		29100
2002-02-07	9.35	9.42	9.35	9.35		23400
2002-02-08	9.46	9.48	9.41	9.43		50400
2002-02-11	9.64	9.68	9.60	9.68		98900
2002-02-12	9.67	9.70	9.56	9.56		18200
2002-02-13	9.57	9.68	9.57	9.65		17100
2002-02-14	9.68	9.81	9.67	9.73		21200
2002-02-15	9.67	9.67	9.63	9.63		4000
2002-02-19	9.52	9.52	9.40	9.46		211900
2002-02-20	9.47	9.47	9.32	9.46		50300
2002-02-21	9.41	9.46	9.40	9.42		17700
2002-02-22	9.39	9.51	9.39	9.51		30000
2002-02-25	9.48	9.56	9.48	9.56		42800
2002-02-26	9.55	9.56	9.55	9.55		6700
2002-02-27	9.66	9.73	9.54	9.65		13000
2002-02-28	9.67	9.84	9.67	9.75		23200
2002-03-01	9.73	9.87	9.73	9.78		8900
2002-03-04	10.02	10.17	10.02	10.09		30300
2002-03-05	10.06	10.11	10.00	10.01		7600
2002-03-06	10.02	10.11	10.02	10.11		4300
2002-03-07	10.33	10.33	10.16	10.31		39200
2002-03-08	10.30	10.30	10.11	10.16		7700
2002-03-11	10.11	10.19	10.07	10.08		2900
2002-03-12	10.01	10.11	9.97	10.02		126400
2002-03-13	10.03	10.07	9.95	9.95		11400
2002-03-14	10.11	10.18	10.11	10.18		3900
2002-03-15	10.08	10.26	10.08	10.25		108500
2002-03-18	10.33	10.34	10.23	10.34		10600
2002-03-19	10.33	10.33	10.25	10.28		1100
2002-03-20	10.20	10.28	10.17	10.25		4100
2002-03-21	10.11	10.19	10.11	10.19		2700
2002-03-22	10.11	10.17	10.11	10.17		2800
2002-03-25	10.12	10.12	10.05	10.05		47000
2002-03-26	10.19	10.20	10.14	10.20		119500
2002-03-27	10.13	10.19	10.12	10.19		13800
2002-03-28	10.19	10.25	10.19	10.25		500
2002-04-01	10.43	10.43	10.25	10.37		35900
2002-04-02	10.26	10.26	10.18	10.18		142100
2002-04-03	10.22	10.31	10.19	10.19		4000
2002-04-04	10.14	10.14	9.94	9.94		6400
2002-04-05	9.94	9.94	9.91	9.91		4100
2002-04-08	9.76	9.83	9.72	9.83		16500
2002-04-09	9.89	9.95	9.82	9.84		19200
2002-04-10	9.91	10.08	9.91	10.08		35300
2002-04-11	9.92	10.00	9.77	9.77		16100
2002-04-12	9.87	9.92	9.84	9.92		19200
2002-04-15	9.93	9.93	9.87	9.87		13100
2002-04-16	10.19	10.26	10.13	10.19		30700
2002-04-17	10.32	10.34	10.20	10.20		19800
2002-04-18	10.25	10.32	10.17	10.17		27100
2002-04-19	10.30	10.38	10.23	10.38		21000
2002-04-22	10.18	10.20	10.11	10.17		67000
2002-04-23	10.17	10.22	10.14	10.18		1900
2002-04-24	10.17	10.17	10.11	10.11		4600
2002-04-25	10.10	10.13	10.03	10.13		19500
2002-04-26	10.11	10.14	10.05	10.05		14700
2002-04-29	10.11	10.11	10.02	10.06		900
2002-04-30	10.10	10.19	10.02	10.19		38700
2002-05-01	10.03	10.03	10.03	10.03		700
2002-05-02	10.14	10.14	10.02	10.06		11800
2002-05-03	10.03	10.04	10.03	10.04		2000
2002-05-06	10.07	10.16	10.07	10.11		3200
2002-05-07	10.05	10.05	9.89	10.00		9300
2002-05-08	10.04	10.16	10.03	10.16		38900
2002-05-09	10.13	10.16	10.02	10.11		21100
2002-05-10	10.16	10.16	10.01	10.01		18800
2002-05-13	10.06	10.17	10.06	10.12		21700
2002-05-14	10.25	10.26	10.23	10.23		5100
2002-05-15	10.23	10.33	10.23	10.29		36200
2002-05-16	10.32	10.44	10.32	10.38		25400
2002-05-17	10.47	10.47	10.39	10.39		4600
2002-05-20	10.29	10.29	10.29	10.29		13800
2002-05-21	10.33	10.38	10.27	10.27		7800
2002-05-22	10.25	10.33	10.25	10.33		4400
2002-05-23	10.17	10.30	10.17	10.30		25700
2002-05-24	10.19	10.28	10.17	10.17		6800
2002-05-28	10.30	10.37	10.25	10.35		17700
2002-05-29	10.33	10.37	10.28	10.33		45200
2002-05-30	10.27	10.28	10.18	10.24		79200
2002-05-31	10.30	10.32	10.16	10.17		20300
2002-06-03	10.20	10.28	10.11	10.11		8400
2002-06-04	10.00	10.01	9.81	9.92		28200
2002-06-05	9.83	9.91	9.81	9.91		2800
2002-06-06	9.96	10.00	9.89	9.97		4500
2002-06-07	9.73	9.81	9.70	9.71		8000
2002-06-10	9.78	9.88	9.68	9.88		78500
2002-06-11	9.87	9.96	9.85	9.85		52500
2002-06-12	9.76	9.79	9.66	9.79		29000
2002-06-13	9.71	9.71	9.52	9.52		36700
2002-06-14	9.41	9.41	9.30	9.37		12400
2002-06-17	9.62	9.81	9.62	9.81		45500
2002-06-18	9.78	9.81	9.70	9.78		22500
2002-06-19	9.66	9.76	9.59	9.59		17600
2002-06-20	9.58	9.62	9.48	9.48		7600
2002-06-21	9.54	9.59	9.46	9.46		55000
2002-06-24	9.34	9.35	9.23	9.31		15200
2002-06-25	9.44	9.44	9.39	9.40		21300
2002-06-26	9.24	9.45	9.24	9.45		16500
2002-06-27	9.58	9.69	9.50	9.65		75500
2002-06-28	9.89	10.00	9.79	10.00		8500
2002-07-01	10.00	10.01	9.90	9.90		5100
2002-07-02	9.62	9.65	9.48	9.48		21100
2002-07-03	9.29	9.31	9.18	9.21		81000
2002-07-05	9.51	9.64	9.51	9.64		1800
2002-07-08	9.84	9.86	9.74	9.74		73100
2002-07-09	9.74	9.77	9.64	9.64		42700
2002-07-10	9.36	9.38	9.28	9.29		27500
2002-07-11	9.13	9.13	8.93	9.13		60000
2002-07-12	8.99	9.03	8.88	9.03		12400
2002-07-15	8.96	8.96	8.58	8.68		11100
2002-07-16	8.59	8.68	8.57	8.67		6000
2002-07-17	8.90	9.03	8.81	9.00		56300
2002-07-18	9.04	9.17	9.00	9.05		7500
2002-07-19	8.78	8.78	8.61	8.69		75000
2002-07-22	8.36	8.46	8.09	8.12		101900
2002-07-23	7.96	8.01	7.79	7.79		8000
2002-07-24	7.50	8.14	7.48	8.14		197500
2002-07-25	8.04	8.20	7.95	8.20		66200
2002-07-26	8.11	8.14	7.96	8.09		35800
2002-07-29	8.31	8.63	8.23	8.56		5900
2002-07-30	8.56	8.61	8.50	8.61		4200
2002-07-31	8.55	8.61	8.35	8.53		137500
2002-08-01	8.47	8.50	8.20	8.20		6900
2002-08-02	8.27	8.27	8.20	8.20		1000
2002-08-05	8.09	8.12	7.82	7.82		22500
2002-08-06	7.91	8.19	7.91	8.15		14300
2002-08-07	8.25	8.28	8.19	8.19		22100
2002-08-08	8.32	8.32	8.26	8.26		800
2002-08-09	8.63	8.64	8.50	8.64		73400
2002-08-12	8.43	8.47	8.43	8.43		1300
2002-08-13	8.31	8.59	8.31	8.42		35200
2002-08-14	8.14	8.41	8.14	8.41		57800
2002-08-15	8.49	8.55	8.42	8.47		23200
2002-08-16	8.53	8.53	8.53	8.53		600
2002-08-19	8.58	8.74	8.58	8.66		5400
2002-08-20	8.56	8.56	8.50	8.53		9100
2002-08-21	8.87	8.87	8.65	8.70		15800
2002-08-22	8.81	8.98	8.80	8.96		20800
2002-08-23	8.86	8.86	8.66	8.66		37900
2002-08-26	8.72	8.77	8.60	8.77		3300
2002-08-27	8.80	8.91	8.77	8.86		10200
2002-08-28	8.72	8.72	8.61	8.61		1700
2002-08-29	8.54	8.54	8.36	8.36		47100
2002-08-30	8.33	8.50	8.33	8.46		72700
2002-09-03	8.21	8.21	7.94	7.95		9800
2002-09-04	8.03	8.11	7.98	8.11		37300
2002-09-05	8.00	8.08	7.87	7.99		3000
2002-09-06	8.09	8.17	8.09	8.17		11300
2002-09-09	8.12	8.12	8.12	8.12		300
2002-09-10	8.27	8.30	8.22	8.25		3400
2002-09-11	8.47	8.47	8.39	8.39		23400
2002-09-12	8.20	8.20	8.17	8.17		2200
2002-09-13	8.09	8.09	7.90	8.00		15200
2002-09-16	7.93	7.94	7.84	7.84		1300
2002-09-17	7.95	7.95	7.73	7.84		25300
2002-09-18	7.63	7.65	7.60	7.65		45100
2002-09-19	7.54	7.56	7.41	7.41		16600
2002-09-20	7.43	7.56	7.32	7.32		36500
2002-09-23	7.21	7.24	7.05	7.06		5300
2002-09-24	6.84	7.09	6.84	6.94		17900
2002-09-25	7.15	7.27	6.99	7.21		65200
2002-09-26	7.44	7.60	7.39	7.44		34500
2002-09-27	7.48	7.58	7.32	7.35		74500
2002-09-30	7.24	7.24	7.11	7.19		5700
2002-10-01	7.32	7.48	7.17	7.47		57700
2002-10-02	7.44	7.64	7.43	7.44		43600
2002-10-03	7.47	7.48	7.41	7.41		300
2002-10-04	7.13	7.13	7.03	7.13		33200
2002-10-07	7.02	7.02	6.98	6.98		19500
2002-10-08	7.08	7.08	6.97	7.05		10700
2002-10-09	6.90	6.96	6.74	6.83		8300
2002-10-10	6.80	7.21	6.80	7.21		45500
2002-10-11	7.45	7.60	7.35	7.60		16000
2002-10-14	7.46	7.50	7.37	7.48		45900
2002-10-15	7.82	7.90	7.71	7.90		27300
2002-10-16	7.78	7.83	7.77	7.82		9100
2002-10-17	8.06	8.06	7.90	7.94		2700
2002-10-18	7.83	8.01	7.83	8.01		11000
2002-10-21	7.95	8.17	7.93	8.13		95900
2002-10-22	8.01	8.01	7.93	7.93		43600
2002-10-23	7.67	7.68	7.52	7.68		8700
2002-10-24	7.71	7.79	7.69	7.71		7300
2002-10-25	7.71	7.76	7.62	7.73		11000
2002-10-28	7.94	7.99	7.88	7.92		26800
2002-10-29	7.80	7.80	7.52	7.54		1300
2002-10-30	7.67	7.89	7.66	7.89		11900
2002-10-31	8.01	8.12	7.95	8.01		18800
2002-11-01	7.92	8.09	7.92	8.09		11200
2002-11-04	8.24	8.25	8.23	8.25		2400
2002-11-05	8.30	8.43	8.26	8.37		12600
2002-11-06	8.23	8.36	8.20	8.29		9300
2002-11-07	8.20	8.21	8.06	8.08		62100
2002-11-08	8.02	8.11	7.93	7.95		16000
2002-11-11	7.99	7.99	7.91	7.91		3100
2002-11-12	7.94	8.09	7.93	7.99		34200
2002-11-13	7.86	7.95	7.82	7.95		33500
2002-11-14	8.18	8.24	8.09	8.15		13900
2002-11-15	8.17	8.31	8.17	8.31		4300
2002-11-18	8.39	8.39	8.28	8.34		21500
2002-11-19	8.33	8.36	8.23	8.23		12600
2002-11-20	8.07	8.25	8.07	8.25		60900
2002-11-21	8.34	8.49	8.34	8.49		30700
2002-11-22	8.47	8.54	8.42	8.43		3800
2002-11-25	8.30	8.43	8.25	8.29		19000
2002-11-26	8.17	8.20	8.08	8.08		60500
2002-11-27	8.17	8.43	8.17	8.43		24500
2002-11-29	8.49	8.49	8.35	8.48		16900
2002-12-02	8.53	8.53	8.29	8.31		16400
2002-12-03	8.28	8.28	8.14	8.15		6800
2002-12-04	8.13	8.25	8.13	8.20		4700
2002-12-05	8.25	8.25	8.00	8.03		11300
2002-12-06	7.99	8.21	7.95	8.21		3200
2002-12-09	8.09	8.09	7.90	7.95		32700
2002-12-10	8.03	8.11	8.03	8.11		7000
2002-12-11	8.11	8.11	8.09	8.09		1100
2002-12-12	8.06	8.15	8.01	8.06		2500
2002-12-13	8.01	8.01	7.92	7.92		3900
2002-12-16	8.14	8.28	8.08	8.28		3500
2002-12-17	8.23	8.28	8.12	8.12		13700
2002-12-18	8.13	8.13	7.98	7.99		24400
2002-12-19	7.95	7.98	7.88	7.88		19700
2002-12-20	7.94	8.09	7.94	8.09		7500
2002-12-23	7.51	8.01	7.51	7.97		18900
2002-12-24	8.03	8.16	8.03	8.16		1500
2002-12-26	8.06	8.19	8.06	8.08		5300
2002-12-27	7.97	7.98	7.97	7.97		400
2002-12-30	8.02	8.11	8.02	8.11		2500
2002-12-31	8.24	8.26	8.14	8.19		8500
2003-01-02	8.21	8.49	8.21	8.46		9800
2003-01-03	8.40	8.41	8.39	8.41		3300
2003-01-06	8.45	8.63	8.45	8.63		4400
2003-01-07	8.46	8.47	8.34	8.36		3100
2003-01-08	8.23	8.30	8.19	8.30		5200
2003-01-09	8.35	8.49	8.34	8.45		26700
2003-01-10	8.39	8.49	8.39	8.42		3600
2003-01-13	8.55	8.55	8.38	8.51		2900
2003-01-14	8.55	8.55	8.55	8.55		400
2003-01-15	8.48	8.48	8.29	8.29		5900
2003-01-16	8.41	8.41	8.32	8.32		5700
2003-01-17	8.24	8.24	8.19	8.19		700
2003-01-21	8.10	8.13	8.02	8.02		12200
2003-01-22	7.91	7.91	7.85	7.87		6500
2003-01-23	7.91	7.99	7.84	7.93		19500
2003-01-24	7.94	7.98	7.78	7.91		4100
2003-01-27	7.69	7.69	7.52	7.58		6200
2003-01-28	7.63	7.63	7.56	7.57		6200
2003-01-29	7.63	7.74	7.58	7.74		32800
2003-01-30	7.81	7.83	7.81	7.83		900
2003-01-31	7.82	7.91	7.82	7.89		1900
2003-02-03	7.97	8.08	7.94	8.08		4900
2003-02-04	7.83	7.91	7.78	7.89		12400
2003-02-05	7.81	7.81	7.81	7.81		200
2003-02-06	7.85	7.85	7.69	7.69		17500
2003-02-07	7.70	7.70	7.47	7.48		29400
2003-02-10	7.56	7.56	7.42	7.42		2000
2003-02-11	7.57	7.73	7.53	7.59		12000
2003-02-12	7.53	7.53	7.40	7.40		10500
2003-02-13	7.48	7.48	7.43	7.44		2700
2003-02-14	7.47	7.68	7.47	7.68		22700
2003-02-18	7.80	7.98	7.80	7.86		3400
2003-02-19	7.83	7.83	7.74	7.74		14600
2003-02-20	7.59	7.63	7.59	7.60		2200
2003-02-21	7.69	7.77	7.65	7.65		900
2003-02-24	7.58	7.60	7.53	7.57		50100
2003-02-25	7.35	7.42	7.28	7.28		14900
2003-02-26	7.19	7.33	7.19	7.22		22600
2003-02-27	7.27	7.46	7.27	7.30		133400
2003-02-28	7.44	7.52	7.43	7.51		60200
2003-03-03	7.56	7.69	7.52	7.55		36000
2003-03-04	7.38	7.38	7.29	7.29		10100
2003-03-05	7.30	7.46	7.30	7.46		9200
2003-03-06	7.34	7.41	7.28	7.28		8600
2003-03-07	7.20	7.25	7.14	7.14		9400
2003-03-10	7.05	7.10	6.98	7.02		19600
2003-03-11	7.08	7.08	6.95	6.97		5100
2003-03-12	6.83	6.85	6.64	6.74		24700
2003-03-13	6.94	7.06	6.90	7.06		70100
2003-03-14	7.21	7.36	7.11	7.27		389400
2003-03-17	7.20	7.66	7.20	7.58		102600
2003-03-18	7.58	7.58	7.47	7.55		62300
2003-03-19	7.63	7.63	7.50	7.63		31000
2003-03-20	7.51	7.59	7.50	7.59		12900
2003-03-21	7.70	7.83	7.66	7.76		34600
2003-03-24	7.45	7.54	7.32	7.32		35300
2003-03-25	7.58	7.63	7.47	7.49		1400
2003-03-26	7.50	7.56	7.50	7.56		15000
2003-03-27	7.34	7.37	7.34	7.37		7300
2003-03-28	7.41	7.49	7.31	7.38		21800
2003-03-31	7.27	7.32	7.20	7.20		6100
2003-04-01	7.22	7.37	7.22	7.30		17100
2003-04-02	7.43	7.55	7.43	7.52		8000
2003-04-03	7.55	7.69	7.52	7.66		13100
2003-04-04	7.74	7.74	7.64	7.64		2400
2003-04-07	7.99	7.99	7.84	7.87		32500
2003-04-08	7.81	7.93	7.76	7.79		7200
2003-04-09	7.81	7.97	7.80	7.80		11500
2003-04-10	7.77	7.77	7.68	7.68		51900
2003-04-11	7.72	7.73	7.65	7.65		65900
2003-04-14	7.74	7.83	7.74	7.83		7000
2003-04-15	7.87	8.04	7.87	8.02		17600
2003-04-16	7.97	7.97	7.91	7.92		2500
2003-04-17	7.97	8.07	7.97	8.07		4000
2003-04-21	8.02	8.07	8.02	8.07		1600
2003-04-22	7.97	8.20	7.97	8.14		57400
2003-04-23	8.20	8.27	8.20	8.21		14400
2003-04-24	8.23	8.28	8.07	8.17		27400
2003-04-25	8.03	8.09	7.94	8.02		5000
2003-04-28	8.09	8.27	8.09	8.24		18300
2003-04-29	8.33	8.33	8.24	8.32		2300
2003-04-30	8.39	8.45	8.39	8.45		2400
2003-05-01	8.36	8.48	8.36	8.37		6000
2003-05-02	8.38	8.54	8.35	8.46		10200
2003-05-05	8.61	8.70	8.59	8.59		26700
2003-05-06	8.72	8.94	8.72	8.89		33900
2003-05-07	8.82	8.82	8.72	8.77		22400
2003-05-08	8.68	8.68	8.64	8.68		4300
2003-05-09	8.55	8.66	8.55	8.66		28400
2003-05-12	8.60	8.81	8.60	8.77		91900
2003-05-13	8.68	8.70	8.62	8.64		5500
2003-05-14	8.69	8.74	8.69	8.74		1300
2003-05-15	8.82	8.82	8.67	8.69		13500
2003-05-16	8.78	8.85	8.78	8.82		5400
2003-05-19	8.68	8.68	8.49	8.51		15800
2003-05-20	8.55	8.60	8.55	8.57		13700
2003-05-21	8.63	8.63	8.55	8.55		53300
2003-05-22	8.61	8.74	8.61	8.72		33600
2003-05-23	8.72	8.80	8.72	8.72		6500
2003-05-27	8.63	8.82	8.62	8.80		112200
2003-05-28	8.77	8.85	8.75	8.78		146900
2003-05-29	8.92	8.96	8.85	8.86		41600
2003-05-30	8.90	9.02	8.90	8.96		73600
2003-06-02	8.96	9.22	8.96	9.22		19900
2003-06-03	9.13	9.15	9.13	9.15		4400
2003-06-04	9.19	9.22	9.15	9.22		24800
2003-06-05	9.18	9.30	9.18	9.27		11200
2003-06-06	9.31	9.38	9.25	9.27		69300
2003-06-09	9.18	9.31	9.17	9.17		36400
2003-06-10	9.29	9.31	9.20	9.31		34800
2003-06-11	9.35	9.49	9.35	9.49		24600
2003-06-12	9.56	9.56	9.49	9.50		43300
2003-06-13	9.49	9.54	9.44	9.54		2800
2003-06-16	9.67	9.79	9.64	9.77		15300
2003-06-17	9.74	9.77	9.67	9.76		13900
2003-06-18	9.63	9.68	9.59	9.63		30700
2003-06-19	9.50	9.67	9.50	9.63		40500
2003-06-20	9.75	9.75	9.57	9.59		39000
2003-06-23	9.43	9.43	9.27	9.27		4800
2003-06-24	9.18	9.31	9.15	9.27		10900
2003-06-25	9.29	9.37	9.24	9.24		23300
2003-06-26	9.15	9.23	9.13	9.23		8100
2003-06-27	9.15	9.24	9.03	9.03		65100
2003-06-30	9.13	9.22	9.10	9.13		25300
2003-07-01	8.96	9.10	8.96	9.02		39400
2003-07-02	9.13	9.22	9.13	9.22		4800
2003-07-03	9.13	9.14	9.08	9.13		120000
2003-07-07	9.24	9.35	9.23	9.35		96600
2003-07-08	9.31	9.34	9.20	9.34		9200
2003-07-09	9.27	9.27	9.15	9.20		22500
2003-07-10	9.11	9.12	9.06	9.06		24800
2003-07-11	9.07	9.20	9.07	9.20		7300
2003-07-14	9.32	9.32	9.24	9.24		3200
2003-07-15	9.33	9.33	9.14	9.14		27800
2003-07-16	9.23	9.23	9.17	9.18		10700
2003-07-17	9.00	9.08	9.00	9.07		3400
2003-07-18	9.09	9.20	9.09	9.20		22600
2003-07-21	9.08	9.08	9.00	9.03		20500
2003-07-22	9.04	9.14	8.99	9.14		28600
2003-07-23	9.12	9.18	9.12	9.18		4600
2003-07-24	9.25	9.35	9.25	9.26		25300
2003-07-25	9.30	9.36	9.23	9.35		26100
2003-07-28	9.34	9.40	9.34	9.36		3700
2003-07-29	9.29	9.29	9.24	9.24		1700
2003-07-30	9.29	9.31	9.25	9.30		157000
2003-07-31	9.33	9.33	9.27	9.31		5700
2003-08-01	9.18	9.19	9.14	9.14		8300
2003-08-04	9.29	9.29	9.18	9.24		1300
2003-08-05	9.28	9.32	9.24	9.24		1900
2003-08-06	9.24	9.24	9.10	9.19		24900
2003-08-07	9.11	9.19	9.11	9.19		3200
2003-08-08	9.24	9.24	9.22	9.22		300
2003-08-11	9.27	9.32	9.26	9.31		8000
2003-08-12	9.31	9.37	9.28	9.35		6500
2003-08-13	9.34	9.35	9.29	9.29		16900
2003-08-14	9.33	9.45	9.33	9.45		7700
2003-08-15	9.45	9.45	9.45	9.45		200
2003-08-18	9.40	9.46	9.40	9.46		21800
2003-08-19	9.40	9.43	9.40	9.41		10000
2003-08-20	9.39	9.39	9.32	9.33		4000
2003-08-21	9.38	9.41	9.30	9.30		3500
2003-08-22	9.25	9.25	9.25	9.25		1700
2003-08-25	9.25	9.25	9.17	9.23		12400
2003-08-26	9.09	9.19	9.09	9.19		10300
2003-08-27	9.14	9.22	9.14	9.22		1300
2003-08-28	9.30	9.32	9.25	9.29		12100
2003-08-29	9.31	9.37	9.30	9.33		96900
2003-09-02	9.44	9.44	9.40	9.40		9800
2003-09-03	9.51	9.63	9.51	9.58		76900
2003-09-04	9.51	9.62	9.50	9.62		10300
2003-09-05	9.63	9.68	9.60	9.65		11800
2003-09-08	9.76	9.79	9.69	9.75		6600
2003-09-09	9.69	9.75	9.67	9.70		20500
2003-09-10	9.63	9.63	9.54	9.54		31500
2003-09-11	9.59	9.67	9.59	9.63		1900
2003-09-12	9.61	9.63	9.61	9.62		2600
2003-09-15	9.72	9.72	9.72	9.72		800
2003-09-16	9.74	9.83	9.74	9.82		5500
2003-09-17	9.85	9.85	9.83	9.85		4400
2003-09-18	9.87	9.90	9.80	9.85		31700
2003-09-19	9.85	9.88	9.78	9.87		2400
2003-09-22	9.67	9.67	9.63	9.63		21000
2003-09-23	9.60	9.61	9.59	9.59		7100
2003-09-24	9.70	9.70	9.58	9.58		13000
2003-09-25	9.61	9.61	9.53	9.53		9500
2003-09-26	9.52	9.53	9.50	9.50		9500
2003-09-29	9.46	9.49	9.45	9.49		15600
2003-09-30	9.56	9.56	9.42	9.43		80800
2003-10-01	9.46	9.66	9.46	9.66		80900
2003-10-02	9.58	9.60	9.54	9.58		40500
2003-10-03	9.80	9.85	9.80	9.81		10500
2003-10-06	9.79	9.90	9.79	9.87		5000
2003-10-07	9.79	9.84	9.79	9.83		13000
2003-10-08	9.95	9.95	9.80	9.85		7800
2003-10-09	9.96	9.96	9.91	9.93		26600
2003-10-10	9.96	10.01	9.95	9.97		5300
2003-10-13	10.02	10.03	10.02	10.03		114100
2003-10-14	10.03	10.05	10.03	10.03		7400
2003-10-15	10.11	10.11	10.02	10.04		155300
2003-10-16	9.98	10.02	9.92	9.94		49900
2003-10-17	9.95	9.95	9.92	9.92		70800
2003-10-20	9.97	10.01	9.95	10.01		15900
2003-10-21	9.98	10.01	9.98	9.98		12400
2003-10-22	9.91	9.96	9.90	9.90		1100
2003-10-23	9.83	9.83	9.82	9.83		1900
2003-10-24	9.81	9.92	9.81	9.90		1300
2003-10-27	9.94	9.95	9.87	9.90		12900
2003-10-28	9.97	10.00	9.96	10.00		35600
2003-10-29	10.04	10.04	10.02	10.02		4800
2003-10-30	10.09	10.11	10.04	10.05		5100
2003-10-31	10.01	10.01	9.98	9.98		13100
2003-11-03	10.17	10.17	10.01	10.05		39300
2003-11-04	10.07	10.11	10.02	10.02		37600
2003-11-05	9.95	9.98	9.94	9.97		32300
2003-11-06	10.02	10.04	9.96	10.04		30500
2003-11-07	10.10	10.19	10.10	10.14		23700
2003-11-10	10.12	10.12	10.04	10.07		1600
2003-11-11	10.00	10.06	9.96	10.05		8300
2003-11-12	10.06	10.21	10.06	10.21		30900
2003-11-13	10.22	10.28	10.19	10.28		5700
2003-11-14	10.43	10.43	10.35	10.35		8900
2003-11-17	10.25	10.27	10.08	10.12		121500
2003-11-18	10.21	10.24	10.18	10.19		42000
2003-11-19	10.24	10.26	10.19	10.26		9700
2003-11-20	10.15	10.16	10.05	10.05		44000
2003-11-21	10.23	10.25	10.16	10.23		32700
2003-11-24	10.30	10.34	10.27	10.32		10400
2003-11-25	10.37	10.38	10.31	10.32		1900
2003-11-26	10.48	10.51	10.42	10.50		6000
2003-11-28	10.53	10.54	10.53	10.54		2700
2003-12-01	10.68	10.73	10.67	10.68		15800
2003-12-02	10.69	10.79	10.69	10.71		7700
2003-12-03	10.81	10.90	10.81	10.89		20800
2003-12-04	10.86	10.86	10.80	10.81		8000
2003-12-05	10.74	10.80	10.71	10.77		4500
2003-12-08	10.73	10.80	10.71	10.80		14900
2003-12-09	10.86	10.93	10.78	10.78		29900
2003-12-10	10.75	10.77	10.73	10.77		13200
2003-12-11	10.73	10.87	10.73	10.87		8300
2003-12-12	10.90	10.96	10.85	10.94		2800
2003-12-15	11.08	11.08	10.93	10.93		23700
2003-12-16	11.08	11.15	11.08	11.15		3800
2003-12-17	11.11	11.15	11.10	11.15		78900
2003-12-18	11.13	11.30	11.13	11.30		6900
2003-12-19	11.25	11.25	11.13	11.13		22700
2003-12-22	11.24	11.26	11.18	11.23		5900
2003-12-23	11.18	11.18	11.15	11.15		4300
2003-12-24	11.30	11.30	11.30	11.30		200
2003-12-26	11.33	11.33	11.33	11.33		500
2003-12-29	11.36	11.46	11.35	11.46		6200
2003-12-30	11.42	11.42	11.38	11.39		5000
2003-12-31	11.52	11.55	11.50	11.55		1500
2004-01-02	11.63	11.72	11.60	11.60		13000
2004-01-05	11.75	11.86	11.75	11.86		18000
2004-01-06	11.86	11.89	11.82	11.82		8700
2004-01-07	11.76	11.76	11.63	11.65		23300
2004-01-08	11.85	11.89	11.77	11.89		14400
2004-01-09	11.79	11.89	11.79	11.84		18500
2004-01-12	11.79	11.80	11.72	11.78		48900
2004-01-13	11.79	11.85	11.72	11.72		20800
2004-01-14	11.78	11.87	11.78	11.84		3200
2004-01-15	11.76	11.85	11.76	11.80		22600
2004-01-16	11.78	11.78	11.73	11.76		26000
2004-01-20	11.86	11.92	11.83	11.87		37400
2004-01-21	11.93	12.09	11.86	12.03		27200
2004-01-22	12.12	12.14	12.09	12.10		3600
2004-01-23	12.07	12.11	11.95	11.98		24600
2004-01-26	11.95	11.95	11.86	11.89		4400
2004-01-27	12.02	12.06	11.99	12.06		13300
2004-01-28	12.01	12.09	11.68	11.68		64000
2004-01-29	11.77	11.77	11.62	11.70		6200
2004-01-30	11.69	11.74	11.69	11.73		4700
2004-02-02	11.78	11.80	11.73	11.78		14500
2004-02-03	11.75	11.79	11.71	11.71		8500
2004-02-04	11.69	11.71	11.62	11.67		21400
2004-02-05	11.70	11.70	11.66	11.69		25200
2004-02-06	11.78	11.89	11.78	11.89		27000
2004-02-09	11.99	11.99	11.99	11.99		12300
2004-02-10	12.01	12.10	12.01	12.10		1600
2004-02-11	12.02	12.22	12.02	12.22		39400
2004-02-12	12.15	12.19	12.12	12.17		15400
2004-02-13	12.12	12.12	12.02	12.02		2400
2004-02-17	12.24	12.31	12.24	12.25		7800
2004-02-18	12.27	12.27	12.12	12.16		20000
2004-02-19	12.24	12.33	12.23	12.29		43700
2004-02-20	12.23	12.23	11.97	12.09		18800
2004-02-23	12.15	12.15	12.07	12.07		3900
2004-02-24	12.01	12.10	12.01	12.03		4100
2004-02-25	12.01	12.01	11.93	11.98		5200
2004-02-26	11.91	11.91	11.88	11.90		19900
2004-02-27	11.98	12.10	11.96	12.01		15800
2004-03-01	12.06	12.14	12.01	12.09		40300
2004-03-02	12.06	12.07	11.90	11.90		30100
2004-03-03	11.81	11.89	11.67	11.89		15900
2004-03-04	11.84	11.94	11.84	11.87		10800
2004-03-05	11.93	12.09	11.93	12.07		11700
2004-03-08	12.10	12.13	12.01	12.05		11300
2004-03-09	11.99	12.01	11.78	11.82		63800
2004-03-10	11.84	11.86	11.69	11.69		19400
2004-03-11	11.61	11.64	11.33	11.33		42800
2004-03-12	11.49	11.52	11.47	11.52		37900
2004-03-15	11.41	11.41	11.21	11.21		11400
2004-03-16	11.39	11.45	11.23	11.30		42400
2004-03-17	11.44	11.55	11.44	11.52		6500
2004-03-18	11.50	11.51	11.44	11.51		7000
2004-03-19	11.50	11.50	11.38	11.38		3000
2004-03-22	11.21	11.30	11.15	11.20		39500
2004-03-23	11.31	11.31	11.23	11.25		18400
2004-03-24	11.10	11.17	11.03	11.03		32400
2004-03-25	11.16	11.29	11.13	11.29		4200
2004-03-26	11.22	11.24	11.19	11.19		34900
2004-03-29	11.34	11.42	11.34	11.37		3800
2004-03-30	11.37	11.45	11.37	11.45		9300
2004-03-31	11.51	11.55	11.51	11.55		3200
2004-04-01	11.61	11.74	11.61	11.72		16000
2004-04-02	11.76	11.77	11.68	11.69		16400
2004-04-05	11.70	11.80	11.69	11.80		43800
2004-04-06	11.75	11.76	11.68	11.76		3300
2004-04-07	11.76	11.79	11.73	11.79		13700
2004-04-08	11.79	11.79	11.62	11.69		20400
2004-04-12	12.34	12.34	11.70	11.71		20800
2004-04-13	11.68	11.68	11.57	11.58		4200
2004-04-14	11.41	11.55	11.41	11.47		40900
2004-04-15	11.45	11.47	11.44	11.47		3200
2004-04-16	11.52	11.62	11.51	11.62		13300
2004-04-19	11.60	11.67	11.54	11.67		19800
2004-04-20	11.57	11.63	11.42	11.49		19100
2004-04-21	11.50	11.52	11.41	11.43		127500
2004-04-22	11.47	11.64	11.47	11.61		74900
2004-04-23	11.65	11.65	11.58	11.65		12200
2004-04-26	11.64	11.64	11.52	11.58		7000
2004-04-27	11.59	11.67	11.59	11.64		28500
2004-04-28	11.53	11.53	11.36	11.36		54400
2004-04-29	11.34	11.35	11.23	11.29		114700
2004-04-30	11.33	11.36	11.27	11.28		121000
2004-05-03	11.33	11.39	11.33	11.34		24600
2004-05-04	11.50	11.59	11.49	11.52		61600
2004-05-05	11.62	11.67	11.62	11.63		2300
2004-05-06	11.56	11.56	11.42	11.49		97100
2004-05-07	11.33	11.33	11.24	11.24		2800
2004-05-10	11.11	11.11	10.99	11.00		36600
2004-05-11	11.04	11.07	11.02	11.02		816300
2004-05-12	10.97	10.98	10.87	10.98		13400
2004-05-13	11.06	11.10	11.00	11.01		143100
2004-05-14	11.14	11.17	11.04	11.15		14200
2004-05-17	11.04	11.08	11.01	11.08		3700
2004-05-18	11.07	11.11	11.03	11.10		3500
2004-05-19	11.28	11.35	11.23	11.24		27800
2004-05-20	11.24	11.24	11.21	11.21		5400
2004-05-21	11.25	11.29	11.16	11.16		35500
2004-05-24	11.30	11.39	11.30	11.39		28300
2004-05-25	11.39	11.52	11.36	11.47		35100
2004-05-26	11.50	11.63	11.49	11.63		600
2004-05-27	11.75	11.83	11.73	11.83		39400
2004-05-28	11.75	11.76	11.63	11.69		68700
2004-06-01	11.62	11.68	11.60	11.68		21800
2004-06-02	11.80	11.80	11.70	11.77		16300
2004-06-03	11.68	11.73	11.68	11.70		5400
2004-06-04	11.83	11.92	11.76	11.89		7900
2004-06-07	11.97	12.10	11.97	12.10		39900
2004-06-08	11.97	11.97	11.93	11.95		113000
2004-06-09	11.81	11.84	11.66	11.71		27900
2004-06-10	11.73	11.81	11.71	11.81		25000
2004-06-14	11.58	11.58	11.52	11.56		51200
2004-06-15	11.67	11.78	11.55	11.75		53800
2004-06-16	11.74	11.77	11.71	11.75		10400
2004-06-17	11.77	11.85	11.75	11.78		21200
2004-06-18	11.84	11.92	11.84	11.92		15400
2004-06-21	11.88	11.93	11.84	11.85		51600
2004-06-22	11.84	11.88	11.78	11.88		50300
2004-06-23	11.88	11.92	11.79	11.89		124100
2004-06-24	12.02	12.03	11.92	11.92		5500
2004-06-25	11.96	11.96	11.89	11.89		1400
2004-06-28	12.04	12.09	11.54	11.99		33200
2004-06-29	11.97	12.02	11.89	11.90		14800
2004-06-30	12.01	12.01	11.90	11.99		9300
2004-07-01	12.01	12.01	11.81	11.82		7600
2004-07-02	11.89	11.95	11.86	11.92		26400
2004-07-06	11.86	11.90	11.81	11.84		41700
2004-07-07	11.88	11.96	11.88	11.96		4200
2004-07-08	11.89	11.98	11.89	11.91		2000
2004-07-09	11.92	11.97	11.92	11.94		6700
2004-07-12	11.92	11.99	11.88	11.99		9700
2004-07-13	11.90	11.90	11.87	11.89		10400
2004-07-14	11.84	11.92	11.84	11.84		2900
2004-07-15	11.84	11.84	11.74	11.75		5100
2004-07-16	11.87	11.87	11.79	11.79		16200
2004-07-19	11.79	11.79	11.75	11.75		16400
2004-07-20	11.75	11.80	11.73	11.79		11200
2004-07-21	11.79	11.79	11.65	11.67		12700
2004-07-22	11.62	11.67	11.55	11.65		37700
2004-07-23	11.53	11.53	11.37	11.37		19800
2004-07-26	11.43	11.43	11.29	11.33		2300
2004-07-27	11.31	11.49	11.31	11.49		14500
2004-07-28	11.43	11.43	11.37	11.37		3000
2004-07-29	11.48	11.60	11.48	11.60		9000
2004-07-30	11.52	11.63	11.50	11.57		10600
2004-08-02	11.44	11.49	11.44	11.47		8300
2004-08-03	11.52	11.61	11.52	11.56		21000
2004-08-04	11.38	11.50	11.38	11.50		6400
2004-08-05	11.52	11.52	11.33	11.33		15100
2004-08-06	11.47	11.47	11.36	11.39		11500
2004-08-09	11.37	11.37	11.24	11.28		42600
2004-08-10	11.40	11.47	11.37	11.46		15000
2004-08-11	11.30	11.33	11.25	11.30		8500
2004-08-12	11.30	11.30	11.26	11.26		10700
2004-08-13	11.34	11.35	11.28	11.28		11300
2004-08-16	11.41	11.42	11.41	11.42		700
2004-08-17	11.50	11.51	11.46	11.51		6200
2004-08-18	11.48	11.58	11.47	11.58		25600
2004-08-19	11.58	11.59	11.57	11.59		9600
2004-08-20	11.56	11.60	11.56	11.60		2700
2004-08-23	11.62	11.62	11.46	11.47		2500
2004-08-24	11.50	11.50	11.42	11.42		2200
2004-08-25	11.53	11.59	11.53	11.59		5100
2004-08-26	11.60	11.63	11.56	11.63		28300
2004-08-27	11.64	11.66	11.64	11.66		2300
2004-08-30	11.64	11.67	11.59	11.62		49700
2004-08-31	11.60	11.63	11.56	11.60		5800
2004-09-01	11.63	11.68	11.63	11.67		3500
2004-09-02	11.67	11.78	11.66	11.78		15000
2004-09-03	11.67	11.77	11.67	11.71		8400
2004-09-07	11.77	11.81	11.73	11.77		35100
2004-09-08	11.69	11.80	11.69	11.78		2500
2004-09-09	11.68	11.80	11.68	11.80		6800
2004-09-10	11.87	11.94	11.87	11.90		900
2004-09-13	11.98	12.05	11.95	12.05		7600
2004-09-14	11.99	12.02	11.97	11.97		400
2004-09-15	11.90	11.92	11.77	11.84		25200
2004-09-16	11.81	11.93	11.81	11.84		31300
2004-09-17	11.98	11.99	11.90	11.90		3900
2004-09-20	11.85	11.85	11.85	11.85		900
2004-09-21	12.02	12.07	12.02	12.07		3500
2004-09-22	11.92	11.97	11.89	11.96		8200
2004-09-23	11.89	11.92	11.81	11.81		12400
2004-09-24	11.88	11.95	11.86	11.95		6100
2004-09-27	11.85	11.92	11.80	11.92		3400
2004-09-28	11.93	11.99	11.92	11.99		2100
2004-09-29	11.99	12.03	11.99	12.03		2400
2004-09-30	11.63	11.97	11.63	11.97		28100
2004-10-01	12.07	12.27	12.07	12.27		23700
2004-10-04	12.22	12.26	12.17	12.26		45200
2004-10-05	12.23	12.29	12.20	12.28		8400
2004-10-06	12.20	12.26	12.20	12.21		7000
2004-10-07	12.20	12.22	12.19	12.19		1500
2004-10-08	12.15	12.28	12.15	12.16		12000
2004-10-11	12.20	12.25	12.20	12.25		2700
2004-10-12	11.97	12.07	11.97	12.02		23200
2004-10-13	11.99	11.99	11.98	11.98		600
2004-10-14	11.98	12.01	11.91	11.92		2300
2004-10-15	12.12	12.15	12.12	12.12		11600
2004-10-18	12.13	12.16	12.10	12.12		3800
2004-10-19	12.23	12.26	12.19	12.22		2300
2004-10-20	12.17	12.24	12.16	12.22		6900
2004-10-21	12.27	12.33	12.23	12.27		15400
2004-10-22	12.28	12.33	12.22	12.22		15500
2004-10-25	12.22	12.26	12.20	12.23		26800
2004-10-26	12.23	12.23	12.22	12.23		1600
2004-10-27	12.32	12.45	12.32	12.45		2300
2004-10-28	12.46	12.53	12.46	12.53		4900
2004-10-29	12.54	12.57	12.50	12.57		2000
2004-11-01	12.58	12.60	12.52	12.57		56500
2004-11-02	12.63	12.65	12.57	12.61		11200
2004-11-03	12.72	12.80	12.72	12.75		16400
2004-11-04	12.79	12.95	12.75	12.89		26000
2004-11-05	12.85	13.02	12.85	12.95		17500
2004-11-08	12.93	12.95	12.88	12.88		10000
2004-11-09	12.87	12.90	12.87	12.88		7600
2004-11-10	12.95	12.96	12.87	12.87		22400
2004-11-11	13.03	13.17	12.99	13.17		19400
2004-11-12	13.09	13.24	13.05	13.24		21300
2004-11-15	13.10	13.12	13.05	13.05		14400
2004-11-16	13.00	13.02	12.97	13.00		23700
2004-11-17	13.12	13.25	13.12	13.21		7800
2004-11-18	13.14	13.15	13.10	13.10		8400
2004-11-19	13.10	13.10	13.00	13.00		8400
2004-11-22	12.96	13.09	12.95	13.09		9200
2004-11-23	13.09	13.09	13.03	13.04		26900
2004-11-24	13.10	13.16	13.08	13.14		13700
2004-11-26	13.16	13.32	13.16	13.31		9100
2004-11-29	13.35	13.37	13.20	13.31		9700
2004-11-30	13.30	13.30	13.18	13.24		10200
2004-12-01	13.25	13.42	13.25	13.42		5200
2004-12-02	13.43	13.43	13.38	13.40		3700
2004-12-03	13.32	13.47	13.32	13.47		4500
2004-12-06	13.34	13.43	13.34	13.43		11600
2004-12-07	13.43	13.46	13.39	13.44		6200
2004-12-08	13.22	13.37	13.16	13.37		41900
2004-12-09	13.15	13.31	13.11	13.31		24900
2004-12-10	13.08	13.18	13.08	13.17		93300
2004-12-13	13.33	13.40	13.28	13.39		4800
2004-12-14	13.40	13.44	13.34	13.42		10900
2004-12-15	13.44	13.51	13.44	13.48		3000
2004-12-16	13.38	13.41	13.30	13.33		9700
2004-12-17	13.22	13.22	13.13	13.20		23100
2004-12-20	13.26	13.31	13.21	13.22		46400
2004-12-21	13.34	13.39	13.31	13.35		17300
2004-12-22	13.41	13.47	13.41	13.42		1200
2004-12-23	13.59	13.65	13.56	13.56		10300
2004-12-27	13.70	13.74	13.65	13.74		23700
2004-12-28	13.66	13.77	13.66	13.77		35500
2004-12-29	13.73	13.74	13.67	13.74		16400
2004-12-30	13.73	13.84	13.73	13.75		11600
2004-12-31	13.70	13.75	13.68	13.70		14000
2005-01-03	13.80	13.83	13.69	13.73		24400
2005-01-04	13.62	13.62	13.42	13.42		6300
2005-01-05	13.42	13.44	13.37	13.44		4600
2005-01-06	13.39	13.48	13.38	13.40		15100
2005-01-07	13.55	13.55	13.34	13.36		16700
2005-01-10	13.34	13.42	13.34	13.39		57100
2005-01-11	13.31	13.35	13.27	13.29		113100
2005-01-12	13.36	13.40	13.35	13.39		18900
2005-01-13	13.37	13.37	13.33	13.33		3700
2005-01-14	13.26	13.36	13.26	13.35		8900
2005-01-18	13.25	13.38	13.25	13.38		18100
2005-01-19	13.40	13.40	13.25	13.25		16800
2005-01-20	13.18	13.19	13.07	13.08		35200
2005-01-21	13.24	13.29	13.18	13.25		22300
2005-01-24	13.27	13.28	13.16	13.17		28700
2005-01-25	13.27	13.33	13.27	13.30		19700
2005-01-26	13.36	13.46	13.36	13.38		26700
2005-01-27	13.30	13.39	13.30	13.38		22300
2005-01-28	13.44	13.44	13.28	13.28		182800
2005-01-31	13.42	13.53	13.42	13.48		16700
2005-02-01	13.51	13.60	13.48	13.54		18600
2005-02-02	13.65	13.65	13.57	13.60		14300
2005-02-03	13.47	13.50	13.44	13.50		29700
2005-02-04	13.48	13.54	13.44	13.47		16100
2005-02-07	13.51	13.52	13.43	13.44		10300
2005-02-08	13.41	13.47	13.39	13.43		15600
2005-02-09	13.43	13.46	13.41	13.41		49100
2005-02-10	13.48	13.59	13.48	13.55		57900
2005-02-11	13.58	13.70	13.58	13.70		30100
2005-02-14	13.75	13.81	13.71	13.77		49400
2005-02-15	13.81	13.93	13.80	13.93		91700
2005-02-16	13.83	13.87	13.77	13.83		18300
2005-02-17	13.90	13.91	13.82	13.83		37800
2005-02-18	13.90	14.01	13.90	14.01		22000
2005-02-22	13.94	14.05	13.94	13.97		51700
2005-02-23	13.91	13.96	13.85	13.87		45000
2005-02-24	13.96	13.97	13.89	13.97		12700
2005-02-25	14.02	14.22	14.01	14.22		31000
2005-02-28	14.14	14.21	14.10	14.16		52800
2005-03-01	14.16	14.21	14.13	14.13		47900
2005-03-02	14.03	14.14	14.02	14.12		29500
2005-03-03	14.10	14.16	14.04	14.04		14800
2005-03-04	14.23	14.40	14.23	14.31		110700
2005-03-07	14.31	14.43	14.30	14.34		15400
2005-03-08	14.38	14.44	14.37	14.40		29300
2005-03-09	14.35	14.44	14.35	14.38		37500
2005-03-10	14.37	14.41	14.34	14.38		11600
2005-03-11	14.37	14.45	14.37	14.38		17700
2005-03-14	14.34	14.34	14.26	14.28		46300
2005-03-15	14.38	14.38	14.27	14.27		55500
2005-03-16	14.28	14.31	14.20	14.21		24200
2005-03-17	14.24	14.28	14.18	14.24		25500
2005-03-18	14.24	14.25	14.17	14.17		18500
2005-03-21	14.14	14.14	14.02	14.05		12800
2005-03-22	14.00	14.14	13.84	13.84		15500
2005-03-23	13.79	13.85	13.79	13.82		19400
2005-03-24	13.88	13.94	13.86	13.86		8700
2005-03-28	13.89	13.91	13.80	13.85		10700
2005-03-29	13.85	13.90	13.79	13.87		28800
2005-03-30	13.89	13.98	13.89	13.97		27500
2005-03-31	14.00	14.02	13.87	13.87		28000
2005-04-01	14.00	14.01	13.80	13.89		44100
2005-04-04	13.77	13.80	13.67	13.80		14100
2005-04-05	13.81	13.85	13.79	13.85		26800
2005-04-06	13.89	14.01	13.84	14.00		144100
2005-04-07	14.05	14.09	13.95	13.95		84800
2005-04-08	13.98	14.10	13.94	14.08		25900
2005-04-11	14.09	14.14	14.08	14.10		20500
2005-04-12	14.02	14.10	13.91	14.10		18200
2005-04-13	13.97	14.04	13.96	13.96		44800
2005-04-14	13.90	13.93	13.82	13.87		115200
2005-04-15	13.82	13.84	13.65	13.65		18100
2005-04-18	13.59	13.65	13.56	13.63		14700
2005-04-19	13.65	13.69	13.56	13.61		41700
2005-04-20	13.56	13.63	13.53	13.58		28300
2005-04-21	13.67	13.74	13.62	13.74		52700
2005-04-22	13.77	13.77	13.65	13.69		10900
2005-04-25	13.71	13.73	13.65	13.73		14900
2005-04-26	13.64	13.71	13.63	13.64		41000
2005-04-27	13.49	13.51	13.37	13.51		57100
2005-04-28	13.31	13.40	13.24	13.28		52400
2005-04-29	13.38	13.45	13.30	13.40		39400
2005-05-02	13.36	13.47	13.36	13.42		26800
2005-05-03	13.44	13.52	13.42	13.42		150500
2005-05-04	13.54	13.65	13.51	13.64		225900
2005-05-05	13.74	13.78	13.65	13.68		28700
2005-05-06	13.68	13.75	13.65	13.71		9300
2005-05-09	13.67	13.69	13.63	13.69		3600
2005-05-10	13.59	13.63	13.56	13.56		8000
2005-05-11	13.56	13.56	13.49	13.54		72700
2005-05-12	13.48	13.54	13.40	13.46		26000
2005-05-13	13.48	13.50	13.35	13.47		23500
2005-05-16	13.36	13.53	13.36	13.53		14100
2005-05-17	13.43	13.51	13.36	13.44		21800
2005-05-18	13.45	13.75	13.45	13.62		9700
2005-05-19	13.71	13.73	13.62	13.73		114000
2005-05-20	13.69	13.71	13.63	13.71		172200
2005-05-23	13.71	13.84	13.71	13.84		7900
2005-05-24	13.75	13.75	13.68	13.68		30200
2005-05-25	13.78	13.78	13.68	13.76		2500
2005-05-26	13.78	13.82	13.72	13.81		32900
2005-05-27	13.79	13.88	13.73	13.88		12500
2005-05-31	13.71	13.71	13.60	13.66		54600
2005-06-01	13.52	13.72	13.52	13.61		33500
2005-06-02	13.65	13.80	13.65	13.80		8000
2005-06-03	13.77	13.79	13.62	13.70		157700
2005-06-06	13.69	13.74	13.65	13.74		102600
2005-06-07	13.73	13.85	13.72	13.77		30600
2005-06-08	13.81	13.83	13.69	13.75		48600
2005-06-09	13.69	13.74	13.64	13.68		27300
2005-06-10	13.71	13.77	13.54	13.65		53000
2005-06-13	13.59	13.74	13.59	13.74		13000
2005-06-14	13.60	13.65	13.54	13.59		3900
2005-06-15	13.74	13.74	13.59	13.59		2000
2005-06-16	13.71	13.71	13.56	13.62		9600
2005-06-17	13.77	13.97	13.77	13.90		18800
2005-06-20	13.78	13.79	13.69	13.77		52200
2005-06-21	13.74	13.87	13.67	13.87		28300
2005-06-22	13.76	13.82	13.76	13.82		6900
2005-06-23	13.73	13.79	13.69	13.74		20300
2005-06-24	13.68	13.70	13.59	13.66		164000
2005-06-27	13.65	13.65	13.54	13.54		7400
2005-06-28	13.59	13.65	13.59	13.65		1300
2005-06-29	13.73	13.79	13.70	13.76		7300
2005-06-30	13.82	13.82	13.74	13.79		9200
2005-07-01	13.82	13.82	13.69	13.69		20000
2005-07-05	13.52	13.73	13.52	13.65		44500
2005-07-06	13.67	13.71	13.63	13.71		154400
2005-07-07	13.49	13.67	13.46	13.62		41500
2005-07-08	13.74	13.90	13.74	13.87		272700
2005-07-11	13.92	14.16	13.92	13.99		37900
2005-07-12	14.10	14.26	14.10	14.24		32800
2005-07-13	14.14	14.17	14.10	14.14		12000
2005-07-14	14.26	14.27	14.18	14.18		24000
2005-07-15	14.17	14.22	14.17	14.22		600
2005-07-18	14.11	14.21	14.11	14.17		3400
2005-07-19	14.17	14.36	14.16	14.27		18700
2005-07-20	14.33	14.48	14.24	14.45		31100
2005-07-21	14.51	14.51	14.33	14.43		29500
2005-07-22	14.40	14.40	14.33	14.34		5600
2005-07-25	14.37	14.37	14.28	14.28		30000
2005-07-26	14.34	14.37	14.28	14.37		7500
2005-07-27	14.34	14.43	14.29	14.43		10400
2005-07-28	14.53	14.57	14.46	14.55		28400
2005-07-29	14.58	14.58	14.47	14.47		3600
2005-08-01	14.63	14.70	14.60	14.61		11000
2005-08-02	14.69	14.83	14.69	14.82		151400
2005-08-03	14.86	14.99	14.80	14.92		90100
2005-08-04	14.83	14.88	14.75	14.75		97900
2005-08-05	14.80	14.80	14.62	14.70		14700
2005-08-08	14.77	14.84	14.69	14.69		75100
2005-08-09	14.87	14.99	14.82	14.90		30000
2005-08-10	15.04	15.08	14.97	15.08		45800
2005-08-11	15.07	15.16	15.01	15.16		42300
2005-08-12	14.97	15.02	14.93	14.98		162500
2005-08-15	14.92	14.96	14.87	14.89		32700
2005-08-16	14.80	14.86	14.69	14.77		39000
2005-08-17	14.64	14.71	14.59	14.61		58500
2005-08-18	14.47	14.56	14.43	14.51		41800
2005-08-19	14.54	14.67	14.54	14.64		24600
2005-08-22	14.71	14.77	14.68	14.70		26700
2005-08-23	14.64	14.67	14.57	14.57		11600
2005-08-24	14.51	14.65	14.51	14.51		24400
2005-08-25	14.48	14.57	14.48	14.49		26300
2005-08-26	14.44	14.47	14.35	14.35		4700
2005-08-29	14.43	14.43	14.37	14.43		26300
2005-08-30	14.38	14.39	14.31	14.39		26200
2005-08-31	14.46	14.67	14.46	14.67		19800
2005-09-01	14.80	14.95	14.80	14.94		13900
2005-09-02	14.89	14.92	14.84	14.92		36100
2005-09-06	15.02	15.04	14.96	15.03		199300
2005-09-07	14.98	15.04	14.97	14.97		110800
2005-09-08	14.94	15.00	14.84	14.86		64700
2005-09-09	14.95	15.06	14.95	15.06		7900
2005-09-12	14.92	14.94	14.83	14.86		29800
2005-09-13	14.81	14.81	14.72	14.75		33100
2005-09-14	14.85	14.85	14.73	14.73		7600
2005-09-15	14.73	14.82	14.72	14.76		16900
2005-09-16	14.87	14.92	14.81	14.92		13200
2005-09-19	14.82	14.83	14.71	14.74		39300
2005-09-20	14.85	14.89	14.74	14.74		12800
2005-09-21	14.74	14.77	14.66	14.68		9100
2005-09-22	14.63	14.64	14.49	14.56		7000
2005-09-23	14.49	14.59	14.49	14.50		16400
2005-09-26	14.74	14.80	14.72	14.76		50600
2005-09-27	14.73	14.76	14.65	14.75		14000
2005-09-28	14.84	14.88	14.83	14.88		12000
2005-09-29	14.89	15.03	14.82	14.94		68000
2005-09-30	14.92	14.99	14.85	14.89		21500
2005-10-03	14.87	14.91	14.80	14.91		52500
2005-10-04	14.90	15.02	14.80	14.80		57700
2005-10-05	14.91	14.91	14.68	14.71		43000
2005-10-06	14.75	14.84	14.68	14.70		50100
2005-10-07	14.84	14.85	14.75	14.76		18500
2005-10-10	14.78	14.78	14.67	14.69		598200
2005-10-11	14.76	14.76	14.67	14.69		8700
2005-10-12	14.69	14.76	14.52	14.57		505200
2005-10-13	14.33	14.50	14.31	14.42		21200
2005-10-14	14.54	14.66	14.49	14.66		24300
2005-10-17	14.55	14.57	14.49	14.54		23300
2005-10-18	14.36	14.36	14.30	14.33		8200
2005-10-19	14.11	14.36	14.08	14.36		509100
2005-10-20	14.20	14.26	14.06	14.11		66000
2005-10-21	14.14	14.16	14.05	14.06		57200
2005-10-24	14.12	14.38	14.12	14.32		21800
2005-10-25	14.41	14.41	14.25	14.35		25100
2005-10-26	14.30	14.30	14.26	14.28		4700
2005-10-27	14.15	14.20	14.09	14.09		3700
2005-10-28	14.10	14.19	14.04	14.11		30500
2005-10-31	14.26	14.39	14.22	14.31		605300
2005-11-01	14.33	14.36	14.28	14.34		12400
2005-11-02	14.29	14.44	14.29	14.43		18200
2005-11-03	14.51	14.57	14.45	14.49		24500
2005-11-04	14.47	14.47	14.25	14.33		22100
2005-11-07	14.29	14.38	14.29	14.36		14500
2005-11-08	14.27	14.31	14.25	14.29		29100
2005-11-09	14.18	14.28	14.14	14.24		1349000
2005-11-10	14.25	14.25	14.09	14.20		559100
2005-11-11	14.20	14.29	14.20	14.28		33600
2005-11-14	14.30	14.35	14.25	14.31		17600
2005-11-15	14.32	14.37	14.20	14.37		427500
2005-11-16	14.16	14.25	14.13	14.14		52600
2005-11-17	14.22	14.34	14.21	14.28		161600
2005-11-18	14.40	14.45	14.32	14.40		12700
2005-11-21	14.53	14.57	14.45	14.51		11200
2005-11-22	14.47	14.71	14.45	14.55		99300
2005-11-23	14.63	14.70	14.58	14.69		698100
2005-11-25	14.63	14.64	14.53	14.53		12700
2005-11-28	14.60	14.62	14.52	14.56		13000
2005-11-29	14.63	14.64	14.54	14.57		719000
2005-11-30	14.54	14.56	14.49	14.51		423900
2005-12-01	14.51	14.72	14.51	14.72		9200
2005-12-02	14.67	14.76	14.64	14.76		9500
2005-12-05	14.80	14.84	14.75	14.82		34000
2005-12-06	14.86	14.94	14.80	14.87		53900
2005-12-07	14.88	14.88	14.70	14.73		30800
2005-12-08	14.79	14.95	14.77	14.83		33700
2005-12-09	14.88	14.92	14.84	14.88		7300
2005-12-12	15.04	15.11	15.04	15.08		1946300
2005-12-13	15.16	15.23	15.11	15.20		12000
2005-12-14	15.20	15.23	15.17	15.21		7200
2005-12-15	15.16	15.16	15.04	15.11		6300
2005-12-16	15.18	15.26	15.18	15.23		21400
2005-12-19	15.26	15.26	15.16	15.20		13200
2005-12-20	15.14	15.14	15.03	15.04		1057200
2005-12-21	15.17	15.19	15.08	15.16		33800
2005-12-22	15.19	15.26	15.19	15.23		23700
2005-12-23	15.24	15.26	15.19	15.21		17200
2005-12-27	15.26	15.30	15.15	15.15		171200
2005-12-28	15.35	15.36	15.18	15.21		23400
2005-12-29	15.24	15.28	15.22	15.24		179600
2005-12-30	15.01	15.28	14.96	15.08		17300
2006-01-03	15.40	15.72	15.40	15.65		392000
2006-01-04	15.77	15.88	15.72	15.85		130800
2006-01-05	15.79	15.83	15.75	15.83		32900
2006-01-06	15.91	16.02	15.90	16.02		40400
2006-01-09	15.91	15.96	15.89	15.96		49000
2006-01-10	15.80	15.91	15.79	15.91		101900
2006-01-11	15.94	16.06	15.94	16.05		80700
2006-01-12	15.97	15.97	15.84	15.85		36100
2006-01-13	15.77	15.91	15.75	15.89		21800
2006-01-17	15.73	15.76	15.66	15.76		30900
2006-01-18	15.65	15.69	15.55	15.63		38000
2006-01-19	15.63	15.80	15.63	15.75		309800
2006-01-20	15.86	15.86	15.47	15.53		49400
2006-01-23	15.72	15.79	15.70	15.79		449800
2006-01-24	15.88	15.88	15.76	15.80		82700
2006-01-25	15.88	15.93	15.81	15.85		157400
2006-01-26	16.09	16.15	16.07	16.09		60700
2006-01-27	16.31	16.34	16.15	16.20		115700
2006-01-30	16.19	16.19	16.12	16.18		25000
2006-01-31	16.24	16.32	16.19	16.29		26900
2006-02-01	16.22	16.36	16.22	16.30		59300
2006-02-02	16.24	16.25	16.07	16.07		114100
2006-02-03	15.94	16.07	15.91	16.05		20800
2006-02-06	15.98	15.98	15.91	15.95		38300
2006-02-07	15.92	15.94	15.83	15.83		31400
2006-02-08	15.84	15.89	15.78	15.89		23100
2006-02-09	16.01	16.05	15.97	16.00		68400
2006-02-10	16.00	16.02	15.83	15.87		90200
2006-02-13	15.83	15.95	15.82	15.87		68000
2006-02-14	15.87	16.02	15.80	16.02		114500
2006-02-15	15.91	16.01	15.80	15.84		91200
2006-02-16	15.83	15.97	15.83	15.97		38800
2006-02-17	15.94	16.11	15.94	16.09		219600
2006-02-21	16.11	16.12	15.97	16.03		95600
2006-02-22	16.05	16.20	16.05	16.14		80100
2006-02-23	16.15	16.22	16.10	16.12		87800
2006-02-24	16.13	16.23	16.13	16.20		50400
2006-02-27	16.12	16.22	16.12	16.20		24300
2006-02-28	16.18	16.18	16.01	16.04		49400
2006-03-01	16.14	16.25	16.14	16.24		100500
2006-03-02	16.19	16.25	16.14	16.25		559000
2006-03-03	16.18	16.28	16.15	16.26		108500
2006-03-06	16.27	16.32	16.15	16.18		36700
2006-03-07	16.00	16.00	15.90	15.95		85200
2006-03-08	15.89	15.98	15.88	15.94		76200
2006-03-09	15.96	16.07	15.96	16.01		34800
2006-03-10	16.02	16.29	16.02	16.29		816600
2006-03-13	16.36	16.43	16.36	16.37		18300
2006-03-14	16.43	16.60	16.38	16.59		316200
2006-03-15	16.66	16.67	16.58	16.66		55900
2006-03-16	16.75	16.82	16.69	16.77		31100
2006-03-17	16.86	16.88	16.79	16.85		22700
2006-03-20	16.91	16.91	16.78	16.83		30600
2006-03-21	16.78	16.81	16.69	16.69		28800
2006-03-22	16.79	16.92	16.79	16.90		80900
2006-03-23	16.81	16.84	16.69	16.73		102400
2006-03-24	16.78	16.90	16.74	16.87		23700
2006-03-27	16.78	16.78	16.66	16.70		35900
2006-03-28	16.73	16.77	16.58	16.58		800800
2006-03-29	16.69	16.84	16.66	16.82		37000
2006-03-30	16.97	17.07	16.97	17.06		196100
2006-03-31	17.05	17.05	16.95	16.96		30900
2006-04-03	16.97	17.13	16.97	17.10		778500
2006-04-04	17.17	17.23	17.16	17.23		103200
2006-04-05	17.23	17.30	17.19	17.28		72200
2006-04-06	17.23	17.23	17.09	17.17		55900
2006-04-07	17.15	17.15	16.83	16.86		143200
2006-04-10	16.84	16.92	16.83	16.88		30200
2006-04-11	16.84	16.84	16.63	16.67		68500
2006-04-12	16.62	16.63	16.54	16.55		29200
2006-04-13	16.48	16.64	16.48	16.63		843000
2006-04-17	16.72	16.83	16.72	16.79		48400
2006-04-18	16.89	17.01	16.82	17.01		69100
2006-04-19	16.96	17.19	16.96	17.18		239300
2006-04-20	17.20	17.27	17.18	17.26		26300
2006-04-21	17.33	17.41	17.31	17.38		105900
2006-04-24	17.41	17.47	17.35	17.47		287000
2006-04-25	17.50	17.54	17.37	17.46		247000
2006-04-26	17.51	17.59	17.51	17.56		94000
2006-04-27	17.35	17.61	17.30	17.54		53600
2006-04-28	17.57	17.63	17.52	17.59		53300
2006-05-01	17.60	17.70	17.45	17.45		23000
2006-05-02	17.70	17.80	17.68	17.78		338600
2006-05-03	17.78	17.78	17.57	17.66		299900
2006-05-04	17.72	17.90	17.71	17.84		120100
2006-05-05	18.09	18.14	18.00	18.14		327400
2006-05-08	18.29	18.29	18.08	18.09		140800
2006-05-09	18.23	18.24	18.14	18.24		209800
2006-05-10	18.24	18.32	18.17	18.22		166900
2006-05-11	18.27	18.32	18.14	18.14		178000
2006-05-12	18.09	18.13	17.87	17.92		218900
2006-05-15	17.63	17.69	17.45	17.54		320100
2006-05-16	17.65	17.70	17.56	17.63		79800
2006-05-17	17.66	17.66	16.92	16.98		278700
2006-05-18	17.11	17.20	17.01	17.06		274200
2006-05-19	17.05	17.21	16.96	17.21		205200
2006-05-22	16.92	16.99	16.75	16.95		136400
2006-05-23	17.10	17.24	17.01	17.03		109600
2006-05-24	16.97	17.01	16.66	16.87		105300
2006-05-25	17.13	17.22	16.98	17.11		111900
2006-05-26	17.33	17.39	17.21	17.36		97300
2006-05-30	17.30	17.30	17.06	17.09		178200
2006-05-31	17.36	17.36	17.10	17.23		46600
2006-06-01	17.03	17.39	16.97	17.39		172500
2006-06-02	17.63	17.63	17.40	17.56		57500
2006-06-05	17.52	17.53	17.17	17.24		959400
2006-06-06	16.97	17.07	16.84	17.03		418000
2006-06-07	16.81	17.00	16.73	16.79		583400
2006-06-08	16.20	16.49	16.11	16.43		232700
2006-06-09	16.55	16.61	16.34	16.36		147600
2006-06-12	16.38	16.42	16.15	16.22		151300
2006-06-13	15.97	16.13	15.62	15.91		318600
2006-06-14	15.79	16.04	15.79	15.95		413800
2006-06-15	16.23	16.52	16.23	16.51		85600
2006-06-16	16.37	16.41	16.23	16.33		78100
2006-06-19	16.47	16.47	16.17	16.25		58300
2006-06-20	16.29	16.49	16.28	16.44		49800
2006-06-21	16.43	16.72	16.40	16.66		54400
2006-06-22	16.56	16.62	16.46	16.59		157200
2006-06-23	16.44	16.68	16.44	16.58		72700
2006-06-26	16.52	16.72	16.49	16.72		43400
2006-06-27	16.66	16.69	16.40	16.40		67400
2006-06-28	16.54	16.63	16.45	16.63		34000
2006-06-29	16.72	17.26	16.69	17.22		82300
2006-06-30	17.40	17.49	17.30	17.39		96800
2006-07-03	17.49	17.56	17.44	17.55		34600
2006-07-05	17.31	17.35	17.03	17.13		711300
2006-07-06	17.20	17.36	17.20	17.33		416500
2006-07-07	17.30	17.42	17.21	17.25		232200
2006-07-10	17.26	17.42	17.26	17.33		134900
2006-07-11	17.22	17.37	17.13	17.37		77700
2006-07-12	17.33	17.33	17.06	17.08		84500
2006-07-13	16.92	16.95	16.77	16.77		412100
2006-07-14	16.80	16.80	16.58	16.62		87300
2006-07-17	16.40	16.45	16.31	16.34		72000
2006-07-18	16.36	16.36	16.08	16.26		139200
2006-07-19	16.29	16.85	16.29	16.82		52200
2006-07-20	16.99	16.99	16.75	16.79		35200
2006-07-21	16.80	16.80	16.69	16.74		30300
2006-07-24	16.85	17.04	16.83	17.02		38800
2006-07-25	17.04	17.16	16.97	17.09		33600
2006-07-26	17.09	17.29	17.03	17.26		322700
2006-07-27	17.42	17.46	17.24	17.28		95500
2006-07-28	17.35	17.59	17.35	17.55		29000
2006-07-31	17.56	17.57	17.50	17.53		17800
2006-08-01	17.42	17.44	17.24	17.43		115000
2006-08-02	17.56	17.69	17.55	17.60		89100
2006-08-03	17.44	17.59	17.42	17.59		23000
2006-08-04	17.88	17.88	17.55	17.57		55100
2006-08-07	17.49	17.54	17.39	17.42		42700
2006-08-08	17.44	17.60	17.37	17.41		1081600
2006-08-09	17.69	17.72	17.51	17.51		376300
2006-08-10	17.41	17.46	17.30	17.46		112300
2006-08-11	17.34	17.41	17.28	17.36		52600
2006-08-14	17.50	17.56	17.40	17.43		64600
2006-08-15	17.71	17.88	17.71	17.87		67900
2006-08-16	18.04	18.10	17.94	18.10		36400
2006-08-17	18.08	18.11	17.98	18.02		62700
2006-08-18	18.06	18.09	17.94	18.09		187200
2006-08-21	18.05	18.09	17.96	18.02		82700
2006-08-22	17.89	17.97	17.82	17.94		57700
2006-08-23	17.96	17.99	17.77	17.84		21400
2006-08-24	17.91	17.99	17.81	17.87		29300
2006-08-25	17.87	17.91	17.81	17.88		56300
2006-08-28	17.96	18.09	17.91	17.97		184200
2006-08-29	18.11	18.15	17.99	18.15		197300
2006-08-30	18.25	18.25	18.14	18.18		114600
2006-08-31	18.24	18.24	18.10	18.17		142500
2006-09-01	18.17	18.28	18.14	18.23		40500
2006-09-05	18.14	18.23	18.09	18.23		261500
2006-09-06	18.03	18.03	17.89	17.93		372800
2006-09-07	17.68	17.75	17.60	17.66		110500
2006-09-08	17.64	17.67	17.56	17.67		69400
2006-09-11	17.59	17.68	17.51	17.65		63200
2006-09-12	17.72	17.92	17.68	17.87		249000
2006-09-13	17.78	17.94	17.78	17.92		23300
2006-09-14	17.94	17.94	17.80	17.92		37500
2006-09-15	17.92	17.92	17.81	17.82		328300
2006-09-18	17.82	17.96	17.81	17.91		40600
2006-09-19	17.98	17.98	17.66	17.78		60400
2006-09-20	17.94	18.11	17.94	18.08		65100
2006-09-21	18.14	18.19	18.08	18.12		73800
2006-09-22	18.09	18.13	17.99	18.05		351300
2006-09-25	18.10	18.16	17.89	18.09		291600
2006-09-26	18.17	18.21	18.07	18.17		248400
2006-09-27	18.20	18.27	18.17	18.20		34600
2006-09-28	18.27	18.34	18.25	18.34		540800
2006-09-29	18.34	18.34	18.24	18.30		33700
2006-10-02	18.33	18.35	18.23	18.28		473300
2006-10-03	18.20	18.27	18.14	18.16		1015600
2006-10-04	18.13	18.41	18.13	18.40		312000
2006-10-05	18.35	18.44	18.33	18.37		264500
2006-10-06	18.21	18.32	18.15	18.32		130500
2006-10-09	18.24	18.26	18.17	18.23		34300
2006-10-10	18.16	18.24	18.13	18.19		64500
2006-10-11	18.17	18.31	18.14	18.21		223600
2006-10-12	18.32	18.45	18.32	18.44		28500
2006-10-13	18.35	18.37	18.28	18.36		65800
2006-10-16	18.34	18.42	18.31	18.38		43400
2006-10-17	18.27	18.32	18.18	18.27		32000
2006-10-18	18.39	18.41	18.31	18.35		35400
2006-10-19	18.43	18.56	18.43	18.53		45800
2006-10-20	18.57	18.63	18.51	18.60		44000
2006-10-23	18.39	18.64	18.36	18.64		43700
2006-10-24	18.52	18.63	18.50	18.57		37100
2006-10-25	18.64	18.81	18.64	18.78		240700
2006-10-26	18.92	19.00	18.84	18.97		28200
2006-10-27	18.90	18.90	18.74	18.79		63400
2006-10-30	18.65	18.71	18.62	18.71		20100
2006-10-31	18.67	18.75	18.62	18.69		30500
2006-11-01	18.86	18.86	18.65	18.68		32300
2006-11-02	18.59	18.65	18.53	18.59		195300
2006-11-03	18.61	18.69	18.58	18.61		18700
2006-11-06	18.70	18.91	18.70	18.91		36100
2006-11-07	19.05	19.15	18.99	18.99		70800
2006-11-08	18.98	19.13	18.93	19.11		40700
2006-11-09	19.09	19.24	19.08	19.11		41100
2006-11-10	19.25	19.27	19.21	19.24		8000
2006-11-13	19.29	19.35	19.25	19.26		72100
2006-11-14	19.37	19.39	19.19	19.38		33200
2006-11-15	19.31	19.46	19.30	19.43		211800
2006-11-16	19.40	19.43	19.32	19.35		18900
2006-11-17	19.13	19.26	19.09	19.26		55400
2006-11-20	19.18	19.26	19.15	19.18		13000
2006-11-21	19.25	19.34	19.23	19.34		103500
2006-11-22	19.42	19.49	19.39	19.44		67800
2006-11-24	19.35	19.44	19.35	19.38		66400
2006-11-27	19.36	19.37	19.10	19.11		70700
2006-11-28	19.07	19.26	19.07	19.26		385000
2006-11-29	19.39	19.50	19.37	19.48		139600
2006-11-30	19.57	19.57	19.40	19.54		267100
2006-12-01	19.51	19.51	19.19	19.29		57400
2006-12-04	19.28	19.48	19.28	19.44		45300
2006-12-05	19.50	19.67	19.50	19.67		73100
2006-12-06	19.50	19.60	19.45	19.50		39700
2006-12-07	19.68	19.75	19.62	19.62		115300
2006-12-08	19.62	19.73	19.57	19.57		101000
2006-12-11	19.63	19.80	19.61	19.79		72800
2006-12-12	19.71	19.82	19.69	19.80		81800
2006-12-13	19.86	19.96	19.84	19.95		55600
2006-12-14	19.98	20.00	19.91	19.99		15500
2006-12-15	20.03	20.07	19.84	19.91		65800
2006-12-18	19.94	19.97	19.83	19.84		27000
2006-12-19	19.80	19.99	19.78	19.97		31400
2006-12-20	20.12	20.12	19.89	19.89		45500
2006-12-21	19.99	19.99	19.88	19.95		21700
2006-12-22	19.94	19.94	19.66	19.69		59700
2006-12-26	19.65	19.76	19.65	19.72		293900
2006-12-27	19.99	20.05	19.94	20.04		16200
2006-12-28	20.12	20.13	20.01	20.05		28500
2006-12-29	20.05	20.21	20.05	20.15		34000
2007-01-03	20.40	20.40	20.12	20.21		84200
2007-01-04	20.09	20.15	20.01	20.06		26500
2007-01-05	19.89	19.95	19.72	19.80		21600
2007-01-08	19.88	19.88	19.74	19.79		53700
2007-01-09	19.86	19.90	19.71	19.85		68300
2007-01-10	19.63	19.69	19.58	19.65		81600
2007-01-11	19.72	19.99	19.72	19.88		53800
2007-01-12	19.95	20.08	19.94	20.02		72900
2007-01-16	19.99	20.01	19.89	19.94		56600
2007-01-17	19.82	19.92	19.75	19.86		42800
2007-01-18	19.96	19.99	19.76	19.80		34600
2007-01-19	19.85	20.08	19.85	20.03		53300
2007-01-22	20.05	20.06	19.83	19.86		33000
2007-01-23	19.87	20.06	19.87	19.99		113900
2007-01-24	20.09	20.18	20.07	20.15		85700
2007-01-25	20.10	20.10	19.82	19.84		127600
2007-01-26	19.93	19.93	19.78	19.92		444600
2007-01-29	19.96	20.06	19.93	20.04		79400
2007-01-30	20.12	20.15	20.06	20.15		98900
2007-01-31	20.03	20.26	20.00	20.22		154300
2007-02-01	20.32	20.40	20.26	20.34		42500
2007-02-02	20.33	20.33	20.24	20.31		59200
2007-02-05	20.21	20.26	20.20	20.23		50100
2007-02-06	20.35	20.35	20.20	20.26		101600
2007-02-07	20.38	20.50	20.34	20.46		330100
2007-02-08	20.28	20.40	20.28	20.38		34200
2007-02-09	20.36	20.40	20.20	20.26		24000
2007-02-12	20.21	20.21	20.06	20.13		32900
2007-02-13	20.25	20.43	20.25	20.40		71100
2007-02-14	20.52	20.73	20.52	20.71		215400
2007-02-15	20.75	20.75	20.59	20.66		95600
2007-02-16	20.60	20.70	20.60	20.70		51900
2007-02-20	20.68	20.73	20.56	20.66		67500
2007-02-21	20.59	20.66	20.51	20.62		16000
2007-02-22	20.69	20.70	20.60	20.68		70800
2007-02-23	20.69	20.77	20.68	20.73		35300
2007-02-26	20.91	20.94	20.79	20.83		39300
2007-02-27	20.39	20.43	19.60	19.82		263300
2007-02-28	20.06	20.17	19.93	20.06		245500
2007-03-01	19.48	19.90	19.40	19.75		97700
2007-03-02	19.66	19.75	19.54	19.54		65100
2007-03-05	19.16	19.76	19.16	19.25		128300
2007-03-06	19.64	19.82	19.55	19.73		95900
2007-03-07	19.72	19.90	19.67	19.76		24400
2007-03-08	19.90	20.01	19.90	20.00		78400
2007-03-09	19.95	20.02	19.89	20.00		37200
2007-03-12	19.95	20.04	19.87	20.00		32900
2007-03-13	19.86	19.89	19.47	19.51		57900
2007-03-14	19.43	19.58	19.23	19.55		112700
2007-03-15	19.46	19.69	19.44	19.69		56900
2007-03-16	19.75	19.89	19.72	19.78		60500
2007-03-19	19.94	20.01	19.87	19.96		45400
2007-03-20	19.93	20.22	19.92	20.19		38900
2007-03-21	20.25	20.67	20.17	20.66		90700
2007-03-22	20.62	20.63	20.50	20.55		91400
2007-03-23	20.63	20.69	20.59	20.65		102900
2007-03-26	20.63	20.66	20.38	20.66		68000
2007-03-27	20.56	20.64	20.52	20.62		71600
2007-03-28	20.44	20.53	20.37	20.40		74400
2007-03-29	20.63	20.73	20.56	20.70		65800
2007-03-30	20.70	20.80	20.68	20.70		336000
2007-04-02	20.78	20.87	20.72	20.87		56300
2007-04-03	20.95	21.09	20.95	21.04		419500
2007-04-04	21.08	21.19	21.03	21.16		60100
2007-04-05	21.19	21.34	21.19	21.31		123900
2007-04-09	21.24	21.32	21.23	21.27		58900
2007-04-10	21.33	21.44	21.28	21.43		105300
2007-04-11	21.46	21.46	21.18	21.21		370500
2007-04-12	21.22	21.48	21.15	21.48		330700
2007-04-13	21.58	21.65	21.49	21.62		67500
2007-04-16	21.79	21.89	21.79	21.88		169600
2007-04-17	21.86	21.93	21.81	21.91		43500
2007-04-18	21.83	21.92	21.73	21.87		99500
2007-04-19	21.66	21.92	21.62	21.86		143500
2007-04-20	22.11	22.24	22.02	22.22		152500
2007-04-23	22.08	22.11	21.98	22.03		192400
2007-04-24	22.05	22.10	21.93	22.02		571700
2007-04-25	22.31	22.39	22.22	22.39		91200
2007-04-26	22.29	22.29	22.15	22.25		160300
2007-04-27	22.23	22.34	22.16	22.28		80600
2007-04-30	22.32	22.43	22.23	22.28		122800
2007-05-01	22.38	22.38	22.15	22.21		231300
2007-05-02	22.26	22.42	22.26	22.41		433000
2007-05-03	22.44	22.44	22.31	22.41		440200
2007-05-04	22.54	22.72	22.54	22.72		434700
2007-05-07	22.76	22.78	22.71	22.75		488400
2007-05-08	22.52	22.56	22.40	22.56		737900
2007-05-09	22.48	22.62	22.45	22.62		279800
2007-05-10	22.46	22.49	22.07	22.13		300200
2007-05-11	22.21	22.58	22.19	22.58		92200
2007-05-14	22.55	22.56	22.36	22.44		97700
2007-05-15	22.48	22.75	22.45	22.56		309200
2007-05-16	22.61	22.62	22.38	22.51		140800
2007-05-17	22.41	22.48	22.33	22.42		121800
2007-05-18	22.68	22.85	22.61	22.85		233800
2007-05-21	22.73	22.77	22.66	22.69		821000
2007-05-22	22.79	22.79	22.67	22.70		184000
2007-05-23	22.85	22.89	22.74	22.79		188900
2007-05-24	22.72	22.80	22.42	22.52		180300
2007-05-25	22.60	22.73	22.56	22.69		104600
2007-05-29	22.76	22.82	22.56	22.65		332100
2007-05-30	22.45	22.76	22.38	22.70		212400
2007-05-31	22.89	22.96	22.79	22.91		305500
2007-06-01	22.97	23.08	22.92	23.04		126700
2007-06-04	23.05	23.06	22.95	23.02		262600
2007-06-05	22.96	22.97	22.72	22.81		489200
2007-06-06	22.69	22.69	22.37	22.39		429400
2007-06-07	22.21	22.32	21.76	21.76		601200
2007-06-08	21.96	22.12	21.86	22.12		522700
2007-06-11	22.08	22.31	22.04	22.19		158400
2007-06-12	21.97	22.04	21.75	21.75		219600
2007-06-13	21.90	22.27	21.90	22.21		811600
2007-06-14	22.22	22.51	22.22	22.49		392300
2007-06-15	22.89	22.89	22.66	22.71		550300
2007-06-18	22.84	22.84	22.64	22.75		1361700
2007-06-19	22.74	22.81	22.66	22.78		159300
2007-06-20	22.90	22.91	22.42	22.44		267700
2007-06-21	22.44	22.64	22.36	22.60		142500
2007-06-22	22.54	22.66	22.26	22.34		414500
2007-06-25	22.34	22.52	22.22	22.23		217800
2007-06-26	22.38	22.47	22.08	22.08		185200
2007-06-27	22.13	22.41	22.08	22.33		368500
2007-06-28	22.44	22.69	22.44	22.45		175800
2007-06-29	22.63	22.78	22.48	22.60		164900
2007-07-02	22.75	22.92	22.72	22.86		229800
2007-07-03	22.98	23.02	22.95	23.01		63700
2007-07-05	22.99	23.21	22.79	22.89		994200
2007-07-06	23.08	23.17	23.04	23.13		137700
2007-07-09	23.22	23.24	23.13	23.13		292100
2007-07-10	22.89	23.04	22.72	22.76		184100
2007-07-11	22.86	23.06	22.81	23.06		181800
2007-07-12	23.22	23.60	23.22	23.59		151000
2007-07-13	23.51	23.57	23.42	23.52		186300
2007-07-16	23.42	23.51	23.37	23.39		146700
2007-07-17	23.34	23.44	23.30	23.34		168200
2007-07-18	23.19	23.25	22.89	23.10		272600
2007-07-19	23.34	23.39	23.25	23.26		164900
2007-07-20	23.10	23.14	22.72	22.86		165600
2007-07-23	23.02	23.16	22.95	23.09		138400
2007-07-24	22.89	22.89	22.40	22.51		420500
2007-07-25	22.57	22.59	22.20	22.40		260400
2007-07-26	21.89	22.04	21.31	21.48		1176900
2007-07-27	21.58	21.75	21.23	21.23		371200
2007-07-30	21.65	21.80	21.46	21.72		249600
2007-07-31	21.92	22.03	21.62	21.70		243600
2007-08-01	21.71	21.78	21.33	21.72		392900
2007-08-02	21.69	21.82	21.54	21.78		768000
2007-08-03	21.57	21.60	21.23	21.29		481200
2007-08-06	21.37	21.67	21.16	21.50		490200
2007-08-07	21.36	21.72	21.36	21.59		246000
2007-08-08	21.83	22.22	21.82	22.03		196400
2007-08-09	21.22	21.73	21.13	21.73		831700
2007-08-10	20.95	21.09	20.70	20.90		489000
2007-08-13	21.22	21.22	20.89	20.90		417100
2007-08-14	21.05	21.05	20.55	20.57		273900
2007-08-15	20.23	20.50	19.95	19.98		168900
2007-08-16	19.79	20.00	19.33	20.00		210000
2007-08-17	20.29	20.66	20.01	20.24		196000
2007-08-20	20.37	20.42	20.08	20.22		253400
2007-08-21	20.25	20.40	20.18	20.22		189400
2007-08-22	20.69	20.82	20.59	20.82		693300
2007-08-23	21.00	21.00	20.70	20.85		195000
2007-08-24	20.95	21.35	20.95	21.32		1076400
2007-08-27	21.32	21.33	21.19	21.20		163800
2007-08-28	21.02	21.04	20.54	20.58		176100
2007-08-29	20.91	21.24	20.77	21.24		1390200
2007-08-30	20.96	21.33	20.93	21.17		233300
2007-08-31	21.63	21.63	21.39	21.55		238000
2007-09-04	21.33	21.63	21.26	21.58		259000
2007-09-05	21.26	21.26	21.06	21.16		254300
2007-09-06	21.19	21.37	21.05	21.24		180500
2007-09-07	20.94	21.10	20.76	20.86		376100
2007-09-10	20.93	20.96	20.63	20.82		86700
2007-09-11	21.05	21.18	21.03	21.15		88200
2007-09-12	21.13	21.35	21.13	21.28		49900
2007-09-13	21.45	21.57	21.39	21.41		162900
2007-09-14	21.25	21.42	21.16	21.37		101300
2007-09-17	21.09	21.15	20.91	21.01		135700
2007-09-18	21.29	22.18	21.25	21.98		299800
2007-09-19	22.21	22.30	22.08	22.18		267900
2007-09-20	22.20	22.34	22.15	22.18		106600
2007-09-21	22.35	22.42	22.28	22.32		89700
2007-09-24	22.30	22.38	22.16	22.25		210300
2007-09-25	22.10	22.29	22.07	22.28		420000
2007-09-26	22.44	22.44	22.25	22.31		637400
2007-09-27	22.63	22.64	22.52	22.58		178300
2007-09-28	22.57	22.71	22.45	22.64		410800
2007-10-01	22.61	23.02	22.61	23.01		199700
2007-10-02	22.92	22.92	22.77	22.92		218200
2007-10-03	22.86	22.88	22.70	22.71		646300
2007-10-04	22.75	22.86	22.67	22.81		158800
2007-10-05	22.92	23.06	22.88	23.01		338500
2007-10-08	22.89	22.89	22.74	22.76		67500
2007-10-09	22.86	23.08	22.84	23.06		136600
2007-10-10	22.92	23.06	22.86	22.98		58600
2007-10-11	23.13	23.29	22.95	23.03		569400
2007-10-12	22.91	23.08	22.88	23.06		94000
2007-10-15	23.17	23.20	22.84	22.95		120100
2007-10-16	22.71	22.83	22.62	22.74		65300
2007-10-17	23.09	23.09	22.86	23.01		111300
2007-10-18	22.92	23.07	22.84	23.06		150800
2007-10-19	22.88	22.88	22.52	22.55		100200
2007-10-22	22.22	22.42	22.16	22.38		78900
2007-10-23	22.68	22.78	22.52	22.71		91600
2007-10-24	22.66	22.76	22.35	22.76		199600
2007-10-25	22.90	22.95	22.78	22.95		125700
2007-10-26	23.17	23.31	23.08	23.27		115800
2007-10-29	23.34	23.45	23.31	23.43		63600
2007-10-30	23.20	23.31	23.19	23.22		83700
2007-10-31	23.37	23.59	23.28	23.48		95700
2007-11-01	22.98	23.06	22.79	22.88		111500
2007-11-02	22.95	23.17	22.80	23.17		557100
2007-11-05	22.77	22.95	22.74	22.93		200700
2007-11-06	23.16	23.25	23.01	23.25		86200
2007-11-07	23.17	23.20	22.78	22.83		175800
2007-11-08	22.95	23.04	22.76	22.95		510900
2007-11-09	22.57	22.68	22.34	22.40		333700
2007-11-12	22.18	22.34	22.01	22.05		219800
2007-11-13	22.38	22.66	22.34	22.62		108300
2007-11-14	23.01	23.07	22.65	22.70		109600
2007-11-15	22.30	22.63	22.24	22.35		590100
2007-11-16	22.57	22.62	22.34	22.54		169900
2007-11-19	22.54	22.54	21.95	21.97		259600
2007-11-20	22.30	22.58	22.24	22.51		1388700
2007-11-21	22.06	22.29	21.95	22.06		357100
2007-11-23	22.56	22.69	22.53	22.65		169100
2007-11-26	22.46	22.75	22.12	22.12		188500
2007-11-27	22.48	22.48	22.16	22.42		333600
2007-11-28	22.52	23.07	22.52	23.05		174500
2007-11-29	22.99	22.99	22.71	22.88		252100
2007-11-30	23.14	23.25	22.87	22.96		252600
2007-12-03	23.03	23.03	22.82	22.85		188500
2007-12-04	22.68	22.95	22.62	22.77		2999200
2007-12-05	23.04	23.10	22.90	22.99		873000
2007-12-06	22.89	23.30	22.89	23.29		384200
2007-12-07	23.31	23.41	23.10	23.10		1333400
2007-12-10	23.35	23.55	23.33	23.44		420400
2007-12-11	23.35	23.56	22.82	22.84		872100
2007-12-12	23.49	23.98	23.14	23.35		327300
2007-12-13	22.92	22.96	22.61	22.87		370900
2007-12-14	22.42	22.53	22.23	22.24		285800
2007-12-17	22.03	22.08	21.85	21.89		254600
2007-12-18	22.19	22.24	21.76	22.02		459200
2007-12-19	22.08	22.14	21.79	21.92		130900
2007-12-20	21.98	22.09	21.84	22.02		188800
2007-12-21	22.31	22.57	22.23	22.41		152900
2007-12-24	23.76	23.76	21.40	22.47		299000
2007-12-26	22.43	22.63	22.43	22.63		81000
2007-12-27	22.71	22.76	22.54	22.54		416100
2007-12-28	22.91	23.14	22.84	22.97		128900
2007-12-31	22.89	22.89	22.59	22.59		208800
2008-01-02	22.92	22.98	22.50	22.54		439000
2008-01-03	22.46	22.62	22.07	22.53		2786900
2008-01-04	22.36	22.40	21.97	21.97		697100
2008-01-07	22.15	22.27	21.93	22.13		558200
2008-01-08	22.30	22.46	21.92	21.96		692500
2008-01-09	21.88	22.08	21.78	22.03		456800
2008-01-10	21.78	22.14	21.74	22.08		281500
2008-01-11	21.84	21.91	21.60	21.66		132700
2008-01-14	22.16	22.19	22.04	22.10		79800
2008-01-15	21.72	21.81	21.37	21.45		1205900
2008-01-16	21.37	21.56	20.95	21.04		189900
2008-01-17	21.11	21.26	20.52	20.57		645400
2008-01-18	20.91	21.01	20.40	20.54		135100
2008-01-22	18.89	19.87	18.70	19.87		438400
2008-01-23	18.60	19.51	18.36	19.41		1170000
2008-01-24	19.76	20.23	19.64	20.18		1234400
2008-01-25	20.36	20.39	19.50	19.66		469500
2008-01-28	19.75	20.06	19.54	20.01		793300
2008-01-29	20.25	20.28	20.04	20.28		104700
2008-01-30	19.95	20.47	19.88	20.07		113500
2008-01-31	19.67	20.35	19.62	20.20		247400
2008-02-01	20.45	20.59	20.28	20.56		145700
2008-02-04	20.48	20.53	20.33	20.37		292500
2008-02-05	19.72	19.78	19.15	19.15		473400
2008-02-06	19.53	19.59	19.21	19.23		108500
2008-02-07	19.02	19.25	18.91	19.12		373000
2008-02-08	18.90	19.08	18.74	18.91		229300
2008-02-11	19.02	19.05	18.71	18.99		1286800
2008-02-12	19.37	19.67	19.34	19.56		4759400
2008-02-13	19.75	19.82	19.56	19.75		301600
2008-02-14	19.86	19.94	19.61	19.63		230300
2008-02-15	19.53	19.63	19.38	19.63		116900
2008-02-19	20.16	20.19	19.85	19.92		170900
2008-02-20	19.60	20.04	19.58	19.95		1288200
2008-02-21	20.14	20.16	19.86	19.86		797500
2008-02-22	20.11	20.18	19.80	20.18		516500
2008-02-25	20.27	20.55	20.14	20.52		163800
2008-02-26	20.51	20.90	20.41	20.81		146700
2008-02-27	20.58	21.00	20.58	20.96		2285100
2008-02-28	20.63	20.83	20.60	20.74		409100
2008-02-29	20.42	20.42	20.10	20.16		294400
2008-03-03	20.13	20.30	20.03	20.21		428200
2008-03-04	19.93	20.11	19.82	20.01		309600
2008-03-05	20.13	20.40	20.10	20.28		1726300
2008-03-06	20.28	20.28	19.93	19.97		210500
2008-03-07	19.72	19.95	19.63	19.70		1323800
2008-03-10	19.78	19.81	19.40	19.51		421100
2008-03-11	20.04	20.14	19.73	20.09		682300
2008-03-12	20.31	20.39	20.17	20.17		509600
2008-03-13	19.87	20.34	19.80	20.31		266300
2008-03-14	20.34	20.41	19.72	19.93		373400
2008-03-17	19.45	19.84	19.43	19.68		228500
2008-03-18	19.90	20.31	19.90	20.29		150500
2008-03-19	20.12	20.22	19.53	19.56		139500
2008-03-20	19.40	19.82	19.28	19.72		325000
2008-03-24	19.85	20.17	19.85	20.14		80600
2008-03-25	20.29	20.51	20.16	20.45		194700
2008-03-26	20.45	20.70	20.42	20.64		82200
2008-03-27	20.89	20.89	20.52	20.57		186000
2008-03-28	20.64	20.71	20.47	20.50		2002000
2008-03-31	20.65	20.87	20.64	20.76		256300
2008-04-01	20.93	21.45	20.90	21.42		66500
2008-04-02	21.31	21.45	21.21	21.44		86800
2008-04-03	21.15	21.48	21.11	21.36		281300
2008-04-04	21.36	21.57	21.27	21.44		250900
2008-04-07	21.65	21.67	21.52	21.52		109600
2008-04-08	21.31	21.48	21.30	21.42		82400
2008-04-09	21.50	21.55	21.29	21.32		159700
2008-04-10	21.26	21.37	21.08	21.30		152500
2008-04-11	21.07	21.16	20.89	20.89		59500
2008-04-14	21.04	21.09	20.95	21.05		118800
2008-04-15	21.14	21.16	20.98	21.09		108400
2008-04-16	21.48	21.76	21.46	21.73		132800
2008-04-17	21.51	21.66	21.47	21.56		1281400
2008-04-18	21.71	21.86	21.66	21.76		209300
2008-04-21	21.76	21.83	21.67	21.81		1225500
2008-04-22	21.68	21.71	21.52	21.59		208400
2008-04-23	21.64	21.90	21.55	21.86		191400
2008-04-24	21.59	21.75	21.42	21.67		254500
2008-04-25	21.79	21.83	21.68	21.78		171700
2008-04-28	21.86	21.96	21.84	21.84		297100
2008-04-29	21.64	21.71	21.59	21.63		1174700
2008-04-30	21.62	21.81	21.62	21.66		128200
2008-05-01	21.48	21.92	21.48	21.86		368900
2008-05-02	21.91	21.94	21.71	21.83		204600
2008-05-05	21.83	21.95	21.83	21.84		89700
2008-05-06	21.86	22.12	21.81	22.05		282800
2008-05-07	21.93	21.96	21.62	21.62		453600
2008-05-08	21.79	21.85	21.72	21.75		109400
2008-05-09	21.50	21.74	21.49	21.59		319100
2008-05-12	21.68	21.89	21.61	21.84		50900
2008-05-13	21.74	21.85	21.68	21.78		471200
2008-05-14	21.86	22.06	21.86	21.89		423600
2008-05-15	21.97	22.23	21.94	22.21		574900
2008-05-16	22.30	22.45	22.27	22.44		673000
2008-05-19	22.49	22.55	22.36	22.40		144300
2008-05-20	22.38	22.42	22.26	22.34		404300
2008-05-21	22.44	22.47	22.15	22.16		104300
2008-05-22	22.27	22.43	22.27	22.35		168600
2008-05-23	22.31	22.31	22.06	22.08		182000
2008-05-27	21.93	22.06	21.90	22.06		65900
2008-05-28	22.18	22.21	22.00	22.19		125000
2008-05-29	22.02	22.19	21.94	22.10		138000
2008-05-30	22.19	22.31	22.15	22.28		139200
2008-06-02	21.91	21.96	21.79	21.87		159000
2008-06-03	21.97	22.03	21.72	21.81		213200
2008-06-04	21.54	21.77	21.54	21.62		200000
2008-06-05	21.72	22.01	21.66	22.01		441600
2008-06-06	21.85	21.85	21.43	21.43		175500
2008-06-09	21.61	21.64	21.31	21.42		491900
2008-06-10	21.05	21.23	21.00	21.04		263100
2008-06-11	20.96	21.02	20.64	20.69		2582000
2008-06-12	20.55	20.70	20.43	20.52		132500
2008-06-13	20.42	20.64	20.38	20.61		169900
2008-06-16	20.64	20.80	20.53	20.74		91900
2008-06-17	21.01	21.01	20.77	20.78		187700
2008-06-18	20.53	20.60	20.42	20.55		109200
2008-06-19	20.48	20.57	20.39	20.53		101200
2008-06-20	20.23	20.28	20.05	20.09		62100
2008-06-23	20.07	20.14	20.01	20.04		141300
2008-06-24	19.94	20.09	19.82	20.00		154300
2008-06-25	20.23	20.46	20.19	20.30		297300
2008-06-26	20.15	20.20	19.82	19.84		244800
2008-06-27	19.87	20.01	19.74	19.78		94900
2008-06-30	20.02	20.08	19.87	19.87		142600
2008-07-01	19.61	19.74	19.37	19.74		367300
2008-07-02	19.78	19.82	19.29	19.32		125800
2008-07-03	19.60	19.60	19.36	19.49		561600
2008-07-07	19.32	19.50	19.15	19.24		310700
2008-07-08	19.21	19.40	19.03	19.39		73000
2008-07-09	19.55	19.55	19.15	19.17		85600
2008-07-10	19.12	19.20	19.02	19.20		103800
2008-07-11	18.79	18.93	18.60	18.74		273900
2008-07-14	18.99	19.02	18.72	18.75		269300
2008-07-15	18.60	18.73	18.44	18.50		206900
2008-07-16	18.41	18.83	18.36	18.83		361400
2008-07-17	19.23	19.38	19.13	19.32		134500
2008-07-18	19.37	19.53	19.31	19.51		244800
2008-07-21	19.71	19.74	19.62	19.69		341800
2008-07-22	19.48	19.81	19.46	19.79		139300
2008-07-23	19.84	19.89	19.73	19.78		104200
2008-07-24	19.77	19.77	19.37	19.40		115400
2008-07-25	19.58	19.73	19.54	19.65		139400
2008-07-28	19.63	19.65	19.31	19.32		128000
2008-07-29	19.27	19.47	19.23	19.47		216000
2008-07-30	19.54	19.73	19.53	19.73		100100
2008-07-31	19.64	19.76	19.47	19.47		215500
2008-08-01	19.47	19.47	19.13	19.18		342400
2008-08-04	19.23	19.25	19.08	19.13		287400
2008-08-05	19.31	19.61	19.30	19.59		76300
2008-08-06	19.61	19.77	19.55	19.75		520900
2008-08-07	19.71	19.74	19.42	19.47		98600
2008-08-08	19.12	19.51	19.12	19.49		86100
2008-08-11	19.41	19.53	19.37	19.39		71300
2008-08-12	19.37	19.49	19.22	19.25		31400
2008-08-13	19.03	19.05	18.76	18.95		150600
2008-08-14	18.73	18.94	18.73	18.86		162100
2008-08-15	18.74	18.83	18.66	18.74		213900
2008-08-18	18.96	18.96	18.50	18.58		165200
2008-08-19	18.37	18.42	18.28	18.38		291200
2008-08-20	18.43	18.46	18.27	18.43		163500
2008-08-21	18.38	18.54	18.36	18.53		95800
2008-08-22	18.57	18.73	18.56	18.66		178600
2008-08-25	18.57	18.60	18.26	18.31		112600
2008-08-26	18.21	18.46	18.17	18.34		349600
2008-08-27	18.43	18.56	18.40	18.53		60100
2008-08-28	18.84	18.90	18.79	18.86		92200
2008-08-29	18.95	19.07	18.81	18.82		51300
2008-09-02	18.90	18.96	18.68	18.70		48200
2008-09-03	18.57	18.64	18.43	18.55		247800
2008-09-04	18.21	18.26	17.51	17.56		103700
2008-09-05	17.44	17.52	17.18	17.44		104900
2008-09-08	18.07	18.07	17.49	17.70		183000
2008-09-09	17.60	17.70	17.14	17.14		122100
2008-09-10	17.44	17.47	17.25	17.30		102900
2008-09-11	16.81	17.31	16.77	17.31		133700
2008-09-12	17.28	17.68	17.27	17.65		91500
2008-09-15	16.81	17.10	16.81	16.97		282100
2008-09-16	16.52	16.97	16.23	16.88		245000
2008-09-17	16.71	16.80	16.13	16.28		342800
2008-09-18	16.75	17.39	16.21	16.87		3982000
2008-09-19	18.47	18.47	17.56	18.17		121000
2008-09-22	18.21	18.24	17.58	17.60		212400
2008-09-23	17.60	17.81	17.17	17.28		123400
2008-09-24	17.44	17.49	17.17	17.20		261400
2008-09-25	17.62	17.78	17.60	17.70		115600
2008-09-26	17.33	17.55	17.27	17.55		73500
2008-09-29	16.67	16.67	15.34	15.73		168600
2008-09-30	16.12	16.51	15.96	16.50		151900
2008-10-01	16.14	16.57	16.05	16.43		200300
2008-10-02	16.08	16.08	15.49	15.54		150400
2008-10-03	15.53	16.17	15.15	15.44		83600
2008-10-06	14.89	14.94	13.91	14.41		198400
2008-10-07	14.87	14.94	13.85	13.85		431200
2008-10-08	13.85	14.19	13.37	13.47		135800
2008-10-09	14.03	14.04	12.66	12.80		232100
2008-10-10	12.00	13.31	11.72	12.55		640600
2008-10-13	13.16	14.19	13.06	14.19		196400
2008-10-14	14.56	14.65	13.80	14.09		820900
2008-10-15	13.55	13.66	12.51	12.55		304000
2008-10-16	12.69	13.03	12.08	13.01		265900
2008-10-17	12.46	13.39	12.31	12.76		168500
2008-10-20	12.92	13.39	12.84	13.39		227200
2008-10-21	13.05	13.18	12.63	12.71		176800
2008-10-22	12.34	12.34	11.52	11.76		102000
2008-10-23	11.83	12.23	11.49	12.01		218500
2008-10-24	10.65	11.74	10.65	11.49		124200
2008-10-27	10.79	11.32	10.73	10.73		169900
2008-10-28	11.27	12.11	10.81	12.11		177700
2008-10-29	12.06	12.76	12.03	12.41		98500
2008-10-30	12.77	12.84	12.22	12.59		243700
2008-10-31	12.27	12.87	12.13	12.64		195100
2008-11-03	12.63	12.81	12.54	12.65		149400
2008-11-04	13.16	13.77	13.16	13.77		91400
2008-11-05	13.27	13.64	12.87	12.90		174100
2008-11-06	12.90	12.96	11.95	12.07		213800
2008-11-07	12.37	12.81	12.35	12.79		284000
2008-11-10	12.98	13.09	12.31	12.56		384600
2008-11-11	12.22	12.22	11.84	12.11		81100
2008-11-12	11.84	11.84	11.41	11.42		73200
2008-11-13	11.63	12.71	11.21	12.71		93200
2008-11-14	12.15	12.40	11.79	11.90		85800
2008-11-17	11.80	11.92	11.45	11.58		97200
2008-11-18	11.38	11.79	11.27	11.61		112100
2008-11-19	11.50	11.63	10.86	10.87		132000
2008-11-20	10.74	11.04	10.17	10.22		145700
2008-11-21	10.61	10.78	10.11	10.73		244200
2008-11-24	11.10	11.90	11.05	11.62		483600
2008-11-25	12.13	12.26	11.68	11.94		49100
2008-11-26	11.61	12.08	11.60	12.05		104000
2008-11-28	11.76	11.96	11.74	11.94		139800
2008-12-01	11.47	11.47	10.93	10.97		88100
2008-12-02	11.36	11.65	11.18	11.65		92300
2008-12-03	11.17	11.68	11.15	11.67		226400
2008-12-04	11.37	11.63	11.18	11.39		35500
2008-12-05	11.03	11.53	10.79	11.50		340000
2008-12-08	11.77	12.18	11.73	12.05		43100
2008-12-09	12.04	12.34	11.96	12.03		610200
2008-12-10	12.34	12.51	12.24	12.47		103300
2008-12-11	12.49	12.79	12.43	12.49		114600
2008-12-12	12.20	12.68	12.13	12.57		134100
2008-12-15	12.61	12.66	12.44	12.59		55200
2008-12-16	12.61	13.58	12.61	13.53		106300
2008-12-17	13.21	13.61	13.21	13.46		77300
2008-12-18	13.43	13.53	12.95	13.04		120700
2008-12-19	12.90	13.03	12.72	12.80		107600
2008-12-22	12.83	12.85	12.48	12.61		266300
2008-12-23	12.76	12.83	12.49	12.56		387700
2008-12-24	12.49	12.70	11.92	12.61		140400
2008-12-26	12.93	12.93	12.56	12.71		92200
2008-12-29	12.91	12.97	12.61	12.67		122800
2008-12-30	12.85	13.22	12.85	13.20		147800
2008-12-31	13.10	13.26	12.95	13.20		144900
2009-01-02	13.20	13.56	13.14	13.51		153400
2009-01-05	13.12	13.25	13.07	13.19		489000
2009-01-06	13.17	13.32	13.04	13.24		329800
2009-01-07	13.21	13.27	12.99	13.07		384300
2009-01-08	13.05	13.26	12.99	13.23		56500
2009-01-09	13.15	13.15	12.71	12.74		32600
2009-01-12	12.64	12.64	12.35	12.42		69900
2009-01-13	12.15	12.27	12.01	12.20		76200
2009-01-14	11.79	11.79	11.53	11.62		105600
2009-01-15	11.54	11.70	11.21	11.60		127000
2009-01-16	11.77	11.79	11.38	11.66		175300
2009-01-20	11.19	11.19	10.70	10.70		209900
2009-01-21	11.01	11.24	10.75	11.21		339600
2009-01-22	10.85	11.05	10.68	10.95		143500
2009-01-23	10.39	10.89	10.37	10.77		241200
2009-01-26	10.98	11.27	10.96	11.11		130300
2009-01-27	11.21	11.31	11.05	11.25		67100
2009-01-28	11.64	11.81	11.62	11.75		171100
2009-01-29	11.45	11.46	11.13	11.16		56200
2009-01-30	11.24	11.29	10.92	11.00		229800
2009-02-02	10.75	11.05	10.73	10.93		181200
2009-02-03	11.04	11.39	10.97	11.32		307100
2009-02-04	11.29	11.57	11.17	11.21		249400
2009-02-05	11.19	11.60	11.02	11.46		194100
2009-02-06	11.52	11.84	11.52	11.76		199000
2009-02-09	11.84	11.94	11.74	11.82		122900
2009-02-10	11.63	11.77	11.10	11.13		77900
2009-02-11	11.34	11.43	11.16	11.33		37500
2009-02-12	11.00	11.28	10.90	11.26		272600
2009-02-13	11.22	11.33	11.18	11.18		63300
2009-02-17	11.09	11.09	10.48	10.49		108800
2009-02-18	10.51	10.52	10.32	10.43		36200
2009-02-19	10.69	10.75	10.42	10.46		48500
2009-02-20	10.15	10.39	10.09	10.27		164300
2009-02-23	10.32	10.38	9.87	9.87		96300
2009-02-24	9.97	10.34	9.91	10.32		114700
2009-02-25	10.18	10.22	9.84	10.05		315000
2009-02-26	10.15	10.26	9.89	9.90		72700
2009-02-27	9.79	10.09	9.74	9.92		53900
2009-03-02	9.63	9.66	9.33	9.39		208100
2009-03-03	9.52	9.54	9.29	9.36		82400
2009-03-04	9.55	9.97	9.55	9.82		120400
2009-03-05	9.58	9.69	9.27	9.41		101600
2009-03-06	9.50	9.57	9.15	9.35		183100
2009-03-09	9.07	9.35	9.07	9.11		189800
2009-03-10	9.55	9.93	9.55	9.83		142200
2009-03-11	10.06	10.15	9.77	9.89		203900
2009-03-12	9.85	10.29	9.76	10.23		127700
2009-03-13	10.33	10.36	10.09	10.25		204500
2009-03-16	10.44	10.59	10.33	10.33		226300
2009-03-17	10.28	10.63	10.23	10.61		169800
2009-03-18	10.52	11.05	10.40	11.00		205700
2009-03-19	11.22	11.22	10.95	10.95		329900
2009-03-20	11.06	11.07	10.80	10.84		230200
2009-03-23	10.99	11.55	10.95	11.50		259700
2009-03-24	11.21	11.37	11.09	11.14		67300
2009-03-25	11.25	11.45	11.10	11.32		67900
2009-03-26	11.33	11.47	11.19	11.38		122300
2009-03-27	10.99	11.01	10.86	10.88		98100
2009-03-30	10.57	10.57	10.31	10.44		122400
2009-03-31	10.69	10.98	10.61	10.85		75300
2009-04-01	10.61	11.10	10.61	11.03		87900
2009-04-02	11.49	11.79	11.46	11.59		166200
2009-04-03	11.59	11.74	11.48	11.72		195600
2009-04-06	11.60	11.60	11.33	11.50		205900
2009-04-07	11.19	11.28	11.09	11.12		138900
2009-04-08	11.24	11.38	11.14	11.26		190100
2009-04-09	11.48	11.56	11.36	11.50		46100
2009-04-13	11.53	11.77	11.46	11.64		62400
2009-04-14	11.46	11.64	11.43	11.46		175900
2009-04-15	11.39	11.63	11.33	11.63		96100
2009-04-16	11.74	11.79	11.58	11.70		160500
2009-04-17	11.69	11.79	11.65	11.72		107000
2009-04-20	11.40	11.40	11.07	11.07		132300
2009-04-21	10.94	11.35	10.94	11.35		87900
2009-04-22	11.15	11.53	11.14	11.31		125300
2009-04-23	11.53	11.72	11.43	11.70		103300
2009-04-24	11.94	12.04	11.90	12.01		91500
2009-04-27	11.74	11.94	11.65	11.74		189500
2009-04-28	11.51	11.82	11.51	11.72		75000
2009-04-29	11.96	12.21	11.92	12.05		81400
2009-04-30	12.26	12.36	12.04	12.08		83400
2009-05-01	12.23	12.35	12.16	12.35		69800
2009-05-04	12.44	12.80	12.44	12.80		111100
2009-05-05	12.78	12.80	12.57	12.65		87800
2009-05-06	12.93	13.01	12.75	12.97		127800
2009-05-07	13.12	13.16	12.68	12.81		96800
2009-05-08	13.13	13.36	13.01	13.36		52400
2009-05-11	13.03	13.03	12.86	12.90		81100
2009-05-12	12.97	13.05	12.83	12.99		26100
2009-05-13	12.69	12.71	12.52	12.55		91900
2009-05-14	12.55	12.75	12.49	12.67		66300
2009-05-15	12.68	12.76	12.40	12.46		137100
2009-05-18	12.69	12.98	12.69	12.98		66500
2009-05-19	13.03	13.23	13.00	13.13		177800
2009-05-20	13.32	13.49	13.27	13.28		90300
2009-05-21	13.11	13.29	13.05	13.28		96100
2009-05-22	13.37	13.41	13.26	13.30		104400
2009-05-26	13.05	13.62	13.05	13.55		418700
2009-05-27	13.58	13.63	13.31	13.36		118500
2009-05-28	13.61	13.65	13.33	13.59		82100
2009-05-29	13.72	13.87	13.67	13.84		264800
2009-06-01	14.04	14.28	14.04	14.09		58100
2009-06-02	14.18	14.42	14.18	14.33		165400
2009-06-03	14.06	14.06	13.80	13.96		174800
2009-06-04	14.01	14.07	13.92	14.05		139400
2009-06-05	14.12	14.12	13.77	13.82		57700
2009-06-08	13.62	13.80	13.52	13.74		62100
2009-06-09	13.71	13.89	13.67	13.84		106500
2009-06-10	13.98	13.98	13.61	13.73		36100
2009-06-11	13.84	14.08	13.84	13.87		134800
2009-06-12	13.82	13.90	13.76	13.88		115900
2009-06-15	13.49	13.49	13.18	13.32		161500
2009-06-16	13.39	13.40	13.09	13.14		88100
2009-06-17	13.14	13.24	12.98	13.14		24800
2009-06-18	13.19	13.32	13.14	13.20		64700
2009-06-19	13.46	13.46	13.27	13.37		50400
2009-06-22	13.10	13.10	12.85	12.86		50800
2009-06-23	13.04	13.17	12.95	13.10		66000
2009-06-24	13.24	13.33	13.06	13.12		113200
2009-06-25	12.96	13.33	12.93	13.30		41900
2009-06-26	13.26	13.26	13.09	13.18		67900
2009-06-29	13.35	13.46	13.26	13.42		173300
2009-06-30	13.37	13.40	13.11	13.24		91800
2009-07-01	13.49	13.65	13.49	13.53		107000
2009-07-02	13.27	13.27	13.05	13.10		42100
2009-07-06	12.87	13.06	12.80	13.04		124100
2009-07-07	12.96	12.96	12.63	12.69		53000
2009-07-08	12.72	12.72	12.42	12.58		203000
2009-07-09	12.75	12.91	12.66	12.71		126700
2009-07-10	12.52	12.60	12.42	12.53		62100
2009-07-13	12.67	12.86	12.53	12.84		64400
2009-07-14	12.85	12.93	12.77	12.89		58100
2009-07-15	13.27	13.49	13.22	13.44		179600
2009-07-16	13.59	13.75	13.51	13.71		100700
2009-07-17	13.66	13.70	13.57	13.68		107800
2009-07-20	13.86	13.97	13.80	13.97		24800
2009-07-21	14.12	14.12	13.92	14.06		100400
2009-07-22	13.90	14.13	13.90	14.06		56500
2009-07-23	13.99	14.43	13.99	14.32		95100
2009-07-24	14.34	14.42	14.22	14.42		37400
2009-07-27	14.38	14.43	14.28	14.37		41700
2009-07-28	14.24	14.32	14.06	14.26		48100
2009-07-29	14.26	14.32	14.10	14.19		56500
2009-07-30	14.37	14.53	14.30	14.40		20500
2009-07-31	14.52	14.70	14.48	14.62		99800
2009-08-03	14.89	15.13	14.89	15.09		141200
2009-08-04	14.91	15.10	14.89	15.07		271200
2009-08-05	15.12	15.16	14.87	15.05		188600
2009-08-06	15.07	15.10	14.84	14.94		118500
2009-08-07	15.05	15.07	14.92	14.92		68400
2009-08-10	14.86	14.87	14.74	14.83		78100
2009-08-11	14.71	14.72	14.58	14.69		329100
2009-08-12	14.67	15.00	14.67	14.87		179600
2009-08-13	15.05	15.12	14.97	15.12		93400
2009-08-14	15.05	15.16	14.85	14.94		201300
2009-08-17	14.41	14.46	14.35	14.45		54500
2009-08-18	14.42	14.67	14.42	14.59		137500
2009-08-19	14.45	14.84	14.45	14.76		85200
2009-08-20	14.81	15.02	14.81	14.98		20300
2009-08-21	15.36	15.54	15.35	15.51		79000
2009-08-24	15.55	15.69	15.49	15.53		104800
2009-08-25	15.73	15.85	15.65	15.69		92200
2009-08-26	15.65	15.71	15.56	15.69		49000
2009-08-27	15.72	15.89	15.49	15.82		269700
2009-08-28	16.02	16.04	15.81	15.87		148400
2009-08-31	15.67	15.85	15.65	15.75		166200
2009-09-01	15.53	15.77	15.19	15.27		947800
2009-09-02	15.11	15.31	15.07	15.20		234200
2009-09-03	15.36	15.36	15.14	15.27		262700
2009-09-04	15.32	15.60	15.25	15.53		386400
2009-09-08	15.96	16.02	15.85	16.00		505100
2009-09-09	16.10	16.29	16.09	16.18		98400
2009-09-10	16.18	16.38	16.07	16.35		273100
2009-09-11	16.43	16.47	16.29	16.33		235500
2009-09-14	16.25	16.46	16.22	16.44		390200
2009-09-15	16.47	16.59	16.34	16.57		308100
2009-09-16	16.79	16.95	16.70	16.89		280700
2009-09-17	16.81	16.99	16.79	16.91		120500
2009-09-18	17.04	17.04	16.84	16.99		117100
2009-09-21	16.68	16.89	16.55	16.85		630700
2009-09-22	17.06	17.12	16.95	17.04		358300
2009-09-23	17.12	17.20	16.85	16.86		116900
2009-09-24	17.03	17.05	16.50	16.56		317500
2009-09-25	16.50	16.63	16.45	16.53		323200
2009-09-28	16.57	16.91	16.57	16.77		94800
2009-09-29	16.75	16.81	16.64	16.70		137800
2009-09-30	16.78	16.84	16.51	16.79		203200
2009-10-01	16.58	16.58	16.15	16.17		90900
2009-10-02	15.92	16.15	15.90	15.99		156300
2009-10-05	16.02	16.35	16.00	16.31		1164400
2009-10-06	16.50	16.73	16.49	16.60		1021700
2009-10-07	16.63	16.73	16.55	16.65		245200
2009-10-08	16.84	17.01	16.75	16.92		724500
2009-10-09	16.82	16.90	16.76	16.86		152800
2009-10-12	17.07	17.19	17.01	17.04		154300
2009-10-13	17.02	17.08	16.91	17.06		88100
2009-10-14	17.40	17.48	17.32	17.47		113100
2009-10-15	17.37	17.55	17.35	17.54		492100
2009-10-16	17.19	17.26	17.06	17.21		267400
2009-10-19	17.37	17.50	17.29	17.45		74000
2009-10-20	17.50	17.50	17.23	17.38		73700
2009-10-21	17.20	17.52	17.20	17.24		69300
2009-10-22	17.22	17.45	17.07	17.40		98000
2009-10-23	17.43	17.43	17.10	17.17		55400
2009-10-26	17.19	17.32	16.66	16.73		281900
2009-10-27	16.79	16.79	16.50	16.59		104200
2009-10-28	16.40	16.46	16.02	16.09		230200
2009-10-29	16.41	16.64	16.41	16.59		83900
2009-10-30	16.43	16.48	15.82	15.84		330300
2009-11-02	16.02	16.35	15.83	16.06		252900
2009-11-03	15.78	15.98	15.72	15.96		168300
2009-11-04	16.28	16.48	16.24	16.26		202800
2009-11-05	16.54	16.67	16.49	16.58		160300
2009-11-06	16.43	16.68	16.42	16.61		68200
2009-11-09	16.92	17.15	16.92	17.15		132600
2009-11-10	16.99	17.11	16.94	17.09		372700
2009-11-11	17.24	17.30	17.06	17.16		108200
2009-11-12	17.12	17.21	16.82	16.86		232800
2009-11-13	16.90	17.13	16.81	17.11		122100
2009-11-16	17.29	17.46	17.26	17.36		124200
2009-11-17	17.22	17.26	17.07	17.26		92600
2009-11-18	17.32	17.36	17.14	17.29		94500
2009-11-19	17.00	17.00	16.80	16.99		107600
2009-11-20	16.68	16.79	16.66	16.76		69800
2009-11-23	17.12	17.26	17.03	17.03		132300
2009-11-24	17.09	17.11	16.96	17.06		110300
2009-11-25	17.22	17.34	17.15	17.32		159300
2009-11-27	16.52	16.88	16.48	16.71		103100
2009-11-30	16.70	16.84	16.57	16.72		1474100
2009-12-01	17.02	17.22	16.95	17.11		90700
2009-12-02	17.15	17.27	17.11	17.17		50000
2009-12-03	17.30	17.38	17.09	17.10		118000
2009-12-04	17.32	17.44	17.03	17.15		61100
2009-12-07	17.04	17.25	17.04	17.06		268800
2009-12-08	16.82	16.83	16.67	16.74		50900
2009-12-09	16.66	16.77	16.48	16.69		249300
2009-12-10	16.84	16.86	16.68	16.72		850800
2009-12-11	16.82	16.83	16.63	16.72		567200
2009-12-14	16.79	16.86	16.75	16.86		721900
2009-12-15	16.70	16.81	16.66	16.73		238900
2009-12-16	16.84	16.97	16.84	16.87		67800
2009-12-17	16.59	16.61	16.41	16.50		40100
2009-12-18	16.44	16.53	16.26	16.46		61600
2009-12-21	16.53	16.70	16.53	16.68		359900
2009-12-22	16.77	16.79	16.68	16.75		104700
2009-12-23	16.81	16.95	16.75	16.87		116600
2009-12-24	16.96	16.98	16.85	16.90		34800
2009-12-28	17.05	17.10	17.01	17.07		66400
2009-12-29	17.17	17.25	17.04	17.14		87700
2009-12-30	16.90	17.01	16.90	16.98		51900
2009-12-31	17.00	17.01	16.79	16.79		44000
2010-01-04	17.25	17.43	17.25	17.39		97400
2010-01-05	17.45	17.47	17.28	17.35		164100
2010-01-06	17.34	17.44	17.29	17.44		117300
2010-01-07	17.25	17.39	17.24	17.36		87500
2010-01-08	17.39	17.61	17.37	17.60		155400
2010-01-11	17.74	17.75	17.64	17.75		120600
2010-01-12	17.43	17.54	17.34	17.42		142500
2010-01-13	17.54	17.61	17.39	17.57		80000
2010-01-14	17.50	17.59	17.43	17.58		169400
2010-01-15	17.40	17.40	17.09	17.23		77600
2010-01-19	17.02	17.35	17.02	17.35		105900
2010-01-20	16.94	16.94	16.63	16.79		140400
2010-01-21	16.74	16.82	16.23	16.34		161800
2010-01-22	16.22	16.34	15.91	15.96		76400
2010-01-25	16.32	16.34	16.11	16.17		64500
2010-01-26	16.07	16.25	15.99	16.06		31600
2010-01-27	15.94	16.08	15.84	16.06		78900
2010-01-28	16.01	16.01	15.48	15.68		211900
2010-01-29	15.72	15.84	15.44	15.48		255300
2010-02-01	15.79	16.24	15.73	15.83		362400
2010-02-02	16.00	16.16	15.92	16.10		186400
2010-02-03	16.10	16.14	15.89	16.01		29400
2010-02-04	15.66	15.66	15.18	15.18		1462500
2010-02-05	14.94	14.99	14.47	14.76		723200
2010-02-08	14.79	14.97	14.63	14.63		458000
2010-02-09	14.99	15.36	14.87	15.22		426000
2010-02-10	15.17	15.20	14.97	15.12		906700
2010-02-11	14.90	15.15	14.79	15.11		181600
2010-02-12	14.80	14.93	14.73	14.87		82600
2010-02-16	14.99	15.39	14.92	15.39		111200
2010-02-17	15.44	15.49	15.31	15.38		73500
2010-02-18	15.33	15.49	15.32	15.45		124700
2010-02-19	15.32	15.48	15.23	15.43		162300
2010-02-22	15.57	15.57	15.41	15.44		1402500
2010-02-23	15.37	15.40	15.12	15.18		215900
2010-02-24	15.24	15.39	15.15	15.28		89000
2010-02-25	14.91	15.13	14.84	15.13		138600
2010-02-26	15.09	15.40	15.06	15.34		354400
2010-03-01	15.36	15.51	15.31	15.44		141500
2010-03-02	15.62	15.73	15.55	15.62		108700
2010-03-03	15.81	15.97	15.77	15.81		194500
2010-03-04	15.90	15.90	15.68	15.78		264800
2010-03-05	15.95	16.21	15.93	16.20		174700
2010-03-08	16.20	16.23	16.07	16.11		210900
2010-03-09	15.93	16.17	15.93	16.07		952000
2010-03-10	16.13	16.33	16.13	16.22		76700
2010-03-11	16.17	16.33	16.12	16.30		238800
2010-03-12	16.44	16.44	16.27	16.33		219100
2010-03-15	16.21	16.24	16.07	16.21		259500
2010-03-16	16.26	16.44	16.23	16.42		239700
2010-03-17	16.45	16.52	16.40	16.43		421300
2010-03-18	16.35	16.42	16.17	16.29		575600
2010-03-19	16.12	16.25	15.98	16.12		554100
2010-03-22	15.82	16.16	15.82	16.16		46600
2010-03-23	16.14	16.25	16.09	16.22		126900
2010-03-24	15.90	15.98	15.85	15.94		114700
2010-03-25	16.13	16.23	15.96	15.99		404100
2010-03-26	16.14	16.25	16.08	16.16		81400
2010-03-29	16.22	16.34	16.18	16.34		52000
2010-03-30	16.31	16.34	16.15	16.23		529600
2010-03-31	16.23	16.35	16.16	16.28		239500
2010-04-01	16.48	16.64	16.46	16.61		455200
2010-04-05	16.61	16.70	16.56	16.62		79800
2010-04-06	16.35	16.54	16.35	16.53		406100
2010-04-07	16.35	16.40	16.23	16.33		733400
2010-04-08	16.05	16.27	16.01	16.27		161900
2010-04-09	16.30	16.59	16.30	16.56		222300
2010-04-12	16.65	16.75	16.64	16.73		125900
2010-04-13	16.72	16.76	16.54	16.66		362800
2010-04-14	16.79	16.92	16.72	16.90		479100
2010-04-15	16.76	16.85	16.68	16.79		206300
2010-04-16	16.60	16.68	16.29	16.36		398500
2010-04-19	16.14	16.35	16.14	16.35		102600
2010-04-20	16.43	16.49	16.37	16.42		109600
2010-04-21	16.30	16.35	16.14	16.24		377900
2010-04-22	15.95	16.06	15.81	16.01		706900
2010-04-23	15.94	16.18	15.92	16.15		201300
2010-04-26	16.16	16.23	16.09	16.15		214400
2010-04-27	15.86	15.99	15.21	15.27		587000
2010-04-28	15.38	15.41	15.03	15.21		1428700
2010-04-29	15.41	15.59	15.41	15.49		311100
2010-04-30	15.58	15.58	15.31	15.31		145100
2010-05-03	15.40	15.55	15.38	15.47		659900
2010-05-04	14.99	15.01	14.66	14.74		215200
2010-05-05	14.29	14.47	14.21	14.25		472600
2010-05-06	14.14	14.57	12.51	13.36		559800
2010-05-07	13.43	13.71	12.95	13.41		3013900
2010-05-10	14.66	14.77	14.45	14.62		294200
2010-05-11	14.30	14.66	14.23	14.40		220900
2010-05-12	14.56	14.73	14.53	14.62		83900
2010-05-13	14.47	14.58	14.32	14.36		600000
2010-05-14	14.10	14.10	13.63	13.74		172700
2010-05-17	13.73	13.81	13.36	13.73		116400
2010-05-18	13.94	14.02	13.34	13.44		1894500
2010-05-19	13.51	13.72	13.35	13.66		881700
2010-05-20	13.19	13.48	12.92	13.23		374600
2010-05-21	13.06	13.56	13.06	13.52		453700
2010-05-24	13.25	13.37	13.07	13.07		236400
2010-05-25	12.63	13.03	12.50	13.01		5812300
2010-05-26	13.01	13.16	12.73	12.73		239000
2010-05-27	13.30	13.67	13.22	13.65		545900
2010-05-28	13.62	13.64	13.30	13.36		916000
2010-06-01	13.14	13.58	13.11	13.13		110300
2010-06-02	13.18	13.60	13.18	13.60		238700
2010-06-03	13.68	13.71	13.43	13.56		223700
2010-06-04	13.09	13.16	12.69	12.76		333600
2010-06-07	12.84	12.92	12.61	12.62		204500
2010-06-08	12.58	12.83	12.50	12.80		948600
2010-06-09	12.89	13.05	12.69	12.73		324400
2010-06-10	13.25	13.45	13.19	13.41		112100
2010-06-11	13.31	13.55	13.30	13.54		226700
2010-06-14	13.86	13.97	13.72	13.73		60400
2010-06-15	14.04	14.32	13.99	14.30		275300
2010-06-16	14.10	14.29	14.04	14.22		603300
2010-06-17	14.34	14.36	14.16	14.30		136300
2010-06-18	14.25	14.34	14.21	14.27		417300
2010-06-21	14.53	14.53	14.12	14.23		169200
2010-06-22	14.21	14.29	13.99	14.04		165200
2010-06-23	14.09	14.21	13.86	14.07		299500
2010-06-24	13.93	13.93	13.66	13.72		95900
2010-06-25	13.64	13.76	13.54	13.72		401600
2010-06-28	13.74	13.84	13.60	13.66		212100
2010-06-29	13.31	13.32	13.02	13.08		251100
2010-06-30	13.10	13.30	13.00	13.00		69100
2010-07-01	13.17	13.24	12.98	13.24		1777800
2010-07-02	13.34	13.38	13.08	13.19		359000
2010-07-06	13.58	13.70	13.35	13.44		228100
2010-07-07	13.54	13.97	13.54	13.97		192600
2010-07-08	14.07	14.19	13.99	14.18		274600
2010-07-09	14.03	14.19	14.01	14.16		504200
2010-07-12	14.01	14.17	14.00	14.11		774200
2010-07-13	14.40	14.53	14.37	14.48		445000
2010-07-14	14.38	14.55	14.32	14.46		259600
2010-07-15	14.62	14.65	14.42	14.61		229800
2010-07-16	14.45	14.46	14.11	14.12		987400
2010-07-19	14.31	14.37	14.15	14.25		114900
2010-07-20	13.87	14.23	13.87	14.21		76100
2010-07-21	14.20	14.20	13.82	13.90		335800
2010-07-22	14.35	14.66	14.35	14.57		1849700
2010-07-23	14.51	14.77	14.43	14.72		656300
2010-07-26	14.67	14.87	14.65	14.85		1313700
2010-07-27	15.04	15.05	14.83	14.94		126500
2010-07-28	14.92	14.98	14.82	14.88		82900
2010-07-29	15.16	15.26	14.81	14.92		1313300
2010-07-30	14.70	15.02	14.70	14.89		164200
2010-08-02	15.33	15.52	15.30	15.50		105100
2010-08-03	15.44	15.56	15.34	15.50		1456800
2010-08-04	15.46	15.62	15.44	15.56		1486700
2010-08-05	15.55	15.58	15.44	15.58		1008600
2010-08-06	15.43	15.62	15.38	15.62		835300
2010-08-09	15.64	15.69	15.56	15.66		226800
2010-08-10	15.31	15.54	15.20	15.46		417900
2010-08-11	14.84	14.86	14.55	14.62		971000
2010-08-12	14.39	14.59	14.39	14.51		112700
2010-08-13	14.47	14.55	14.37	14.38		362000
2010-08-16	14.33	14.52	14.30	14.43		472700
2010-08-17	14.69	14.79	14.58	14.72		1552800
2010-08-18	14.74	14.79	14.59	14.69		265600
2010-08-19	14.67	14.67	14.25	14.33		134700
2010-08-20	14.10	14.11	13.97	14.08		185900
2010-08-23	14.13	14.28	14.04	14.07		267000
2010-08-24	13.81	13.93	13.70	13.85		304900
2010-08-25	13.64	13.82	13.58	13.82		159100
2010-08-26	13.88	13.97	13.73	13.80		679100
2010-08-27	13.96	14.13	13.72	14.09		232300
2010-08-30	13.93	13.98	13.78	13.78		149000
2010-08-31	13.84	13.99	13.80	13.86		1352700
2010-09-01	14.34	14.61	14.34	14.50		284600
2010-09-02	14.64	14.72	14.57	14.72		251400
2010-09-03	14.89	14.98	14.80	14.92		83400
2010-09-07	14.62	14.64	14.48	14.48		280200
2010-09-08	14.67	14.78	14.62	14.66		202200
2010-09-09	14.92	14.95	14.72	14.80		80000
2010-09-10	14.86	14.95	14.85	14.89		173500
2010-09-13	15.18	15.28	15.18	15.26		384400
2010-09-14	15.22	15.48	15.14	15.40		171400
2010-09-15	15.30	15.43	15.27	15.42		524800
2010-09-16	15.37	15.44	15.32	15.44		73600
2010-09-17	15.37	15.41	15.20	15.28		51100
2010-09-20	15.39	15.65	15.35	15.63		49800
2010-09-21	15.76	15.91	15.56	15.75		246600
2010-09-22	15.84	15.93	15.71	15.77		414300
2010-09-23	15.43	15.60	15.38	15.43		275900
2010-09-24	15.84	16.08	15.84	16.07		225100
2010-09-27	16.00	16.01	15.91	15.92		112400
2010-09-28	15.98	16.15	15.76	16.12		396600
2010-09-29	16.04	16.11	15.94	16.04		74600
2010-09-30	16.13	16.23	15.80	15.94		512400
2010-10-01	16.13	16.14	15.90	16.05		291000
2010-10-04	15.84	15.92	15.66	15.74		180200
2010-10-05	16.14	16.38	16.11	16.34		148700
2010-10-06	16.47	16.55	16.43	16.52		269700
2010-10-07	16.69	16.71	16.37	16.53		264000
2010-10-08	16.49	16.60	16.42	16.57		77500
2010-10-11	16.55	16.59	16.43	16.49		70100
2010-10-12	16.35	16.54	16.19	16.53		96000
2010-10-13	16.73	16.94	16.70	16.78		447700
2010-10-14	16.94	17.00	16.84	16.96		208000
2010-10-15	17.04	17.04	16.79	16.87		187700
2010-10-18	16.79	17.02	16.77	16.91		175100
2010-10-19	16.59	16.67	16.35	16.44		790700
2010-10-20	16.62	16.94	16.62	16.84		909400
2010-10-21	17.05	17.19	16.81	16.93		206500
2010-10-22	17.08	17.08	16.93	16.98		126600
2010-10-25	17.18	17.25	17.02	17.02		115100
2010-10-26	16.77	16.91	16.70	16.87		685900
2010-10-27	16.75	16.79	16.52	16.66		157100
2010-10-28	16.90	16.90	16.76	16.86		194300
2010-10-29	16.82	16.92	16.73	16.83		110700
2010-11-01	16.79	16.89	16.63	16.71		230400
2010-11-02	17.10	17.15	17.04	17.09		85500
2010-11-03	17.11	17.25	16.94	17.20		334600
2010-11-04	17.61	17.67	17.50	17.61		308700
2010-11-05	17.42	17.50	17.29	17.38		388600
2010-11-08	17.19	17.26	17.09	17.24		116000
2010-11-09	17.35	17.42	16.96	17.04		340000
2010-11-10	17.03	17.06	16.73	17.04		743900
2010-11-11	16.74	16.76	16.60	16.74		207400
2010-11-12	16.70	16.80	16.45	16.57		229900
2010-11-15	16.74	16.77	16.55	16.55		358900
2010-11-16	16.40	16.41	15.96	16.07		1227600
2010-11-17	16.15	16.27	16.13	16.18		207600
2010-11-18	16.53	16.67	16.53	16.61		417200
2010-11-19	16.58	16.76	16.52	16.74		116600
2010-11-22	16.47	16.57	16.28	16.49		242400
2010-11-23	15.99	16.05	15.76	15.82		293500
2010-11-24	15.85	15.97	15.84	15.90		145400
2010-11-26	15.61	15.74	15.58	15.68		358800
2010-11-29	15.26	15.34	15.06	15.28		426400
2010-11-30	14.87	15.07	14.85	14.94		337800
2010-12-01	15.28	15.45	15.22	15.42		1432500
2010-12-02	15.35	15.84	15.35	15.82		607500
2010-12-03	15.88	16.09	15.88	16.09		335500
2010-12-06	15.90	15.95	15.84	15.91		153300
2010-12-07	16.35	16.35	16.05	16.05		422700
2010-12-08	16.16	16.27	16.10	16.22		415300
2010-12-09	16.26	16.29	16.10	16.28		293500
2010-12-10	16.22	16.29	16.16	16.29		381500
2010-12-13	16.46	16.66	16.44	16.57		248100
2010-12-14	16.58	16.65	16.51	16.55		171400
2010-12-15	16.43	16.51	16.21	16.25		634600
2010-12-16	16.25	16.40	16.21	16.39		425100
2010-12-17	16.31	16.32	16.16	16.25		301600
2010-12-20	16.35	16.35	16.20	16.25		169800
2010-12-21	16.41	16.43	16.33	16.37		1303100
2010-12-22	16.38	16.38	16.31	16.37		92200
2010-12-23	16.23	16.33	16.21	16.31		352100
2010-12-27	16.13	16.21	16.07	16.21		74800
2010-12-28	16.23	16.26	16.07	16.13		101800
2010-12-29	16.25	16.40	16.25	16.31		218500
2010-12-30	16.27	16.37	16.20	16.27		144600
2010-12-31	16.24	16.43	16.21	16.37		138200
2011-01-03	16.45	16.64	16.45	16.55		994500
2011-01-04	16.78	16.78	16.47	16.56		536700
2011-01-05	16.23	16.44	16.21	16.41		938000
2011-01-06	16.43	16.43	16.09	16.18		476900
2011-01-07	16.12	16.14	15.83	15.93		214000
2011-01-10	15.72	15.82	15.61	15.80		126800
2011-01-11	15.88	15.99	15.82	15.95		297500
2011-01-12	16.28	16.49	16.23	16.47		402600
2011-01-13	16.78	16.86	16.71	16.78		689100
2011-01-14	16.81	17.00	16.79	17.00		186600
2011-01-18	17.03	17.14	16.99	17.08		175700
2011-01-19	17.16	17.17	16.92	16.99		95100
2011-01-20	16.96	17.06	16.84	17.02		238700
2011-01-21	17.30	17.39	17.21	17.32		380400
2011-01-24	17.26	17.51	17.25	17.49		235300
2011-01-25	17.38	17.49	17.31	17.49		240900
2011-01-26	17.53	17.61	17.47	17.56		353500
2011-01-27	17.65	17.73	17.58	17.71		332900
2011-01-28	17.60	17.65	17.12	17.14		729600
2011-01-31	17.39	17.46	17.33	17.41		876600
2011-02-01	17.61	17.90	17.59	17.87		322900
2011-02-02	17.68	17.77	17.67	17.72		121900
2011-02-03	17.45	17.53	17.31	17.53		205100
2011-02-04	17.44	17.49	17.27	17.49		149700
2011-02-07	17.45	17.59	17.45	17.57		359400
2011-02-08	17.68	17.82	17.63	17.78		336400
2011-02-09	17.80	17.91	17.73	17.83		329300
2011-02-10	17.48	17.69	17.43	17.68		107700
2011-02-11	17.48	17.71	17.48	17.67		70100
2011-02-14	17.49	17.57	17.45	17.55		1468400
2011-02-15	17.60	17.63	17.51	17.54		123500
2011-02-16	17.69	17.84	17.67	17.82		105500
2011-02-17	17.75	17.89	17.73	17.87		181100
2011-02-18	17.87	18.01	17.82	17.97		53100
2011-02-22	17.53	17.65	17.35	17.39		314300
2011-02-23	17.49	17.57	17.33	17.41		185800
2011-02-24	17.50	17.58	17.35	17.48		134700
2011-02-25	17.67	17.77	17.67	17.75		83700
2011-02-28	18.01	18.09	17.90	17.97		83200
2011-03-01	18.06	18.07	17.65	17.69		1127400
2011-03-02	17.70	17.84	17.67	17.74		253800
2011-03-03	18.01	18.09	17.88	18.07		160600
2011-03-04	17.99	18.02	17.68	17.81		79800
2011-03-07	17.95	18.01	17.61	17.65		269800
2011-03-08	17.54	17.78	17.47	17.73		117700
2011-03-09	17.73	17.77	17.61	17.70		345500
2011-03-10	17.39	17.43	17.26	17.33		75300
2011-03-11	17.22	17.44	17.22	17.40		809200
2011-03-14	17.26	17.32	17.14	17.32		156200
2011-03-15	16.47	16.90	16.39	16.86		274400
2011-03-16	16.66	16.74	16.01	16.19		892100
2011-03-17	16.80	16.88	16.69	16.79		514300
2011-03-18	17.30	17.30	17.06	17.13		374500
2011-03-21	17.47	17.66	17.43	17.64		216200
2011-03-22	17.66	17.66	17.47	17.53		49500
2011-03-23	17.45	17.61	17.39	17.56		1090600
2011-03-24	17.74	17.91	17.67	17.90		273900
2011-03-25	17.81	17.89	17.71	17.74		319900
2011-03-28	17.75	17.83	17.72	17.74		180500
2011-03-29	17.69	17.89	17.66	17.89		216100
2011-03-30	17.99	18.12	17.93	18.05		110500
2011-03-31	18.00	18.09	17.94	18.03		230000
2011-04-01	18.07	18.28	17.99	18.24		379000
2011-04-04	18.29	18.34	18.22	18.27		163500
2011-04-05	18.11	18.33	18.09	18.28		185000
2011-04-06	18.38	18.51	18.36	18.46		131600
2011-04-07	18.37	18.46	18.24	18.36		77400
2011-04-08	18.58	18.61	18.45	18.53		137800
2011-04-11	18.48	18.56	18.40	18.42		163500
2011-04-12	18.35	18.37	18.18	18.30		457700
2011-04-13	18.46	18.46	18.21	18.28		213600
2011-04-14	18.10	18.32	18.06	18.29		50300
2011-04-15	18.14	18.23	18.07	18.19		482700
2011-04-18	17.61	17.67	17.35	17.60		184600
2011-04-19	17.75	17.84	17.70	17.80		876000
2011-04-20	18.38	18.45	18.34	18.41		162600
2011-04-21	18.60	18.60	18.48	18.54		61800
2011-04-25	18.64	18.64	18.48	18.56		112700
2011-04-26	18.68	18.81	18.64	18.78		175300
2011-04-27	18.96	19.23	18.84	19.19		370000
2011-04-28	19.17	19.33	19.17	19.29		377400
2011-04-29	19.37	19.43	19.32	19.35		62000
2011-05-02	19.47	19.52	19.31	19.34		234000
2011-05-03	19.27	19.43	19.19	19.28		180000
2011-05-04	19.39	19.39	19.06	19.13		131000
2011-05-05	18.79	18.79	18.48	18.55		115700
2011-05-06	18.80	18.84	18.28	18.41		282100
2011-05-09	18.36	18.50	18.26	18.46		364700
2011-05-10	18.62	18.77	18.58	18.74		405000
2011-05-11	18.64	18.65	18.27	18.36		2304800
2011-05-12	18.32	18.53	18.15	18.45		179000
2011-05-13	18.40	18.43	18.01	18.18		774800
2011-05-16	18.07	18.32	18.03	18.09		205600
2011-05-17	18.02	18.18	17.89	18.16		1382400
2011-05-18	18.16	18.36	18.12	18.31		158000
2011-05-19	18.49	18.66	18.40	18.65		1127500
2011-05-20	18.51	18.52	18.20	18.24		539000
2011-05-23	17.75	17.86	17.68	17.81		303100
2011-05-24	17.94	17.99	17.83	17.87		135500
2011-05-25	17.76	18.00	17.73	17.92		232000
2011-05-26	18.03	18.14	17.85	18.09		63600
2011-05-27	18.28	18.32	18.19	18.24		156500
2011-05-31	18.74	18.80	18.61	18.80		205800
2011-06-01	18.74	18.76	18.26	18.28		131400
2011-06-02	18.40	18.46	18.23	18.44		127400
2011-06-03	18.23	18.62	18.22	18.51		605400
2011-06-06	18.44	18.47	18.22	18.22		593600
2011-06-07	18.53	18.61	18.44	18.44		97400
2011-06-08	18.33	18.37	18.13	18.16		66500
2011-06-09	18.17	18.44	18.14	18.40		1811200
2011-06-10	18.18	18.19	17.75	17.83		178900
2011-06-13	17.89	17.99	17.72	17.83		866600
2011-06-14	18.14	18.31	18.14	18.22		132400
2011-06-15	17.73	17.84	17.43	17.49		2441900
2011-06-16	17.39	17.53	17.28	17.44		306800
2011-06-17	17.89	17.89	17.73	17.76		167500
2011-06-20	17.60	17.77	17.60	17.72		473600
2011-06-21	17.98	18.24	17.96	18.18		328600
2011-06-22	18.11	18.26	18.01	18.03		112400
2011-06-23	17.53	17.76	17.39	17.76		137400
2011-06-24	17.71	17.73	17.40	17.48		145300
2011-06-27	17.45	17.77	17.45	17.72		137100
2011-06-28	17.86	18.09	17.83	18.03		2045700
2011-06-29	18.30	18.47	18.20	18.42		250400
2011-06-30	18.55	18.86	18.53	18.84		240800
2011-07-01	18.76	19.05	18.69	19.02		422200
2011-07-05	18.84	18.86	18.66	18.70		307300
2011-07-06	18.50	18.54	18.37	18.48		219700
2011-07-07	18.65	18.72	18.60	18.64		184500
2011-07-08	18.38	18.42	18.13	18.24		70600
2011-07-11	17.51	17.60	17.29	17.30		185300
2011-07-12	17.19	17.36	17.10	17.14		277900
2011-07-13	17.31	17.61	17.24	17.37		240900
2011-07-14	17.48	17.58	17.17	17.21		579800
2011-07-15	17.25	17.30	17.13	17.22		246000
2011-07-18	16.89	16.95	16.63	16.87		1526400
2011-07-19	17.03	17.20	17.03	17.12		169900
2011-07-20	17.40	17.44	17.28	17.40		288100
2011-07-21	17.81	18.07	17.75	18.00		1031900
2011-07-22	18.00	18.07	17.88	18.04		171400
2011-07-25	17.94	17.97	17.83	17.92		121200
2011-07-26	17.88	17.98	17.81	17.90		609500
2011-07-27	17.72	17.72	17.32	17.38		158600
2011-07-28	17.23	17.40	17.16	17.17		600100
2011-07-29	17.10	17.36	17.03	17.15		444300
2011-08-01	17.32	17.33	16.57	16.81		463200
2011-08-02	16.50	16.68	16.16	16.18		465800
2011-08-03	16.39	16.41	16.05	16.33		500400
2011-08-04	15.75	15.79	14.97	15.00		1599900
2011-08-05	15.69	15.73	14.86	15.56		592300
2011-08-08	14.76	14.95	14.03	14.10		917800
2011-08-09	14.74	15.07	14.21	15.07		710500
2011-08-10	14.57	14.57	13.91	13.93		1344500
2011-08-11	13.85	14.73	13.83	14.55		618400
2011-08-12	14.94	15.10	14.70	15.03		1126500
2011-08-15	15.29	15.50	15.26	15.48		420100
2011-08-16	15.11	15.49	14.98	15.17		1356800
2011-08-17	15.41	15.58	15.25	15.33		150200
2011-08-18	14.69	14.71	14.26	14.40		419300
2011-08-19	14.25	14.57	14.10	14.11		1886900
2011-08-22	14.70	14.73	14.25	14.29		239600
2011-08-23	14.49	14.85	14.42	14.85		120400
2011-08-24	14.82	15.01	14.73	14.94		102000
2011-08-25	14.96	15.01	14.57	14.62		189400
2011-08-26	14.43	14.82	14.26	14.73		143900
2011-08-29	15.06	15.16	15.00	15.14		131600
2011-08-30	14.94	15.13	14.82	15.07		223900
2011-08-31	15.31	15.50	15.31	15.39		400800
2011-09-01	15.24	15.48	15.15	15.17		235600
2011-09-02	14.74	14.83	14.57	14.60		266900
2011-09-06	13.74	13.98	13.60	13.89		385300
2011-09-07	14.11	14.40	14.07	14.38		142000
2011-09-08	14.15	14.34	14.00	14.02		187400
2011-09-09	13.57	13.66	13.25	13.36		258200
2011-09-12	12.84	13.09	12.67	13.06		390600
2011-09-13	12.99	13.21	12.90	13.14		247200
2011-09-14	13.27	13.63	13.00	13.53		572800
2011-09-15	13.98	14.04	13.81	14.04		257100
2011-09-16	13.98	14.03	13.67	13.83		375200
2011-09-19	13.21	13.45	13.14	13.37		220500
2011-09-20	13.39	13.52	13.26	13.36		175600
2011-09-21	13.42	13.47	12.95	12.95		300100
2011-09-22	12.45	12.56	12.22	12.42		330200
2011-09-23	12.21	12.58	12.20	12.54		1383200
2011-09-26	12.69	12.89	12.43	12.86		319800
2011-09-27	13.44	13.66	13.34	13.38		401500
2011-09-28	13.48	13.61	13.14	13.15		259700
2011-09-29	13.66	13.74	13.34	13.54		156300
2011-09-30	13.10	13.25	12.99	12.99		227100
2011-10-03	12.76	12.93	12.45	12.46		176700
2011-10-04	12.36	12.78	12.19	12.78		795700
2011-10-05	12.86	13.14	12.76	13.13		687500
2011-10-06	13.16	13.63	13.14	13.62		424200
2011-10-07	13.68	13.74	13.45	13.50		566500
2011-10-10	13.95	14.20	13.95	14.16		929500
2011-10-11	13.93	14.19	13.91	14.18		2505100
2011-10-12	14.51	14.73	14.46	14.59		570400
2011-10-13	14.43	14.58	14.26	14.53		218200
2011-10-14	14.74	14.82	14.61	14.73		241500
2011-10-17	14.52	14.52	14.16	14.21		271200
2011-10-18	14.11	14.51	13.93	14.38		373300
2011-10-19	14.30	14.34	14.08	14.11		163800
2011-10-20	14.10	14.11	13.79	14.06		270700
2011-10-21	14.34	14.49	14.30	14.48		172100
2011-10-24	14.41	14.78	14.41	14.72		174000
2011-10-25	14.58	14.60	14.34	14.38		284400
2011-10-26	14.76	14.81	14.33	14.66		240500
2011-10-27	15.58	15.93	15.40	15.84		1115500
2011-10-28	15.52	15.63	15.48	15.58		256900
2011-10-31	15.12	15.15	14.64	14.66		912400
2011-11-01	13.79	14.05	13.74	13.83		444400
2011-11-02	14.06	14.18	13.90	14.01		226900
2011-11-03	14.39	14.66	14.11	14.59		269300
2011-11-04	14.32	14.36	14.07	14.20		443600
2011-11-07	14.16	14.26	13.96	14.17		201500
2011-11-08	14.38	14.54	14.18	14.47		2383600
2011-11-09	13.72	13.78	13.45	13.49		386600
2011-11-10	13.87	13.91	13.57	13.70		297100
2011-11-11	14.04	14.27	14.04	14.21		279500
2011-11-14	13.94	14.00	13.75	13.85		217600
2011-11-15	13.63	13.74	13.51	13.62		417000
2011-11-16	13.53	13.69	13.38	13.38		211700
2011-11-17	13.52	13.52	13.12	13.19		263500
2011-11-18	13.38	13.41	13.22	13.27		727300
2011-11-21	12.97	12.98	12.80	12.94		186500
2011-11-22	12.87	12.94	12.72	12.78		195800
2011-11-23	12.62	12.64	12.36	12.36		435200
2011-11-25	12.35	12.54	12.33	12.34		107600
2011-11-28	13.12	13.21	13.05	13.12		521100
2011-11-29	13.17	13.29	13.13	13.19		605400
2011-11-30	13.86	14.02	13.81	14.00		470000
2011-12-01	13.93	14.04	13.81	13.88		328400
2011-12-02	14.08	14.08	13.83	13.87		142300
2011-12-05	14.19	14.23	13.95	14.04		318100
2011-12-06	13.97	14.13	13.94	14.02		231900
2011-12-07	13.83	14.17	13.76	14.09		128600
2011-12-08	13.71	13.76	13.40	13.44		449800
2011-12-09	13.69	13.96	13.68	13.92		244700
2011-12-12	13.52	13.55	13.29	13.38		275200
2011-12-13	13.36	13.45	12.95	13.00		122100
2011-12-14	12.84	12.88	12.66	12.69		308400
2011-12-15	12.90	12.90	12.72	12.74		100800
2011-12-16	12.78	12.82	12.59	12.68		221100
2011-12-19	12.90	12.90	12.62	12.63		272400
2011-12-20	13.04	13.24	13.04	13.22		274200
2011-12-21	13.11	13.14	12.98	13.11		150100
2011-12-22	13.17	13.28	13.11	13.27		141700
2011-12-23	13.27	13.38	13.26	13.37		148200
2011-12-27	13.32	13.42	13.31	13.37		420100
2011-12-28	13.30	13.32	13.06	13.08		181500
2011-12-29	13.15	13.44	13.11	13.44		175200
2011-12-30	13.39	13.53	13.39	13.48		258100
2012-01-03	13.78	13.95	13.77	13.88		320400
2012-01-04	13.71	13.73	13.55	13.64		244000
2012-01-05	13.33	13.35	13.20	13.35		512800
2012-01-06	13.28	13.28	13.08	13.11		263500
2012-01-09	13.23	13.24	13.06	13.21		119300
2012-01-10	13.50	13.54	13.44	13.49		180000
2012-01-11	13.37	13.48	13.28	13.46		221700
2012-01-12	13.59	13.64	13.45	13.60		284900
2012-01-13	13.36	13.38	13.13	13.33		297200
2012-01-17	13.58	13.74	13.58	13.64		186600
2012-01-18	13.78	13.98	13.74	13.95		371200
2012-01-19	14.08	14.24	14.01	14.23		153000
2012-01-20	14.15	14.23	14.11	14.22		149500
2012-01-23	14.33	14.39	14.28	14.37		232100
2012-01-24	14.11	14.28	14.11	14.27		539200
2012-01-25	14.15	14.48	14.08	14.45		265400
2012-01-26	14.60	14.65	14.46	14.48		112300
2012-01-27	14.40	14.50	14.38	14.46		148000
2012-01-30	14.14	14.23	14.10	14.21		295700
2012-01-31	14.42	14.44	14.21	14.32		2335800
2012-02-01	14.59	14.69	14.54	14.59		152100
2012-02-02	14.65	14.73	14.61	14.65		110600
2012-02-03	14.70	14.90	14.67	14.89		470400
2012-02-06	14.67	14.78	14.63	14.75		198300
2012-02-07	14.76	14.94	14.70	14.93		199500
2012-02-08	14.96	15.03	14.88	14.99		158000
2012-02-09	15.09	15.11	14.95	15.06		127100
2012-02-10	14.72	14.74	14.63	14.69		237700
2012-02-13	14.83	14.84	14.70	14.78		140000
2012-02-14	14.68	14.72	14.51	14.62		499200
2012-02-15	14.70	14.70	14.54	14.58		524800
2012-02-16	14.53	14.87	14.48	14.84		276500
2012-02-17	15.03	15.04	14.92	15.00		126900
2012-02-21	15.08	15.19	15.04	15.09		194000
2012-02-22	15.07	15.13	15.03	15.03		75700
2012-02-23	15.08	15.27	15.02	15.27		360600
2012-02-24	15.34	15.45	15.34	15.41		169900
2012-02-27	15.09	15.29	15.07	15.25		182300
2012-02-28	15.23	15.40	15.18	15.34		711600
2012-02-29	15.43	15.48	15.18	15.22		1594700
2012-03-01	15.34	15.44	15.29	15.41		305000
2012-03-02	15.32	15.33	15.21	15.26		108000
2012-03-05	15.23	15.28	15.14	15.25		191500
2012-03-06	14.72	14.74	14.47	14.52		310600
2012-03-07	14.66	14.77	14.61	14.75		220900
2012-03-08	15.08	15.36	15.03	15.32		929200
2012-03-09	15.14	15.22	15.07	15.12		605600
2012-03-12	15.13	15.25	15.05	15.25		1758600
2012-03-13	15.26	15.47	15.23	15.47		600800
2012-03-14	15.46	15.48	15.32	15.36		261000
2012-03-15	15.38	15.52	15.34	15.51		102600
2012-03-16	15.59	15.69	15.59	15.65		128000
2012-03-19	15.58	15.74	15.56	15.69		150000
2012-03-20	15.47	15.58	15.40	15.55		1363100
2012-03-21	15.49	15.51	15.33	15.43		793300
2012-03-22	15.13	15.25	15.09	15.18		186300
2012-03-23	15.16	15.32	15.07	15.32		666100
2012-03-26	15.43	15.58	15.41	15.57		181900
2012-03-27	15.43	15.43	15.30	15.31		352000
2012-03-28	15.33	15.34	15.05	15.17		430200
2012-03-29	14.95	15.05	14.88	15.01		665100
2012-03-30	15.20	15.23	15.05	15.19		503700
2012-04-02	15.08	15.42	15.05	15.35		449800
2012-04-03	15.25	15.28	14.87	14.96		541000
2012-04-04	14.59	14.62	14.45	14.52		620600
2012-04-05	14.33	14.47	14.30	14.33		444100
2012-04-09	14.21	14.36	14.14	14.30		310200
2012-04-10	14.20	14.25	13.84	13.84		2428000
2012-04-11	14.28	14.29	14.03	14.06		955000
2012-04-12	14.12	14.39	14.11	14.36		414900
2012-04-13	14.12	14.12	13.86	13.92		550000
2012-04-16	14.09	14.10	13.90	14.02		288700
2012-04-17	14.24	14.43	14.17	14.39		767700
2012-04-18	14.10	14.30	14.10	14.14		931400
2012-04-19	14.06	14.12	13.78	13.88		951400
2012-04-20	13.97	14.08	13.96	13.97		277400
2012-04-23	13.64	13.68	13.54	13.63		1313600
2012-04-24	13.77	13.99	13.75	13.86		649700
2012-04-25	14.29	14.37	14.17	14.27		640600
2012-04-26	14.17	14.38	14.15	14.33		975900
2012-04-27	14.49	14.51	14.38	14.44		823200
2012-04-30	14.31	14.33	14.18	14.26		670600
2012-05-01	14.31	14.45	14.25	14.38		456800
2012-05-02	14.20	14.30	14.12	14.30		776600
2012-05-03	14.26	14.31	14.12	14.16		423700
2012-05-04	14.06	14.10	13.86	13.93		1022300
2012-05-07	13.96	14.14	13.95	14.11		608000
2012-05-08	13.85	13.86	13.60	13.81		1072000
2012-05-09	13.46	13.68	13.37	13.59		893900
2012-05-10	13.75	13.81	13.66	13.70		908200
2012-05-11	13.50	13.74	13.48	13.61		2020400
2012-05-14	13.28	13.36	13.22	13.26		1495700
2012-05-15	13.15	13.23	13.04	13.04		1803200
2012-05-16	13.20	13.31	13.02	13.04		1709700
2012-05-17	13.04	13.06	12.86	12.86		947900
2012-05-18	12.99	13.02	12.85	12.88		358100
2012-05-21	13.02	13.24	12.99	13.24		701100
2012-05-22	13.27	13.38	13.06	13.13		1038100
2012-05-23	13.00	13.02	12.73	12.99		731000
2012-05-24	12.96	13.03	12.80	12.89		492900
2012-05-25	12.84	12.96	12.83	12.89		298000
2012-05-29	13.09	13.20	12.95	13.09		1631800
2012-05-30	12.82	12.82	12.65	12.67		1602300
2012-05-31	12.71	12.83	12.53	12.78		642000
2012-06-01	12.47	12.56	12.32	12.42		2231300
2012-06-04	12.60	12.66	12.48	12.60		2383100
2012-06-05	12.59	12.69	12.58	12.67		578400
2012-06-06	12.82	13.16	12.82	13.16		1163200
2012-06-07	13.30	13.31	13.04	13.07		504500
2012-06-08	12.89	13.07	12.83	13.04		1566200
2012-06-11	13.22	13.23	12.87	12.87		1039100
2012-06-12	12.96	13.06	12.78	13.04		1788400
2012-06-13	12.91	13.06	12.87	12.91		2435700
2012-06-14	12.92	13.12	12.89	13.05		1034800
2012-06-15	13.19	13.36	13.18	13.36		1039400
2012-06-18	13.19	13.28	13.11	13.18		641700
2012-06-19	13.31	13.58	13.27	13.48		1498500
2012-06-20	13.48	13.66	13.40	13.55		1182800
2012-06-21	13.58	13.61	13.19	13.19		647600
2012-06-22	13.34	13.36	13.20	13.31		353300
2012-06-25	12.94	12.94	12.81	12.91		615500
2012-06-26	12.91	12.96	12.78	12.91		377900
2012-06-27	12.95	13.11	12.92	13.07		1700500
2012-06-28	12.93	13.09	12.86	13.06		1870100
2012-06-29	13.69	13.85	13.66	13.84		868000
2012-07-02	13.94	14.00	13.85	13.99		350700
2012-07-03	13.93	14.08	13.92	14.06		211700
2012-07-05	13.68	13.71	13.56	13.61		1927400
2012-07-06	13.45	13.47	13.27	13.36		336300
2012-07-09	13.32	13.35	13.24	13.35		230000
2012-07-10	13.44	13.46	13.20	13.22		384900
2012-07-11	13.23	13.31	13.12	13.22		423900
2012-07-12	13.08	13.15	12.98	13.13		178700
2012-07-13	13.11	13.35	13.10	13.32		505000
2012-07-16	13.26	13.37	13.18	13.33		723600
2012-07-17	13.42	13.47	13.20	13.45		1167000
2012-07-18	13.40	13.62	13.39	13.60		418900
2012-07-19	13.66	13.74	13.61	13.71		511800
2012-07-20	13.35	13.39	13.27	13.31		1033100
2012-07-23	12.84	12.96	12.75	12.92		886700
2012-07-24	12.91	12.91	12.60	12.72		692200
2012-07-25	12.93	12.94	12.77	12.85		487000
2012-07-26	13.39	13.54	13.37	13.51		895800
2012-07-27	13.72	14.05	13.69	13.98		698100
2012-07-30	13.78	13.93	13.77	13.89		400800
2012-07-31	13.84	13.91	13.78	13.78		304500
2012-08-01	13.96	13.97	13.83	13.83		316300
2012-08-02	13.58	13.72	13.30	13.43		863100
2012-08-03	13.95	14.29	13.92	14.22		598100
2012-08-06	14.36	14.45	14.33	14.36		423000
2012-08-07	14.55	14.66	14.54	14.58		542900
2012-08-08	14.39	14.52	14.38	14.49		599000
2012-08-09	14.38	14.51	14.38	14.47		553300
2012-08-10	14.29	14.45	14.26	14.45		227200
2012-08-13	14.43	14.49	14.35	14.43		104600
2012-08-14	14.46	14.50	14.40	14.44		147600
2012-08-15	14.41	14.48	14.41	14.41		480800
2012-08-16	14.50	14.72	14.50	14.67		131600
2012-08-17	14.67	14.68	14.57	14.65		170000
2012-08-20	14.60	14.67	14.52	14.65		99400
2012-08-21	14.84	14.97	14.80	14.85		1381700
2012-08-22	14.74	14.86	14.69	14.84		392400
2012-08-23	14.68	14.75	14.60	14.67		495200
2012-08-24	14.51	14.72	14.48	14.60		232200
2012-08-27	14.70	14.77	14.67	14.69		99200
2012-08-28	14.67	14.74	14.64	14.72		173600
2012-08-29	14.61	14.63	14.54	14.57		219500
2012-08-30	14.55	14.55	14.36	14.40		160900
2012-08-31	14.68	14.71	14.52	14.57		671500
2012-09-04	14.70	14.70	14.52	14.59		801500
2012-09-05	14.64	14.68	14.57	14.60		250700
2012-09-06	14.77	15.13	14.77	15.08		395500
2012-09-07	15.37	15.41	15.32	15.39		303000
2012-09-10	15.29	15.34	15.16	15.19		564800
2012-09-11	15.27	15.50	15.27	15.46		473100
2012-09-12	15.61	15.63	15.49	15.57		372400
2012-09-13	15.42	15.76	15.34	15.70		747400
2012-09-14	15.93	16.09	15.92	15.98		268200
2012-09-17	15.95	16.00	15.82	15.85		257100
2012-09-18	15.69	15.72	15.60	15.63		565000
2012-09-19	15.66	15.77	15.59	15.71		181700
2012-09-20	15.47	15.59	15.39	15.58		346700
2012-09-21	15.72	15.73	15.61	15.61		369300
2012-09-24	15.41	15.53	15.39	15.50		416100
2012-09-25	15.52	15.63	15.34	15.35		327300
2012-09-26	15.18	15.20	15.05	15.11		608000
2012-09-27	15.17	15.37	15.09	15.30		210700
2012-09-28	15.06	15.09	14.80	14.83		822700
2012-10-01	15.12	15.26	15.05	15.08		472400
2012-10-02	15.28	15.31	15.06	15.13		805400
2012-10-03	15.13	15.13	15.03	15.04		177000
2012-10-04	15.18	15.27	15.12	15.26		194100
2012-10-05	15.44	15.51	15.34	15.37		533800
2012-10-08	15.22	15.28	15.16	15.22		145400
2012-10-09	15.13	15.15	14.91	14.91		308300
2012-10-10	14.95	14.98	14.83	14.89		455400
2012-10-11	15.15	15.21	15.04	15.04		934500
2012-10-12	15.12	15.22	15.02	15.08		263800
2012-10-15	15.22	15.28	15.13	15.26		240100
2012-10-16	15.49	15.71	15.49	15.71		337300
2012-10-17	15.75	15.88	15.70	15.85		1665100
2012-10-18	15.76	15.89	15.73	15.80		562600
2012-10-19	15.72	15.72	15.54	15.56		561000
2012-10-22	15.68	15.70	15.51	15.64		505100
2012-10-23	15.22	15.25	15.07	15.23		650700
2012-10-24	15.25	15.28	15.17	15.19		253000
2012-10-25	15.34	15.35	15.13	15.18		575500
2012-10-26	15.23	15.31	15.18	15.28		284000
2012-10-31	15.44	15.44	15.21	15.26		295500
2012-11-01	15.40	15.49	15.39	15.46		337300
2012-11-02	15.43	15.43	15.27	15.29		148700
2012-11-05	15.17	15.18	15.09	15.15		352600
2012-11-06	15.20	15.35	15.20	15.34		334400
2012-11-07	15.07	15.08	14.91	15.01		270200
2012-11-08	14.94	15.02	14.84	14.85		254900
2012-11-09	14.79	14.99	14.77	14.91		632000
2012-11-12	14.91	14.95	14.86	14.91		188100
2012-11-13	14.72	14.98	14.72	14.84		203700
2012-11-14	14.96	14.98	14.71	14.74		483100
2012-11-15	14.83	14.89	14.74	14.80		523800
2012-11-16	14.77	14.79	14.56	14.69		288200
2012-11-19	14.92	15.13	14.91	15.12		530000
2012-11-20	15.09	15.24	15.06	15.24		315900
2012-11-21	15.25	15.30	15.23	15.28		439900
2012-11-23	15.57	15.70	15.56	15.68		182500
2012-11-26	15.56	15.63	15.52	15.63		212900
2012-11-27	15.53	15.58	15.45	15.49		468900
2012-11-28	15.40	15.69	15.38	15.66		423100
2012-11-29	15.82	15.87	15.73	15.83		949700
2012-11-30	15.90	15.97	15.83	15.85		1436800
2012-12-03	16.02	16.02	15.90	15.92		1771900
2012-12-04	16.03	16.09	16.00	16.06		1041600
2012-12-05	16.04	16.20	15.98	16.13		601700
2012-12-06	16.06	16.07	15.94	16.05		1200300
2012-12-07	15.97	16.02	15.88	16.02		538100
2012-12-10	15.94	16.09	15.94	16.07		2852400
2012-12-11	16.21	16.28	16.21	16.26		744400
2012-12-12	16.31	16.44	16.28	16.33		385200
2012-12-13	16.28	16.38	16.23	16.28		1086000
2012-12-14	16.28	16.48	16.27	16.41		1325800
2012-12-17	16.36	16.46	16.36	16.45		1130600
2012-12-18	16.44	16.63	16.44	16.59		519000
2012-12-19	16.71	16.73	16.60	16.60		1066100
2012-12-20	16.70	16.73	16.62	16.73		315700
2012-12-21	16.48	16.64	16.47	16.63		611500
2012-12-24	16.56	16.60	16.48	16.51		170100
2012-12-26	16.55	16.62	16.44	16.49		247700
2012-12-27	16.73	16.76	16.58	16.66		647100
2012-12-28	16.46	16.49	16.36	16.37		1286500
2012-12-31	16.51	16.78	16.48	16.76		212000
2013-01-02	16.90	16.92	16.73	16.85		3043700
2013-01-03	16.67	16.73	16.57	16.59		257900
2013-01-04	16.57	16.75	16.56	16.70		367700
2013-01-07	16.58	16.67	16.53	16.66		427200
2013-01-08	16.65	16.69	16.57	16.63		449100
2013-01-09	16.56	16.63	16.52	16.58		1536100
2013-01-10	16.76	16.84	16.67	16.80		600800
2013-01-11	16.86	16.95	16.80	16.91		1842200
2013-01-14	16.95	17.00	16.88	17.00		911900
2013-01-15	16.84	16.93	16.80	16.90		532300
2013-01-16	16.79	16.89	16.77	16.80		377800
2013-01-17	17.09	17.13	17.02	17.09		626900
2013-01-18	17.07	17.11	16.97	17.10		202400
2013-01-22	17.06	17.10	16.98	17.09		139200
2013-01-23	16.95	17.04	16.90	17.02		1364200
2013-01-24	17.07	17.18	17.05	17.12		1046800
2013-01-25	17.39	17.46	17.33	17.46		547100
2013-01-28	17.44	17.44	17.37	17.43		642600
2013-01-29	17.38	17.50	17.36	17.49		796700
2013-01-30	17.47	17.54	17.42	17.43		1547800
2013-01-31	17.34	17.44	17.27	17.28		767700
2013-02-01	17.61	17.72	17.53	17.66		964800
2013-02-04	17.22	17.26	16.89	16.92		831400
2013-02-05	17.12	17.23	17.10	17.17		468600
2013-02-06	16.81	16.96	16.80	16.93		306100
2013-02-07	16.85	16.85	16.52	16.63		304500
2013-02-08	16.71	16.78	16.69	16.76		234200
2013-02-11	16.83	16.87	16.68	16.80		1885800
2013-02-12	16.88	17.05	16.87	16.98		2103900
2013-02-13	17.07	17.14	17.01	17.05		368300
2013-02-14	16.80	16.90	16.77	16.86		463200
2013-02-15	16.94	16.96	16.73	16.81		1357100
2013-02-19	17.09	17.22	17.09	17.20		2251000
2013-02-20	17.17	17.20	16.87	16.88		1145100
2013-02-21	16.57	16.61	16.41	16.50		2092800
2013-02-22	16.74	16.91	16.65	16.90		787900
2013-02-25	17.26	17.26	16.19	16.23		1522800
2013-02-26	16.46	16.55	16.22	16.36		740100
2013-02-27	16.42	16.80	16.41	16.76		1778200
2013-02-28	16.65	16.83	16.63	16.67		596900
2013-03-01	16.49	16.63	16.39	16.61		826000
2013-03-04	16.56	16.72	16.53	16.71		280500
2013-03-05	16.90	16.99	16.89	16.93		895500
2013-03-06	16.97	17.00	16.83	16.90		1124200
2013-03-07	17.02	17.13	16.98	17.11		1165700
2013-03-08	17.13	17.19	16.99	17.17		2995800
2013-03-11	17.10	17.20	17.07	17.20		1979400
2013-03-12	17.25	17.29	17.10	17.15		630600
2013-03-13	17.07	17.12	16.95	17.09		2387000
2013-03-14	17.14	17.29	17.11	17.26		2395100
2013-03-15	17.24	17.28	17.15	17.21		997500
2013-03-18	16.85	17.12	16.85	16.97		2462900
2013-03-19	16.95	16.99	16.63	16.78		3358200
2013-03-20	17.02	17.08	16.97	17.00		4707500
2013-03-21	16.73	16.86	16.64	16.72		1511500
2013-03-22	16.84	16.96	16.78	16.92		1587400
2013-03-25	16.88	16.90	16.39	16.47		2200600
2013-03-26	16.61	16.68	16.50	16.61		521300
2013-03-27	16.19	16.34	16.16	16.33		2564800
2013-03-28	16.47	16.53	16.42	16.49		1077100
2013-04-01	16.44	16.50	16.34	16.39		288000
2013-04-02	16.63	16.84	16.61	16.64		1921000
2013-04-03	16.74	16.78	16.55	16.58		373500
2013-04-04	16.50	16.63	16.44	16.61		377400
2013-04-05	16.31	16.47	16.29	16.46		1106300
2013-04-08	16.49	16.51	16.40	16.50		493900
2013-04-09	16.53	16.64	16.40	16.56		327500
2013-04-10	16.73	16.86	16.71	16.80		336900
2013-04-11	16.93	17.09	16.90	16.96		223700
2013-04-12	16.80	16.91	16.74	16.90		484300
2013-04-15	16.70	16.71	16.46	16.47		436300
2013-04-16	16.76	16.77	16.63	16.76		212300
2013-04-17	16.42	16.42	16.08	16.20		595900
2013-04-18	16.24	16.25	16.05	16.14		1161800
2013-04-19	16.35	16.42	16.29	16.35		674000
2013-04-22	16.39	16.49	16.26	16.46		751000
2013-04-23	16.73	16.91	16.73	16.89		1718100
2013-04-24	17.01	17.17	16.99	17.12		1414000
2013-04-25	17.12	17.19	17.05	17.06		658200
2013-04-26	17.03	17.09	17.01	17.07		944400
2013-04-29	17.27	17.48	17.25	17.45		539000
2013-04-30	17.41	17.47	17.35	17.42		920300
2013-05-01	17.42	17.44	17.21	17.24		492400
2013-05-02	17.24	17.45	17.21	17.41		1806500
2013-05-03	17.58	17.69	17.57	17.66		950800
2013-05-06	17.62	17.66	17.52	17.64		604400
2013-05-07	17.76	17.77	17.62	17.69		604600
2013-05-08	17.86	17.95	17.84	17.95		1251200
2013-05-09	17.83	17.86	17.64	17.71		742400
2013-05-10	17.74	17.82	17.66	17.81		448500
2013-05-13	17.72	17.78	17.68	17.76		746900
2013-05-14	17.74	17.84	17.74	17.78		1666400
2013-05-15	17.64	17.81	17.64	17.79		464800
2013-05-16	17.73	17.84	17.66	17.70		955800
2013-05-17	17.76	17.92	17.74	17.89		461700
2013-05-20	17.85	18.01	17.83	17.96		565300
2013-05-21	17.98	18.15	17.91	18.08		592700
2013-05-22	18.09	18.30	17.84	17.92		603900
2013-05-23	17.72	17.93	17.69	17.91		561100
2013-05-24	17.81	17.89	17.74	17.88		333400
2013-05-28	18.20	18.23	18.04	18.08		581400
2013-05-29	17.98	18.00	17.88	17.96		520600
2013-05-30	18.13	18.21	18.10	18.13		422200
2013-05-31	17.95	17.98	17.76	17.76		289100
2013-06-03	17.84	17.96	17.74	17.93		944300
2013-06-04	17.91	17.95	17.73	17.81		349300
2013-06-05	17.71	17.71	17.51	17.52		534800
2013-06-06	17.61	17.71	17.52	17.70		597800
2013-06-07	17.72	17.92	17.64	17.83		437500
2013-06-10	17.86	17.86	17.75	17.83		361800
2013-06-11	17.56	17.71	17.53	17.64		11532400
2013-06-12	17.81	17.82	17.59	17.61		441800
2013-06-13	17.62	17.88	17.59	17.87		310600
2013-06-14	17.76	17.85	17.62	17.70		1052800
2013-06-17	18.03	18.09	17.89	17.99		538200
2013-06-18	18.02	18.12	18.01	18.09		2754000
2013-06-19	18.02	18.08	17.67	17.69		1980500
2013-06-20	17.26	17.29	17.00	17.05		913600
2013-06-21	17.07	17.08	16.75	16.91		765400
2013-06-24	16.46	16.71	16.43	16.61		461300
2013-06-25	16.75	16.82	16.58	16.78		671300
2013-06-26	16.98	17.00	16.88	16.95		490100
2013-06-27	17.08	17.22	17.08	17.11		279200
2013-06-28	17.01	17.09	16.91	16.96		641900
2013-07-01	17.19	17.24	17.13	17.14		598300
2013-07-02	17.02	17.10	16.84	16.93		424300
2013-07-03	16.74	16.92	16.71	16.88		374800
2013-07-05	17.07	17.08	16.87	16.99		186100
2013-07-08	17.22	17.30	17.15	17.23		238100
2013-07-09	17.34	17.34	17.17	17.22		178500
2013-07-10	17.22	17.46	17.19	17.34		2015000
2013-07-11	17.68	17.83	17.56	17.78		3096200
2013-07-12	17.60	17.65	17.52	17.62		267400
2013-07-15	17.71	17.76	17.66	17.72		249500
2013-07-16	17.72	17.78	17.67	17.74		627100
2013-07-17	17.82	17.83	17.70	17.75		163800
2013-07-18	17.85	17.99	17.83	17.97		262800
2013-07-19	17.92	18.02	17.91	18.00		386700
2013-07-22	18.12	18.18	18.11	18.13		283500
2013-07-23	18.19	18.20	18.11	18.15		411400
2013-07-24	18.33	18.37	18.23	18.31		4260900
2013-07-25	18.23	18.52	18.22	18.51		4577600
2013-07-26	18.42	18.57	18.40	18.56		228800
2013-07-29	18.47	18.50	18.37	18.47		369000
2013-07-30	18.56	18.56	18.39	18.47		222500
2013-07-31	18.45	18.69	18.44	18.53		929300
2013-08-01	18.69	18.79	18.65	18.74		743800
2013-08-02	18.74	18.85	18.73	18.85		343300
2013-08-05	18.77	18.81	18.73	18.81		537800
2013-08-06	18.85	18.87	18.69	18.77		885900
2013-08-07	18.76	18.87	18.74	18.85		243700
2013-08-08	18.97	19.10	18.94	19.06		461700
2013-08-09	18.99	19.08	18.98	19.06		231600
2013-08-12	18.87	18.95	18.86	18.94		660200
2013-08-13	18.93	19.03	18.85	19.01		365900
2013-08-14	19.06	19.10	19.03	19.09		416200
2013-08-15	18.87	19.09	18.71	19.07		367600
2013-08-16	19.09	19.18	19.07	19.14		312400
2013-08-19	19.06	19.08	18.96	18.97		795200
2013-08-20	18.86	18.98	18.82	18.93		556700
2013-08-21	18.82	18.93	18.69	18.77		347000
2013-08-22	18.90	18.98	18.89	18.95		385700
2013-08-23	18.99	19.08	18.95	19.06		331400
2013-08-26	18.98	19.01	18.93	18.94		273700
2013-08-27	18.58	18.66	18.46	18.47		883800
2013-08-28	18.34	18.48	18.30	18.42		213700
2013-08-29	18.31	18.43	18.29	18.38		750800
2013-08-30	18.27	18.28	18.10	18.14		530600
2013-09-03	18.39	18.42	18.18	18.29		1571700
2013-09-04	18.09	18.41	18.08	18.36		428500
2013-09-05	18.31	18.41	18.28	18.37		190500
2013-09-06	18.50	18.62	18.36	18.58		276500
2013-09-09	18.61	18.80	18.61	18.76		586000
2013-09-10	19.00	19.09	18.97	19.06		296700
2013-09-11	19.05	19.17	19.02	19.17		1068300
2013-09-12	19.05	19.14	19.03	19.05		580100
2013-09-13	19.06	19.14	18.95	19.12		277700
2013-09-16	19.39	19.40	19.27	19.27		332500
2013-09-17	19.30	19.35	19.28	19.34		158700
2013-09-18	19.37	19.94	19.29	19.91		506800
2013-09-19	19.87	19.89	19.75	19.81		1222800
2013-09-20	19.81	19.86	19.74	19.75		541500
2013-09-23	19.72	19.73	19.56	19.65		427300
2013-09-24	19.75	19.76	19.65	19.67		394400
2013-09-25	19.66	19.79	19.65	19.73		325800
2013-09-26	19.69	19.76	19.64	19.71		153100
2013-09-27	19.73	19.79	19.70	19.75		264700
2013-09-30	19.49	19.61	19.46	19.56		335600
2013-10-01	19.67	19.83	19.65	19.80		685500
2013-10-02	19.73	19.76	19.60	19.76		286700
2013-10-03	19.66	19.67	19.56	19.59		569100
2013-10-04	19.69	19.78	19.66	19.68		392300
2013-10-07	19.54	19.72	19.54	19.64		237200
2013-10-08	19.66	19.67	19.47	19.48		380000
2013-10-09	19.52	19.54	19.38	19.49		439400
2013-10-10	19.81	19.97	19.78	19.94		231300
2013-10-11	19.91	19.97	19.90	19.96		259300
2013-10-14	19.89	20.03	19.89	20.02		175100
2013-10-15	19.94	19.99	19.91	19.91		461900
2013-10-16	19.89	19.99	19.86	19.94		471600
2013-10-17	20.06	20.23	20.05	20.21		304400
2013-10-18	20.34	20.42	20.31	20.41		288000
2013-10-21	20.32	20.36	20.31	20.36		175100
2013-10-22	20.49	20.63	20.49	20.55		324200
2013-10-23	20.42	20.47	20.38	20.45		186800
2013-10-24	20.54	20.55	20.49	20.53		274900
2013-10-25	20.51	20.56	20.47	20.54		151000
2013-10-28	20.39	20.46	20.34	20.40		148000
2013-10-29	20.50	20.53	20.43	20.48		198500
2013-10-30	20.52	20.52	20.33	20.38		159500
2013-10-31	20.38	20.42	20.29	20.30		308700
2013-11-01	20.18	20.23	20.03	20.15		547100
2013-11-04	20.17	20.25	20.16	20.24		189400
2013-11-05	19.91	19.99	19.86	19.94		208100
2013-11-06	20.21	20.29	20.17	20.20		327700
2013-11-07	20.15	20.17	19.83	19.87		440600
2013-11-08	19.72	19.93	19.71	19.93		279600
2013-11-11	20.03	20.08	20.01	20.06		174900
2013-11-12	20.02	20.08	19.90	19.97		318900
2013-11-13	19.77	20.05	19.75	20.04		346100
2013-11-14	20.00	20.15	19.99	20.09		492200
2013-11-15	20.20	20.21	20.13	20.20		255100
2013-11-18	20.40	20.44	20.23	20.25		261700
2013-11-19	20.14	20.21	20.08	20.15		274100
2013-11-20	20.11	20.18	19.86	19.89		345700
2013-11-21	19.98	20.03	19.94	20.02		405500
2013-11-22	20.15	20.24	20.13	20.22		276600
2013-11-25	20.23	20.26	20.18	20.19		566000
2013-11-26	20.22	20.29	20.17	20.26		1098900
2013-11-27	20.34	20.37	20.26	20.29		919900
2013-11-29	20.41	20.45	20.32	20.32		378600
2013-12-02	20.23	20.29	20.16	20.17		446000
2013-12-03	19.91	19.99	19.79	19.84		702100
2013-12-04	19.54	19.73	19.53	19.70		1040500
2013-12-05	19.70	19.76	19.58	19.60		744400
2013-12-06	19.75	19.86	19.73	19.86		448100
2013-12-09	19.81	19.89	19.81	19.86		196100
2013-12-10	19.78	19.83	19.71	19.74		779500
2013-12-11	19.92	19.94	19.67	19.68		554900
2013-12-12	19.63	19.71	19.57	19.61		369700
2013-12-13	19.65	19.66	19.51	19.60		261500
2013-12-16	19.86	19.94	19.79	19.84		553200
2013-12-17	19.72	19.73	19.62	19.67		230200
2013-12-18	19.82	20.03	19.41	19.97		555400
2013-12-19	19.92	20.03	19.89	20.01		434200
2013-12-20	20.01	20.14	20.01	20.09		484000
2013-12-23	20.17	20.27	20.13	20.25		475600
2013-12-24	20.25	20.35	20.14	20.34		171500
2013-12-26	20.30	20.52	20.30	20.47		396400
2013-12-27	20.66	20.68	20.55	20.58		617000
2013-12-30	20.67	20.74	20.65	20.71		373200
2013-12-31	20.78	20.90	20.72	20.79		679700
2014-01-02	20.39	20.39	20.22	20.30		729700
2014-01-03	20.29	20.31	20.19	20.21		425600
2014-01-06	20.26	20.29	20.18	20.20		1762600
2014-01-07	20.28	20.36	20.25	20.34		498300
2014-01-08	20.30	20.34	20.24	20.29		440600
2014-01-09	20.27	20.29	20.09	20.23		557800
2014-01-10	20.31	20.44	20.29	20.44		464000
2014-01-13	20.36	20.44	20.28	20.32		320900
2014-01-14	20.41	20.58	20.34	20.55		471200
2014-01-15	20.53	20.71	20.53	20.69		730800
2014-01-16	20.65	20.68	20.54	20.68		576100
2014-01-17	20.53	20.60	20.46	20.48		1495000
2014-01-21	20.63	20.65	20.52	20.63		308800
2014-01-22	20.62	20.62	20.52	20.58		841900
2014-01-23	20.65	20.65	20.47	20.56		423200
2014-01-24	20.21	20.22	19.87	19.87		503500
2014-01-27	19.96	19.98	19.78	19.88		1011500
2014-01-28	20.01	20.17	20.00	20.15		426500
2014-01-29	19.79	19.98	19.75	19.88		390500
2014-01-30	19.96	20.00	19.81	19.98		274100
2014-01-31	19.54	19.76	19.52	19.65		407500
2014-02-03	19.66	19.68	19.30	19.30		746900
2014-02-04	19.55	19.58	19.48	19.57		909000
2014-02-05	19.57	19.62	19.53	19.60		344800
2014-02-06	19.82	20.03	19.82	20.01		232900
2014-02-07	20.09	20.34	20.06	20.32		311100
2014-02-10	20.30	20.30	20.23	20.25		151500
2014-02-11	20.33	20.58	20.31	20.53		235800
2014-02-12	20.49	20.57	20.48	20.53		491700
2014-02-13	20.49	20.75	20.49	20.75		632700
2014-02-14	20.76	20.87	20.75	20.85		191200
2014-02-18	20.86	20.90	20.79	20.87		216000
2014-02-19	20.85	20.96	20.75	20.75		432900
2014-02-20	20.85	20.98	20.80	20.95		225800
2014-02-21	21.02	21.13	21.01	21.04		386400
2014-02-24	21.13	21.31	21.10	21.23		340500
2014-02-25	21.27	21.32	21.14	21.23		568000
2014-02-26	21.08	21.10	21.01	21.08		275500
2014-02-27	21.02	21.18	20.99	21.18		506700
2014-02-28	21.25	21.36	21.17	21.23		2088700
2014-03-03	20.82	20.90	20.67	20.72		394700
2014-03-04	21.19	21.21	21.09	21.15		267800
2014-03-05	21.17	21.21	21.11	21.17		161800
2014-03-06	21.46	21.52	21.43	21.47		333100
2014-03-07	21.45	21.47	21.26	21.38		262000
2014-03-10	21.36	21.40	21.18	21.35		412100
2014-03-11	21.23	21.36	21.14	21.16		284600
2014-03-12	20.95	21.10	20.87	21.10		295100
2014-03-13	21.14	21.16	20.55	20.60		505700
2014-03-14	20.50	20.71	20.49	20.60		339400
2014-03-17	20.80	20.95	20.80	20.90		217300
2014-03-18	21.04	21.23	21.02	21.15		343600
2014-03-19	21.12	21.20	20.70	20.81		348800
2014-03-20	20.74	20.98	20.70	20.96		261300
2014-03-21	21.05	21.12	20.85	20.88		219500
2014-03-24	21.01	21.01	20.71	20.91		228600
2014-03-25	21.06	21.27	21.01	21.23		1602000
2014-03-26	21.34	21.35	21.19	21.20		399700
2014-03-27	21.15	21.23	21.12	21.20		243800
2014-03-28	21.27	21.36	21.27	21.33		407300
2014-03-31	21.46	21.50	21.31	21.34		176500
2014-04-01	21.54	21.58	21.49	21.55		532700
2014-04-02	21.50	21.53	21.47	21.52		211200
2014-04-03	21.55	21.60	21.45	21.53		188100
2014-04-04	21.58	21.67	21.47	21.50		424000
2014-04-07	21.53	21.58	21.39	21.46		719800
2014-04-08	21.37	21.51	21.33	21.46		262100
2014-04-09	21.64	21.77	21.57	21.76		320400
2014-04-10	21.72	21.72	21.33	21.34		293800
2014-04-11	21.20	21.42	21.18	21.24		400400
2014-04-14	21.23	21.32	21.17	21.31		361600
2014-04-15	21.33	21.35	21.00	21.25		512500
2014-04-16	21.36	21.50	21.29	21.50		361400
2014-04-17	21.54	21.64	21.50	21.60		321300
2014-04-21	21.63	21.88	21.59	21.64		237300
2014-04-22	21.76	21.80	21.73	21.77		236200
2014-04-23	21.74	21.74	21.64	21.69		314000
2014-04-24	21.75	21.82	21.60	21.78		705300
2014-04-25	21.73	21.76	21.61	21.70		368300
2014-04-28	21.78	21.83	21.59	21.77		341700
2014-04-29	21.89	21.93	21.83	21.85		413200
2014-04-30	21.87	21.99	21.84	21.96		383100
2014-05-01	21.99	22.04	21.87	22.00		778800
2014-05-02	21.80	21.94	21.78	21.89		329200
2014-05-05	21.70	21.93	21.64	21.92		238700
2014-05-06	21.81	21.87	21.74	21.77		217400
2014-05-07	21.85	21.96	21.77	21.96		832100
2014-05-08	21.96	22.07	21.93	21.96		457800
2014-05-09	21.85	21.89	21.74	21.83		209900
2014-05-12	21.93	21.99	21.91	21.99		245300
2014-05-13	21.98	21.99	21.91	21.98		576500
2014-05-14	21.93	21.97	21.88	21.92		251700
2014-05-15	21.77	21.77	21.59	21.71		859800
2014-05-16	21.66	21.73	21.61	21.73		258900
2014-05-19	21.76	21.82	21.72	21.79		219900
2014-05-20	21.74	21.77	21.59	21.66		614600
2014-05-21	21.69	21.80	21.69	21.80		243400
2014-05-22	21.72	21.80	21.71	21.77		168800
2014-05-23	21.77	21.84	21.74	21.82		414900
2014-05-27	22.00	22.06	21.96	22.05		181000
2014-05-28	21.98	22.00	21.92	21.95		240200
2014-05-29	22.00	22.02	21.97	22.02		121600
2014-05-30	21.97	22.08	21.95	22.07		255400
2014-06-02	22.07	22.07	21.97	22.04		245300
2014-06-03	21.98	22.02	21.91	21.93		2296500
2014-06-04	21.88	21.95	21.88	21.93		779800
2014-06-05	22.16	22.30	22.06	22.29		706000
2014-06-06	22.40	22.46	22.36	22.46		369600
2014-06-09	22.30	22.40	22.26	22.36		192400
2014-06-10	22.27	22.32	22.22	22.30		249000
2014-06-11	22.17	22.18	22.04	22.07		481000
2014-06-12	22.12	22.15	22.04	22.07		194700
2014-06-13	22.01	22.05	21.91	21.99		214000
2014-06-16	21.95	22.01	21.90	21.93		192600
2014-06-17	21.90	22.01	21.89	22.00		164900
2014-06-18	22.04	22.19	21.93	22.16		281800
2014-06-19	22.29	22.32	22.20	22.21		127000
2014-06-20	22.13	22.19	22.02	22.10		191200
2014-06-23	22.02	22.04	21.92	22.04		159300
2014-06-24	22.01	22.02	21.86	21.90		220200
2014-06-25	21.74	21.85	21.71	21.83		451100
2014-06-26	21.77	21.79	21.50	21.79		334200
2014-06-27	21.68	21.80	21.65	21.80		331300
2014-06-30	21.67	21.79	21.67	21.75		544800
2014-07-01	21.87	21.96	21.83	21.87		564400
2014-07-02	21.77	21.82	21.75	21.81		1458200
2014-07-03	21.86	21.95	21.86	21.90		209600
2014-07-07	21.62	21.65	21.53	21.59		347700
2014-07-08	21.39	21.41	21.21	21.27		397200
2014-07-09	21.25	21.38	21.24	21.36		361400
2014-07-10	20.95	21.09	20.91	21.06		411200
2014-07-11	21.03	21.14	20.99	21.12		388500
2014-07-14	21.30	21.30	21.21	21.23		491500
2014-07-15	21.18	21.18	20.91	21.01		533400
2014-07-16	21.25	21.25	21.15	21.18		777500
2014-07-17	21.06	21.17	20.79	20.83		774100
2014-07-18	20.93	21.12	20.90	21.08		267200
2014-07-21	20.92	20.97	20.85	20.93		330600
2014-07-22	21.07	21.13	21.03	21.09		808700
2014-07-23	21.20	21.21	21.09	21.10		267400
2014-07-24	21.28	21.31	21.23	21.26		512700
2014-07-25	21.06	21.06	20.81	20.92		325700
2014-07-28	20.90	21.00	20.76	20.94		311700
2014-07-29	21.06	21.09	20.92	20.93		1236700
2014-07-30	20.89	20.93	20.65	20.77		1252600
2014-07-31	20.49	20.53	20.30	20.32		1735700
2014-08-01	20.27	20.36	20.14	20.22		1097300
2014-08-04	20.36	20.42	20.21	20.37		693900
2014-08-05	20.27	20.31	20.04	20.10		924200
2014-08-06	19.96	20.17	19.93	20.08		634400
2014-08-07	20.08	20.10	19.71	19.77		794300
2014-08-08	19.87	20.07	19.83	20.06		737300
2014-08-11	20.07	20.15	20.03	20.03		697800
2014-08-12	19.95	19.99	19.87	19.97		1570900
2014-08-13	20.10	20.14	20.03	20.04		730100
2014-08-14	20.18	20.21	20.12	20.15		518000
2014-08-15	20.35	20.39	19.92	20.12		3150200
2014-08-18	20.24	20.25	20.20	20.25		1880000
2014-08-19	20.26	20.30	20.23	20.30		503300
2014-08-20	20.09	20.19	20.06	20.13		483000
2014-08-21	20.29	20.40	20.29	20.36		1777600
2014-08-22	20.25	20.29	20.06	20.18		572600
2014-08-25	20.34	20.50	20.31	20.44		582500
2014-08-26	20.64	20.74	20.61	20.63		417200
2014-08-27	20.71	20.77	20.65	20.69		514300
2014-08-28	20.53	20.62	20.50	20.57		505800
2014-08-29	20.54	20.59	20.44	20.57		508900
2014-09-02	20.59	20.59	20.47	20.56		857500
2014-09-03	20.80	20.82	20.71	20.75		682100
2014-09-04	20.79	20.92	20.69	20.74		623900
2014-09-05	20.79	20.83	20.71	20.80		437600
2014-09-08	20.69	20.72	20.52	20.57		775400
2014-09-09	20.53	20.58	20.49	20.56		389300
2014-09-10	20.52	20.60	20.48	20.60		234900
2014-09-11	20.47	20.55	20.42	20.52		219100
2014-09-12	20.50	20.59	20.42	20.53		354200
2014-09-15	20.50	20.52	20.44	20.50		275500
2014-09-16	20.34	20.56	20.33	20.52		381700
2014-09-17	20.56	20.59	20.38	20.42		274400
2014-09-18	20.55	20.60	20.53	20.55		267900
2014-09-19	20.48	20.51	20.39	20.41		1067200
2014-09-22	20.43	20.43	20.27	20.35		471300
2014-09-23	20.06	20.15	19.99	20.01		487000
2014-09-24	20.00	20.18	19.94	20.16		351700
2014-09-25	20.01	20.01	19.74	19.77		378100
2014-09-26	19.89	20.00	19.83	19.96		474800
2014-09-29	19.66	19.75	19.64	19.74		569100
2014-09-30	19.75	19.95	19.73	19.81		318800
2014-10-01	19.68	19.68	19.51	19.57		924200
2014-10-02	19.53	19.53	19.13	19.30		1044900
2014-10-03	19.15	19.20	19.10	19.17		708100
2014-10-06	19.33	19.39	19.18	19.33		388700
2014-10-07	19.10	19.11	18.86	18.87		681100
2014-10-08	18.93	19.24	18.82	19.22		722000
2014-10-09	18.95	19.01	18.53	18.56		933000
2014-10-10	18.51	18.59	18.31	18.31		2833700
2014-10-13	18.54	18.59	18.32	18.33		812800
2014-10-14	18.49	18.59	18.39	18.42		990200
2014-10-15	18.21	18.24	17.82	18.19		1063400
2014-10-16	17.63	18.14	17.60	17.93		869800
2014-10-17	18.41	18.50	18.30	18.36		1256200
2014-10-20	18.21	18.44	18.21	18.40		1618600
2014-10-21	18.59	18.77	18.58	18.75		1214900
2014-10-22	18.68	18.72	18.45	18.47		1096900
2014-10-23	18.75	18.92	18.74	18.78		1578500
2014-10-24	18.86	18.88	18.75	18.86		2355900
2014-10-27	18.59	18.80	18.51	18.71		1133400
2014-10-28	18.82	18.91	18.78	18.91		610300
2014-10-29	18.89	18.95	18.59	18.66		686900
2014-10-30	18.54	18.85	18.52	18.80		240200
2014-10-31	19.02	19.08	18.95	19.06		2397900
2014-11-03	18.90	18.92	18.77	18.83		1164700
2014-11-04	18.76	18.80	18.62	18.72		962100
2014-11-05	18.83	18.91	18.78	18.86		392400
2014-11-06	18.95	19.03	18.77	18.83		821500
2014-11-07	18.71	18.79	18.58	18.77		444100
2014-11-10	18.81	18.87	18.74	18.86		335500
2014-11-11	18.92	19.04	18.86	19.01		281300
2014-11-12	18.72	18.80	18.68	18.73		229900
2014-11-13	18.69	18.87	18.69	18.80		144800
2014-11-14	18.71	18.94	18.71	18.91		428000
2014-11-17	18.85	18.96	18.82	18.93		235000
2014-11-18	19.14	19.29	19.14	19.26		371800
2014-11-19	19.33	19.34	19.15	19.26		407500
2014-11-20	18.98	19.13	18.97	19.07		342500
2014-11-21	19.39	19.42	19.24	19.32		699700
2014-11-24	19.55	19.60	19.49	19.60		991000
2014-11-25	19.64	19.72	19.60	19.66		395600
2014-11-26	19.66	19.74	19.64	19.74		224200
2014-11-28	19.60	19.67	19.59	19.63		284400
2014-12-01	19.68	19.73	19.60	19.65		690300
2014-12-02	19.64	19.64	19.55	19.59		255200
2014-12-03	19.51	19.54	19.45	19.50		305300
2014-12-04	19.42	19.56	19.26	19.43		704300
2014-12-05	19.52	19.62	19.51	19.55		632700
2014-12-08	19.45	19.47	19.34	19.37		607700
2014-12-09	19.10	19.24	19.04	19.18		1465900
2014-12-10	19.12	19.12	18.85	18.89		1016900
2014-12-11	18.86	18.95	18.73	18.74		1305700
2014-12-12	18.71	18.77	18.34	18.38		1222300
2014-12-15	18.48	18.54	17.99	18.01		2072900
2014-12-16	17.98	18.48	17.95	18.21		1371200
2014-12-17	18.27	18.71	18.27	18.54		974400
2014-12-18	18.79	18.97	18.74	18.96		913400
2014-12-19	18.77	18.91	18.70	18.85		1475300
2014-12-22	18.90	18.94	18.82	18.91		720000
2014-12-23	18.94	19.06	18.94	18.99		402600
2014-12-24	18.98	19.15	18.94	19.14		621100
2014-12-26	19.10	19.19	19.06	19.13		335800
2014-12-29	18.88	19.05	18.85	18.97		461100
2014-12-30	18.88	18.89	18.69	18.70		633700
2014-12-31	18.73	18.75	18.51	18.56		655300
2015-01-02	18.60	18.79	18.42	18.46		1652400
2015-01-05	18.03	18.03	17.74	17.80		955200
2015-01-06	17.75	17.89	17.55	17.60		835700
2015-01-07	17.66	17.81	17.54	17.78		773700
2015-01-08	17.94	18.21	17.93	18.10		539000
2015-01-09	18.09	18.09	17.81	17.96		576200
2015-01-12	18.09	18.15	17.87	18.06		501500
2015-01-13	18.27	18.35	17.93	18.12		811200
2015-01-14	18.08	18.21	18.00	18.12		1622100
2015-01-15	18.18	18.25	18.05	18.11		582200
2015-01-16	18.16	18.48	18.15	18.46		776500
2015-01-20	18.66	18.67	18.52	18.62		812400
2015-01-21	18.56	18.80	18.54	18.80		1023300
2015-01-22	18.74	18.95	18.68	18.88		595300
2015-01-23	18.78	18.95	18.76	18.79		2099000
2015-01-26	18.97	19.18	18.92	19.13		563800
2015-01-27	19.00	19.15	18.94	19.12		1233600
2015-01-28	18.96	19.04	18.61	18.62		1370300
2015-01-29	18.94	19.16	18.91	19.15		1179200
2015-01-30	18.89	18.98	18.75	18.79		1078400
2015-02-02	18.85	19.08	18.82	19.06		1144900
2015-02-03	19.30	19.55	19.30	19.53		1545800
2015-02-04	19.30	19.43	19.15	19.17		1153900
2015-02-05	19.39	19.59	19.34	19.58		968100
2015-02-06	19.29	19.36	19.08	19.12		1217900
2015-02-09	18.89	19.14	18.89	19.06		445100
2015-02-10	19.27	19.34	19.15	19.32		358200
2015-02-11	19.18	19.25	19.09	19.21		747900
2015-02-12	19.45	19.69	19.45	19.69		803100
2015-02-13	19.70	19.75	19.62	19.71		748600
2015-02-17	19.61	19.77	19.49	19.76		868200
2015-02-18	19.73	19.87	19.67	19.82		778800
2015-02-19	19.87	19.94	19.81	19.82		486400
2015-02-20	19.63	20.18	19.60	20.08		987700
2015-02-23	19.92	19.98	19.89	19.95		819900
2015-02-24	19.92	20.12	19.85	20.10		429300
2015-02-25	20.00	20.08	19.97	20.04		593800
2015-02-26	19.86	19.92	19.82	19.85		294200
2015-02-27	19.94	20.06	19.86	19.95		359800
2015-03-02	19.92	19.96	19.85	19.95		352900
2015-03-03	19.85	19.88	19.71	19.78		224700
2015-03-04	19.67	19.72	19.56	19.70		329400
2015-03-05	19.80	19.88	19.74	19.82		300500
2015-03-06	19.58	19.61	19.42	19.43		595300
2015-03-09	19.43	19.48	19.37	19.44		409700
2015-03-10	19.08	19.12	18.94	18.95		553400
2015-03-11	19.06	19.18	18.98	19.09		593700
2015-03-12	19.19	19.24	19.11	19.22		421300
2015-03-13	19.09	19.12	18.99	19.08		730200
2015-03-16	19.30	19.43	19.30	19.41		841400
2015-03-17	19.32	19.35	19.21	19.31		413600
2015-03-18	19.31	19.78	19.28	19.72		535800
2015-03-19	19.39	19.45	19.29	19.37		466100
2015-03-20	19.79	20.04	19.73	19.89		408800
2015-03-23	19.97	20.05	19.88	19.99		327100
2015-03-24	20.08	20.15	20.01	20.04		561200
2015-03-25	20.04	20.08	19.85	19.86		716000
2015-03-26	19.70	19.77	19.51	19.68		539000
2015-03-27	19.74	19.93	19.69	19.89		572500
2015-03-30	19.92	19.95	19.85	19.86		522300
2015-03-31	19.55	19.66	19.51	19.56		338200
2015-04-01	19.84	19.84	19.61	19.77		608800
2015-04-02	19.92	20.01	19.88	20.00		305100
2015-04-06	19.95	20.34	19.95	20.21		647200
2015-04-07	20.22	20.31	20.10	20.12		724000
2015-04-08	20.25	20.26	20.02	20.11		511200
2015-04-09	20.19	20.19	20.06	20.14		748300
2015-04-10	20.07	20.15	20.01	20.14		237100
2015-04-13	20.10	20.16	19.97	20.04		404500
2015-04-14	20.15	20.19	20.10	20.16		253600
2015-04-15	20.25	20.33	20.12	20.29		472900
2015-04-16	20.32	20.43	20.19	20.33		709200
2015-04-17	20.07	20.13	19.98	20.08		580300
2015-04-20	20.04	20.19	20.04	20.09		238700
2015-04-21	20.19	20.28	20.17	20.25		361400
2015-04-22	20.21	20.31	20.13	20.28		217800
2015-04-23	20.16	20.43	20.11	20.38		230400
2015-04-24	20.38	20.52	20.27	20.45		598900
2015-04-27	20.68	20.81	20.68	20.70		420300
2015-04-28	20.56	20.65	20.46	20.64		593200
2015-04-29	20.50	20.59	20.31	20.39		672000
2015-04-30	20.43	20.60	20.38	20.45		1074500
2015-05-01	20.58	20.73	20.52	20.71		1043000
2015-05-04	20.69	20.73	20.57	20.59		857500
2015-05-05	20.48	20.48	20.21	20.24		670300
2015-05-06	20.47	20.61	20.40	20.49		486900
2015-05-07	20.34	20.42	20.24	20.33		440500
2015-05-08	20.62	20.82	20.62	20.74		224300
2015-05-11	20.47	20.54	20.40	20.44		287200
2015-05-12	20.43	20.46	20.31	20.37		1359600
2015-05-13	20.74	20.80	20.52	20.53		605300
2015-05-14	20.85	20.95	20.82	20.94		674000
2015-05-15	20.88	21.01	20.77	20.98		502300
2015-05-18	20.75	20.84	20.69	20.78		424200
2015-05-19	20.80	20.86	20.74	20.82		393700
2015-05-20	20.79	20.93	20.75	20.86		488100
2015-05-21	20.86	20.98	20.83	20.93		197600
2015-05-22	20.81	20.83	20.73	20.75		2323900
2015-05-26	20.52	20.54	20.24	20.31		473100
2015-05-27	20.34	20.71	20.32	20.68		800300
2015-05-28	20.59	20.65	20.39	20.65		306900
2015-05-29	20.47	20.49	20.15	20.28		608600
2015-06-01	20.31	20.33	20.10	20.22		572600
2015-06-02	20.44	20.64	20.42	20.52		500300
2015-06-03	20.73	20.91	20.71	20.79		506300
2015-06-04	20.62	20.90	20.38	20.45		824700
2015-06-05	20.07	20.21	19.96	20.10		901200
2015-06-08	20.07	20.13	19.99	20.08		1086300
2015-06-09	20.06	20.16	19.92	20.05		1141300
2015-06-10	20.36	20.64	20.32	20.52		444900
2015-06-11	20.62	20.74	20.47	20.61		723400
2015-06-12	20.20	20.37	20.07	20.31		583900
2015-06-15	19.91	20.07	19.88	20.05		542300
2015-06-16	19.94	20.08	19.89	20.04		226300
2015-06-17	19.97	19.99	19.73	19.92		868500
2015-06-18	20.01	20.45	19.99	20.13		1947700
2015-06-19	20.11	20.17	20.04	20.08		494100
2015-06-22	20.77	21.00	20.71	20.80		971000
2015-06-23	20.80	20.84	20.77	20.79		626100
2015-06-24	20.72	20.80	20.64	20.65		838500
2015-06-25	20.73	20.79	20.60	20.67		733100
2015-06-26	20.84	20.93	20.70	20.77		977200
2015-06-29	20.15	20.26	19.90	19.95		1981600
2015-06-30	20.12	20.13	19.59	19.70		2178500
2015-07-01	20.02	20.04	19.75	19.85		925000
2015-07-02	19.82	19.83	19.68	19.75		810200
2015-07-06	19.36	19.37	19.01	19.10		1304800
2015-07-07	18.83	19.19	18.56	19.13		1392600
2015-07-08	18.97	18.98	18.75	18.82		1181400
2015-07-09	19.33	19.40	19.17	19.20		632900
2015-07-10	20.18	20.28	20.06	20.22		2689600
2015-07-13	20.27	20.28	20.17	20.19		680100
2015-07-14	20.27	20.38	20.22	20.35		649200
2015-07-15	20.32	20.34	20.15	20.25		725200
2015-07-16	20.49	20.54	20.43	20.47		538900
2015-07-17	20.46	20.46	20.36	20.41		709200
2015-07-20	20.54	20.54	20.47	20.47		284500
2015-07-21	20.47	20.53	20.46	20.51		441500
2015-07-22	20.32	20.41	20.31	20.41		293800
2015-07-23	20.50	20.56	20.41	20.44		543500
2015-07-24	20.44	20.45	20.28	20.30		551700
2015-07-27	20.20	20.22	20.05	20.08		591700
2015-07-28	20.16	20.31	20.08	20.30		1349900
2015-07-29	20.23	20.46	20.23	20.32		1296800
2015-07-30	20.24	20.30	20.09	20.29		652700
2015-07-31	20.58	20.63	20.45	20.51		481600
2015-08-03	20.61	20.67	20.48	20.56		1350100
2015-08-04	20.57	20.61	20.44	20.50		549900
2015-08-05	20.70	20.79	20.67	20.73		483500
2015-08-06	20.84	20.87	20.74	20.80		450800
2015-08-07	20.67	20.80	20.63	20.78		491700
2015-08-10	20.80	21.03	20.78	21.01		492300
2015-08-11	20.80	20.81	20.64	20.73		1663300
2015-08-12	20.35	20.49	20.16	20.49		643600
2015-08-13	20.40	20.48	20.36	20.41		369300
2015-08-14	20.31	20.41	20.27	20.38		291400
2015-08-17	20.19	20.40	20.15	20.38		233600
2015-08-18	20.24	20.25	20.12	20.18		342500
2015-08-19	19.97	20.14	19.88	20.05		851300
2015-08-20	19.83	19.84	19.54	19.56		675500
2015-08-21	19.56	19.69	19.17	19.25		1237800
2015-08-24	18.87	19.17	18.25	18.68		3399900
2015-08-25	19.38	19.38	18.69	18.76		2620900
2015-08-26	19.17	19.17	18.75	19.16		1700200
2015-08-27	19.25	19.36	19.17	19.34		1444400
2015-08-28	19.22	19.28	19.14	19.19		986300
2015-08-31	19.13	19.23	19.06	19.16		759500
2015-09-01	18.80	18.84	18.64	18.70		1492200
2015-09-02	18.96	18.97	18.76	18.95		866400
2015-09-03	19.01	19.13	18.87	18.94		1039600
2015-09-04	18.51	18.58	18.41	18.52		880500
2015-09-08	18.97	19.06	18.87	19.04		521900
2015-09-09	19.32	19.33	18.91	18.94		972000
2015-09-10	18.97	19.22	18.94	19.17		2779300
2015-09-11	18.94	19.10	18.92	19.10		396200
2015-09-14	18.88	18.90	18.77	18.87		536500
2015-09-15	18.91	19.06	18.86	19.02		986900
2015-09-16	19.20	19.30	19.14	19.28		593900
2015-09-17	19.28	19.68	19.28	19.50		1773400
2015-09-18	18.90	19.06	18.84	18.87		879900
2015-09-21	18.96	18.97	18.77	18.86		404700
2015-09-22	18.29	18.34	18.13	18.30		477700
2015-09-23	18.38	18.39	18.19	18.28		667500
2015-09-24	18.10	18.28	17.98	18.19		1240900
2015-09-25	18.53	18.58	18.31	18.41		1340900
2015-09-28	18.12	18.16	17.99	18.01		719000
2015-09-29	18.00	18.12	17.94	18.11		880500
2015-09-30	18.45	18.48	18.25	18.43		1071200
2015-10-01	18.46	18.49	18.22	18.42		877200
2015-10-02	18.33	18.75	18.31	18.75		683200
2015-10-05	19.09	19.20	19.05	19.18		580600
2015-10-06	19.25	19.43	19.24	19.33		406700
2015-10-07	19.50	19.55	19.30	19.49		473200
2015-10-08	19.35	19.66	19.35	19.65		510800
2015-10-09	19.70	19.73	19.62	19.69		1665600
2015-10-12	19.62	19.67	19.59	19.62		194000
2015-10-13	19.37	19.56	19.36	19.44		641100
2015-10-14	19.53	19.63	19.48	19.57		1031600
2015-10-15	19.59	19.79	19.58	19.77		914500
2015-10-16	19.72	19.76	19.64	19.75		400600
2015-10-19	19.64	19.68	19.58	19.68		319800
2015-10-20	19.53	19.60	19.52	19.56		371800
2015-10-21	19.69	19.71	19.53	19.56		599000
2015-10-22	19.69	19.87	19.67	19.75		737900
2015-10-23	20.01	20.08	19.94	20.06		621800
2015-10-26	19.94	19.98	19.88	19.93		384700
2015-10-27	19.79	19.81	19.72	19.75		438200
2015-10-28	19.85	20.00	19.60	19.83		835300
2015-10-29	19.60	19.75	19.59	19.73		514100
2015-10-30	19.81	19.90	19.75	19.75		658500
2015-11-02	20.02	20.05	19.93	20.03		349000
2015-11-03	19.81	19.98	19.75	19.95		588200
2015-11-04	19.93	19.94	19.75	19.79		714200
2015-11-05	19.98	20.03	19.87	19.93		514900
2015-11-06	19.73	19.79	19.62	19.78		728100
2015-11-09	19.56	19.59	19.39	19.49		653100
2015-11-10	19.28	19.43	19.26	19.41		726100
2015-11-11	19.61	19.61	19.48	19.50		406900
2015-11-12	19.23	19.35	19.20	19.20		897200
2015-11-13	18.97	19.07	18.87	18.99		681700
2015-11-16	18.90	19.16	18.90	19.16		768500
2015-11-17	19.30	19.36	19.17	19.21		959400
2015-11-18	19.28	19.43	19.22	19.39		688800
2015-11-19	19.47	19.53	19.40	19.44		362100
2015-11-20	19.43	19.45	19.28	19.28		369200
2015-11-23	19.17	19.23	19.07	19.12		453000
2015-11-24	18.81	19.01	18.81	18.98		1724100
2015-11-25	19.07	19.17	19.05	19.10		331200
2015-11-27	19.27	19.29	19.24	19.25		191800
2015-11-30	19.34	19.35	19.27	19.29		609700
2015-12-01	19.35	19.39	19.26	19.36		492300
2015-12-02	19.23	19.30	19.08	19.11		787600
2015-12-03	19.26	19.26	18.90	18.96		1546200
2015-12-04	18.97	19.23	18.96	19.21		805700
2015-12-07	19.17	19.21	19.09	19.20		736500
2015-12-08	18.90	18.97	18.82	18.94		445700
2015-12-09	18.86	19.04	18.65	18.78		2935900
2015-12-10	18.81	18.86	18.73	18.74		1259100
2015-12-11	18.51	18.56	18.40	18.43		1062700
2015-12-14	18.52	18.55	18.26	18.45		1498600
2015-12-15	18.66	18.71	18.58	18.64		815600
2015-12-16	18.82	19.04	18.70	18.97		1527200
2015-12-17	18.94	18.94	18.69	18.70		1137700
2015-12-18	18.54	18.59	18.42	18.42		2315700
2015-12-21	18.74	18.75	18.46	18.54		1295500
2015-12-22	18.57	18.69	18.49	18.65		1544000
2015-12-23	18.79	18.96	18.79	18.96		1242100
2015-12-24	18.89	18.97	18.88	18.90		358800
2015-12-28	18.83	18.85	18.72	18.82		554100
2015-12-29	18.94	19.04	18.90	19.01		592500
2015-12-30	18.97	18.97	18.86	18.87		767900
2015-12-31	18.67	18.71	18.60	18.61		1404700
2016-01-04	18.24	18.31	17.95	18.31		1311800
2016-01-05	18.13	18.14	17.96	18.13		809600
2016-01-06	17.71	17.88	17.71	17.84		651700
2016-01-07	17.61	17.78	17.58	17.60		1267400
2016-01-08	17.73	17.77	17.42	17.45		1421800
2016-01-11	17.64	17.65	17.38	17.49		1467800
2016-01-12	17.78	17.81	17.56	17.72		2316300
2016-01-13	17.79	17.83	17.34	17.38		3837400
2016-01-14	17.44	17.64	17.31	17.54		2404800
2016-01-15	17.04	17.17	16.91	16.99		3009600
2016-01-19	17.28	17.32	17.07	17.21		2177400
2016-01-20	16.85	16.95	16.51	16.85		3117500
2016-01-21	16.81	17.08	16.68	16.97		4152800
2016-01-22	17.47	17.54	17.36	17.49		908700
2016-01-25	17.38	17.44	17.28	17.28		1667300
2016-01-26	17.41	17.66	17.41	17.66		1851700
2016-01-27	17.60	17.78	17.48	17.54		2410500
2016-01-28	17.71	17.72	17.44	17.63		2006700
2016-01-29	17.62	17.90	17.61	17.90		2301800
2016-02-01	17.78	17.94	17.72	17.89		1073800
2016-02-02	17.53	17.54	17.32	17.36		1287100
2016-02-03	17.56	17.68	17.28	17.68		2886400
2016-02-04	17.57	17.79	17.53	17.74		1838800
2016-02-05	17.67	17.68	17.41	17.48		1022700
2016-02-08	17.03	17.12	16.91	17.08		1841200
2016-02-09	16.73	16.98	16.73	16.91		3368800
2016-02-10	17.08	17.16	16.94	16.97		2685900
2016-02-11	16.71	16.75	16.53	16.67		1687900
2016-02-12	16.65	16.83	16.58	16.81		1140800
2016-02-16	17.21	17.24	17.04	17.23		880500
2016-02-17	17.46	17.65	17.45	17.61		745700
2016-02-18	17.63	17.64	17.48	17.51		757000
2016-02-19	17.39	17.54	17.33	17.52		513700
2016-02-22	17.58	17.69	17.58	17.65		533000
2016-02-23	17.59	17.60	17.37	17.38		615100
2016-02-24	17.03	17.36	16.95	17.34		1009400
2016-02-25	17.44	17.58	17.40	17.58		690900
2016-02-26	17.66	17.68	17.45	17.49		677600
2016-02-29	17.48	17.61	17.44	17.44		717000
2016-03-01	17.71	17.92	17.67	17.89		949400
2016-03-02	17.74	17.88	17.68	17.87		1414200
2016-03-03	17.86	18.07	17.85	18.06		1070400
2016-03-04	18.21	18.27	18.15	18.16		786800
2016-03-07	17.94	18.21	17.93	18.17		1180100
2016-03-08	18.14	18.14	17.97	18.00		1021400
2016-03-09	18.11	18.14	18.04	18.09		2536700
2016-03-10	18.37	18.50	17.96	18.13		3719600
2016-03-11	18.54	18.69	18.53	18.68		1480900
2016-03-14	18.64	18.69	18.58	18.64		2748000
2016-03-15	18.47	18.56	18.44	18.54		400500
2016-03-16	18.38	18.73	18.38	18.72		1055400
2016-03-17	18.64	18.77	18.57	18.72		813100
2016-03-18	18.75	18.84	18.73	18.78		645700
2016-03-21	18.66	18.71	18.58	18.64		778100
2016-03-22	18.41	18.60	18.38	18.55		636500
2016-03-23	18.58	18.58	18.38	18.42		1082500
2016-03-24	18.09	18.21	18.06	18.21		740800
2016-03-28	18.30	18.30	18.21	18.24		822000
2016-03-29	18.24	18.54	18.21	18.54		1203900
2016-03-30	18.80	18.91	18.77	18.80		783800
2016-03-31	18.73	18.75	18.58	18.58		737600
2016-04-01	18.17	18.45	18.17	18.42		662800
2016-04-04	18.47	18.51	18.40	18.43		752100
2016-04-05	18.03	18.11	17.98	18.03		697300
2016-04-06	18.07	18.31	18.04	18.31		641700
2016-04-07	18.06	18.11	17.92	17.96		1177200
2016-04-08	18.28	18.35	18.18	18.25		2493700
2016-04-11	18.41	18.49	18.25	18.26		664900
2016-04-12	18.37	18.54	18.26	18.50		885000
2016-04-13	18.80	18.89	18.77	18.85		398000
2016-04-14	18.91	18.92	18.84	18.86		458900
2016-04-15	18.87	18.91	18.80	18.81		366200
2016-04-18	18.80	19.00	18.80	18.96		752000
2016-04-19	19.24	19.33	19.21	19.29		1089500
2016-04-20	19.32	19.36	19.22	19.27		1437600
2016-04-21	19.28	19.29	19.14	19.17		982900
2016-04-22	19.11	19.18	19.06	19.13		1209200
2016-04-25	19.04	19.11	19.01	19.11		884700
2016-04-26	19.17	19.18	19.07	19.15		557000
2016-04-27	19.20	19.34	19.20	19.29		840900
2016-04-28	19.06	19.24	19.06	19.10		1679700
2016-04-29	19.08	19.13	18.94	19.02		2404700
2016-05-02	19.14	19.23	19.10	19.22		496700
2016-05-03	19.02	19.02	18.87	18.88		738000
2016-05-04	18.74	18.79	18.64	18.67		778500
2016-05-05	18.56	18.61	18.48	18.54		1406800
2016-05-06	18.46	18.63	18.45	18.62		934700
2016-05-09	18.67	18.73	18.57	18.58		513600
2016-05-10	18.67	18.80	18.67	18.80		3657400
2016-05-11	18.65	18.77	18.65	18.70		1810600
2016-05-12	18.82	18.83	18.56	18.64		749700
2016-05-13	18.49	18.57	18.33	18.38		842700
2016-05-16	18.41	18.58	18.41	18.57		536600
2016-05-17	18.47	18.54	18.35	18.37		648000
2016-05-18	18.31	18.55	18.26	18.34		978300
2016-05-19	18.25	18.29	18.18	18.27		756700
2016-05-20	18.44	18.53	18.44	18.49		778300
2016-05-23	18.35	18.45	18.34	18.40		247300
2016-05-24	18.61	18.79	18.61	18.75		522200
2016-05-25	18.88	18.97	18.88	18.94		653900
2016-05-26	19.12	19.15	19.06	19.10		577300
2016-05-27	19.04	19.04	18.96	19.02		677200
2016-05-31	19.09	19.14	18.93	18.98		653700
2016-06-01	18.87	19.00	18.87	18.97		691600
2016-06-02	18.94	19.01	18.88	19.01		780400
2016-06-03	19.05	19.12	18.96	19.10		516000
2016-06-06	19.13	19.21	19.10	19.17		1505000
2016-06-07	19.32	19.38	19.30	19.32		1472400
2016-06-08	19.34	19.36	19.27	19.32		305800
2016-06-09	19.01	19.10	18.96	19.00		473900
2016-06-10	18.57	18.60	18.35	18.39		621900
2016-06-13	18.13	18.31	18.05	18.10		721600
2016-06-14	17.81	17.85	17.58	17.68		3276400
2016-06-15	17.85	17.96	17.78	17.82		1818200
2016-06-16	17.56	17.95	17.41	17.93		1383700
2016-06-17	17.98	18.17	17.91	18.17		1197600
2016-06-20	18.74	18.76	18.60	18.61		1417000
2016-06-21	18.75	18.91	18.64	18.79		1155000
2016-06-22	18.94	18.97	18.78	18.78		2112700
2016-06-23	19.25	19.53	19.09	19.47		1286900
2016-06-24	17.36	17.79	17.21	17.26		2493900
2016-06-27	16.90	16.92	16.55	16.86		1137400
2016-06-28	17.29	17.38	17.16	17.37		899400
2016-06-29	17.68	17.74	17.62	17.68		1848200
2016-06-30	17.78	18.08	17.72	18.03		1921700
2016-07-01	18.14	18.15	18.03	18.04		959800
2016-07-05	17.74	17.75	17.43	17.48		685800
2016-07-06	17.28	17.43	17.11	17.42		1028800
2016-07-07	17.45	17.53	17.22	17.30		884900
2016-07-08	17.62	17.64	17.55	17.62		1145000
2016-07-11	17.89	17.97	17.87	17.89		481100
2016-07-12	18.29	18.32	18.21	18.22		3275000
2016-07-13	18.34	18.38	18.26	18.31		2304100
2016-07-14	18.52	18.59	18.49	18.50		419700
2016-07-15	18.39	18.42	18.30	18.35		575200
2016-07-18	18.24	18.41	18.21	18.33		536200
2016-07-19	18.14	18.18	18.10	18.16		480600
2016-07-20	18.27	18.35	18.24	18.31		342700
2016-07-21	18.26	18.35	18.23	18.28		397500
2016-07-22	18.36	18.36	18.26	18.30		294200
2016-07-25	18.38	18.38	18.26	18.31		655800
2016-07-26	18.37	18.45	18.31	18.42		273100
2016-07-27	18.67	18.70	18.50	18.66		600500
2016-07-28	18.76	18.78	18.66	18.75		282900
2016-07-29	18.80	18.90	18.75	18.88		388000
2016-08-01	18.73	18.80	18.66	18.68		475500
2016-08-02	18.60	18.61	18.47	18.53		201300
2016-08-03	18.33	18.42	18.33	18.41		260000
2016-08-04	18.41	18.48	18.38	18.47		465100
2016-08-05	18.54	18.62	18.52	18.59		316500
2016-08-08	18.62	18.64	18.58	18.61		152400
2016-08-09	18.75	18.87	18.75	18.79		589600
2016-08-10	18.96	18.97	18.89	18.90		116900
2016-08-11	19.02	19.12	19.02	19.06		309400
2016-08-12	19.12	19.16	19.06	19.08		547800
2016-08-15	19.14	19.18	19.11	19.12		129400
2016-08-16	19.12	19.19	19.09	19.12		177300
2016-08-17	18.99	19.12	18.92	19.05		180800
2016-08-18	19.01	19.16	19.01	19.16		150000
2016-08-19	18.89	19.01	18.85	19.01		248100
2016-08-22	18.87	18.98	18.85	18.97		147200
2016-08-23	19.07	19.13	18.98	18.98		305500
2016-08-24	19.02	19.05	18.94	18.95		197700
2016-08-25	18.90	18.93	18.85	18.86		149700
2016-08-26	19.00	19.19	18.71	18.82		644300
2016-08-29	18.71	18.88	18.71	18.86		290700
2016-08-30	18.90	18.94	18.83	18.86		364500
2016-08-31	18.93	18.94	18.76	18.82		380100
2016-09-01	18.93	19.01	18.85	19.00		487600
2016-09-02	19.25	19.32	19.15	19.29		362800
2016-09-06	19.32	19.42	19.31	19.39		236900
2016-09-07	19.43	19.49	19.38	19.43		215900
2016-09-08	19.43	19.51	19.36	19.42		246800
2016-09-09	19.27	19.27	19.02	19.04		263900
2016-09-12	18.84	19.20	18.82	19.19		373500
2016-09-13	18.93	18.99	18.72	18.80		1263300
2016-09-14	18.68	18.82	18.65	18.70		2569300
2016-09-15	18.66	18.81	18.59	18.77		410900
2016-09-16	18.48	18.50	18.41	18.48		627000
2016-09-19	18.68	18.75	18.62	18.64		497800
2016-09-20	18.80	18.82	18.67	18.68		273300
2016-09-21	18.78	18.94	18.70	18.93		449000
2016-09-22	19.31	19.39	19.19	19.22		271200
2016-09-23	19.12	19.19	19.09	19.09		1172400
2016-09-26	18.92	18.95	18.86	18.87		245100
2016-09-27	18.65	18.88	18.64	18.86		485200
2016-09-28	18.99	19.10	18.87	19.10		202100
2016-09-29	19.06	19.10	18.68	18.76		448600
2016-09-30	18.85	19.08	18.82	19.05		580300
2016-10-03	18.99	19.01	18.93	18.99		436700
2016-10-04	19.11	19.16	18.94	19.03		716600
2016-10-05	19.12	19.16	19.09	19.13		344800
2016-10-06	19.08	19.11	19.01	19.05		237400
2016-10-07	18.99	19.01	18.78	18.93		539800
2016-10-10	19.00	19.07	19.00	19.03		252600
2016-10-11	19.00	19.01	18.73	18.77		431400
2016-10-12	18.71	18.77	18.66	18.71		1134500
2016-10-13	18.44	18.69	18.41	18.64		190900
2016-10-14	18.84	18.90	18.71	18.71		350400
2016-10-17	18.70	18.75	18.63	18.70		518000
2016-10-18	18.89	18.93	18.83	18.89		244600
2016-10-19	18.87	18.94	18.86	18.90		281100
2016-10-20	18.85	18.97	18.83	18.93		266800
2016-10-21	18.75	18.86	18.73	18.86		515800
2016-10-24	19.00	19.01	18.88	18.93		435300
2016-10-25	18.86	18.88	18.76	18.86		217500
2016-10-26	18.80	18.88	18.75	18.78		475600
2016-10-27	18.90	18.91	18.81	18.84		575000
2016-10-28	18.93	19.05	18.92	18.97		597400
2016-10-31	18.93	18.97	18.85	18.96		199200
2016-11-01	18.97	19.01	18.82	18.88		630300
2016-11-02	18.85	18.87	18.72	18.75		870300
2016-11-03	18.81	18.85	18.75	18.76		1138500
2016-11-04	18.58	18.67	18.52	18.55		1293700
2016-11-07	18.78	18.83	18.75	18.83		283400
2016-11-08	18.81	18.96	18.78	18.91		322000
2016-11-09	18.72	19.05	18.72	18.97		455500
2016-11-10	18.94	19.00	18.68	18.84		552900
2016-11-11	18.71	18.73	18.53	18.62		512300
2016-11-14	18.42	18.53	18.39	18.50		650900
2016-11-15	18.48	18.63	18.45	18.62		1536100
2016-11-16	18.36	18.42	18.30	18.38		2907100
2016-11-17	18.41	18.49	18.37	18.43		603800
2016-11-18	18.30	18.30	18.21	18.25		211100
2016-11-21	18.37	18.47	18.36	18.46		325800
2016-11-22	18.56	18.56	18.43	18.51		3100700
2016-11-23	18.23	18.31	18.19	18.30		376200
2016-11-25	18.41	18.43	18.40	18.42		253800
2016-11-28	18.29	18.34	18.23	18.24		263200
2016-11-29	18.34	18.56	18.34	18.52		2012600
2016-11-30	18.59	18.60	18.48	18.49		1056400
2016-12-01	18.50	18.53	18.42	18.49		493500
2016-12-02	18.36	18.52	18.34	18.44		616700
2016-12-05	18.66	18.86	18.66	18.82		753100
2016-12-06	18.86	19.08	18.86	19.07		715100
2016-12-07	19.13	19.47	19.11	19.42		3199300
2016-12-08	19.24	19.27	19.13	19.21		1647500
2016-12-09	19.21	19.28	19.16	19.27		1048800
2016-12-12	19.28	19.33	19.23	19.28		573000
2016-12-13	19.37	19.53	19.37	19.44		307000
2016-12-14	19.41	19.45	19.10	19.14		750100
2016-12-15	19.11	19.17	19.07	19.12		402900
2016-12-16	19.17	19.29	19.16	19.20		629400
2016-12-19	19.19	19.23	19.11	19.11		277600
2016-12-20	19.14	19.21	19.12	19.18		405300
2016-12-21	19.25	19.27	19.22	19.26		695100
2016-12-22	19.32	19.34	19.26	19.28		1020700
2016-12-23	19.32	19.34	19.31	19.33		414700
2016-12-27	19.35	19.41	19.33	19.35		420800
2016-12-28	19.27	19.27	19.16	19.22		344900
2016-12-29	19.31	19.40	19.31	19.37		313600
2016-12-30	19.56	19.64	19.49	19.52		847100
2017-01-03	19.52	19.54	19.47	19.51		657200
2017-01-04	19.54	19.65	19.51	19.64		233400
2017-01-05	19.71	19.85	19.71	19.83		357000
2017-01-06	19.71	19.79	19.71	19.75		286600
2017-01-09	19.64	19.75	19.62	19.72		341900
2017-01-10	19.74	19.79	19.70	19.71		328500
2017-01-11	19.62	19.82	19.60	19.80		690300
2017-01-12	19.88	19.89	19.83	19.87		456900
2017-01-13	20.00	20.01	19.94	19.97		448600
2017-01-17	19.97	19.98	19.91	19.95		475900
2017-01-18	19.79	19.86	19.74	19.81		359100
2017-01-19	19.80	19.82	19.68	19.78		330600
2017-01-20	19.86	19.92	19.83	19.92		331000
2017-01-23	19.91	19.95	19.83	19.95		569800
2017-01-24	19.92	19.98	19.88	19.97		799300
2017-01-25	20.08	20.14	20.07	20.13		671000
2017-01-26	19.96	19.98	19.88	19.92		252200
2017-01-27	19.86	19.90	19.84	19.89		326800
2017-01-30	19.64	19.72	19.57	19.71		355800
2017-01-31	19.82	19.86	19.71	19.79		1071600
2017-02-01	19.88	19.91	19.75	19.83		773100
2017-02-02	19.90	19.95	19.79	19.86		506800
2017-02-03	19.96	20.02	19.92	19.95		225900
2017-02-06	19.67	19.70	19.61	19.70		245600
2017-02-07	19.53	19.55	19.48	19.53		283500
2017-02-08	19.49	19.57	19.43	19.57		308200
2017-02-09	19.69	19.75	19.66	19.72		185400
2017-02-10	19.64	19.73	19.64	19.72		145700
2017-02-13	19.92	19.94	19.81	19.83		187000
2017-02-14	19.86	19.88	19.77	19.86		296500
2017-02-15	19.83	20.02	19.80	19.99		482400
2017-02-16	19.98	20.05	19.98	20.03		265700
2017-02-17	19.83	19.84	19.75	19.79		513600
2017-02-21	19.68	19.76	19.68	19.76		403500
2017-02-22	19.62	19.81	19.57	19.81		819900
2017-02-23	19.85	19.87	19.79	19.84		951100
2017-02-24	19.56	19.68	19.55	19.67		2429800
2017-02-27	19.63	19.75	19.62	19.70		648800
2017-02-28	19.69	19.78	19.68	19.71		492700
2017-03-01	19.93	20.05	19.92	19.97		557300
2017-03-02	19.90	19.97	19.90	19.92		377200
2017-03-03	20.12	20.29	20.08	20.27		1276400
2017-03-06	20.16	20.17	20.09	20.17		359600
2017-03-07	20.00	20.05	19.95	20.00		382100
2017-03-08	20.02	20.06	19.94	19.94		592600
2017-03-09	20.11	20.18	20.07	20.16		538600
2017-03-10	20.36	20.43	20.29	20.41		625800
2017-03-13	20.40	20.43	20.36	20.41		466800
2017-03-14	20.24	20.27	20.17	20.21		465100
2017-03-15	20.22	20.47	20.21	20.46		1115400
2017-03-16	20.58	20.69	20.56	20.67		598200
2017-03-17	20.66	20.71	20.59	20.66		624100
2017-03-20	20.69	20.72	20.58	20.63		823500
2017-03-21	20.92	20.92	20.63	20.65		1378600
2017-03-22	20.60	20.74	20.60	20.70		892500
2017-03-23	20.65	20.81	20.65	20.76		586400
2017-03-24	20.79	20.85	20.76	20.80		864500
2017-03-27	20.91	20.96	20.86	20.95		570100
2017-03-28	20.90	21.03	20.90	21.00		659400
2017-03-29	20.82	20.96	20.82	20.95		312500
2017-03-30	20.90	20.96	20.82	20.85		510600
2017-03-31	20.85	21.04	20.84	20.97		757100
2017-04-03	20.92	20.93	20.74	20.93		640000
2017-04-04	20.86	20.95	20.81	20.94		559300
2017-04-05	20.93	20.96	20.78	20.80		785400
2017-04-06	20.93	20.97	20.88	20.91		745500
2017-04-07	20.86	20.95	20.85	20.91		1177200
2017-04-10	20.78	20.84	20.76	20.79		469900
2017-04-11	20.81	20.85	20.68	20.83		948200
2017-04-12	20.80	20.86	20.72	20.85		867600
2017-04-13	20.66	20.73	20.60	20.66		1405600
2017-04-17	20.70	20.84	20.70	20.75		1334300
2017-04-18	20.56	20.60	20.43	20.55		2583900
2017-04-19	20.62	20.64	20.51	20.55		4786600
2017-04-20	20.92	21.07	20.90	20.91		6826300
2017-04-21	20.82	20.89	20.80	20.89		3255500
2017-04-24	22.00	22.12	21.96	22.11		2163600
2017-04-25	22.19	22.33	22.14	22.31		1286800
2017-04-26	22.14	22.24	22.14	22.15		2270600
2017-04-27	22.14	22.18	22.07	22.17		1590900
2017-04-28	22.24	22.25	22.16	22.17		1532100
2017-05-01	22.21	22.33	22.19	22.26		1153200
2017-05-02	22.33	22.46	22.25	22.46		2469700
2017-05-03	22.36	22.41	22.31	22.37		2357200
2017-05-04	22.65	22.91	22.61	22.91		2518400
2017-05-05	23.01	23.32	22.96	23.31		4062000
2017-05-08	22.88	22.91	22.78	22.86		1460700
2017-05-09	22.78	22.86	22.69	22.75		1983400
2017-05-10	22.74	22.76	22.70	22.75		1041700
2017-05-11	22.67	22.71	22.53	22.69		1566300
2017-05-12	22.77	22.93	22.75	22.92		824100
2017-05-15	22.96	23.08	22.95	23.08		562700
2017-05-16	23.27	23.34	23.25	23.33		435300
2017-05-17	23.14	23.16	22.90	22.92		779400
2017-05-18	22.81	22.93	22.77	22.93		1174600
2017-05-19	23.13	23.24	23.11	23.23		609800
2017-05-22	23.31	23.36	23.25	23.31		921500
2017-05-23	23.37	23.39	23.24	23.26		1330400
2017-05-24	23.24	23.31	23.18	23.30		1109900
2017-05-25	23.35	23.36	23.24	23.27		709800
2017-05-26	23.16	23.24	23.16	23.24		669000
2017-05-30	23.15	23.22	23.12	23.19		385100
2017-05-31	23.39	23.43	23.22	23.25		469000
2017-06-01	23.35	23.46	23.33	23.45		510900
2017-06-02	23.61	23.68	23.53	23.65		1154000
2017-06-05	23.43	23.46	23.40	23.44		567000
2017-06-06	23.27	23.35	23.25	23.31		757100
2017-06-07	23.43	23.47	23.20	23.35		624500
2017-06-08	23.17	23.24	23.14	23.24		371900
2017-06-09	23.23	23.29	23.13	23.24		648600
2017-06-12	23.11	23.12	23.01	23.03		500900
2017-06-13	23.16	23.27	23.12	23.24		1202000
2017-06-14	23.40	23.41	23.09	23.23		2836200
2017-06-15	22.75	22.93	22.71	22.93		1069600
2017-06-16	23.10	23.24	23.05	23.23		799000
2017-06-19	23.37	23.43	23.33	23.36		1025600
2017-06-20	23.35	23.36	23.11	23.15		670300
2017-06-21	23.10	23.20	23.08	23.17		1001700
2017-06-22	23.12	23.22	23.08	23.15		1302700
2017-06-23	23.16	23.27	23.13	23.23		547200
2017-06-26	23.47	23.50	23.29	23.31		619600
2017-06-27	23.34	23.46	23.30	23.37		479000
2017-06-28	23.46	23.60	23.42	23.57		821100
2017-06-29	23.33	23.33	23.05	23.17		1017000
2017-06-30	23.21	23.25	22.94	23.14		1364400
2017-07-03	23.14	23.22	23.12	23.13		644000
2017-07-05	23.07	23.16	23.02	23.14		928500
2017-07-06	22.99	23.17	22.94	23.09		846100
2017-07-07	23.05	23.13	22.98	23.10		554000
2017-07-10	23.09	23.20	23.07	23.17		308300
2017-07-11	23.11	23.27	23.07	23.27		284800
2017-07-12	23.45	23.47	23.40	23.43		1373300
2017-07-13	23.52	23.53	23.42	23.52		597100
2017-07-14	23.54	23.67	23.49	23.66		608800
2017-07-17	23.61	23.64	23.57	23.63		409700
2017-07-18	23.58	23.63	23.54	23.62		584500
2017-07-19	23.59	23.72	23.59	23.71		422300
2017-07-20	23.81	23.83	23.71	23.82		1034300
2017-07-21	23.59	23.66	23.43	23.65		651100
2017-07-24	23.54	23.60	23.47	23.58		868700
2017-07-25	23.87	23.88	23.66	23.68		845500
2017-07-26	23.79	23.95	23.75	23.88		656500
2017-07-27	23.89	23.89	23.66	23.76		1246600
2017-07-28	23.62	23.74	23.61	23.74		374600
2017-07-31	23.71	23.72	23.60	23.69		915800
2017-08-01	23.87	23.91	23.79	23.79		1249000
2017-08-02	23.85	23.92	23.78	23.86		645200
2017-08-03	23.95	24.04	23.93	23.96		1041400
2017-08-04	24.10	24.16	24.02	24.09		459600
2017-08-07	24.10	24.15	24.10	24.15		686300
2017-08-08	24.16	24.19	23.98	24.00		969700
2017-08-09	23.67	23.88	23.66	23.87		649900
2017-08-10	23.73	23.73	23.53	23.60		751000
2017-08-11	23.57	23.62	23.46	23.54		1082300
2017-08-14	23.74	23.83	23.74	23.77		1659800
2017-08-15	23.78	23.82	23.70	23.79		630400
2017-08-16	23.92	23.96	23.84	23.91		784900
2017-08-17	23.83	23.87	23.60	23.60		537300
2017-08-18	23.58	23.74	23.53	23.66		508100
2017-08-21	23.64	23.71	23.56	23.66		1061000
2017-08-22	23.73	23.81	23.72	23.79		293600
2017-08-23	23.77	23.85	23.76	23.85		548900
2017-08-24	23.83	23.85	23.76	23.77		369100
2017-08-25	23.83	24.02	23.83	23.94		672400
2017-08-28	23.98	23.98	23.91	23.95		610200
2017-08-29	23.75	23.89	23.74	23.84		476600
2017-08-30	23.79	23.81	23.73	23.75		1128100
2017-08-31	23.83	23.93	23.77	23.90		930400
2017-09-01	24.05	24.08	23.95	23.98		564500
2017-09-05	23.92	24.00	23.72	23.81		985600
2017-09-06	24.00	24.13	23.99	24.06		639600
2017-09-07	24.30	24.32	24.20	24.27		446200
2017-09-08	24.30	24.32	24.24	24.27		343600
2017-09-11	24.44	24.53	24.44	24.47		257300
2017-09-12	24.54	24.61	24.54	24.60		597300
2017-09-13	24.57	24.59	24.41	24.45		223200
2017-09-14	24.45	24.57	24.45	24.56		364300
2017-09-15	24.56	24.60	24.50	24.57		1214700
2017-09-18	24.61	24.65	24.56	24.61		395600
2017-09-19	24.74	24.76	24.68	24.74		366400
2017-09-20	24.78	24.82	24.56	24.69		572800
2017-09-21	24.72	24.81	24.71	24.77		419300
2017-09-22	24.87	24.93	24.86	24.86		378300
2017-09-25	24.67	24.74	24.57	24.63		680000
2017-09-26	24.53	24.56	24.44	24.53		887700
2017-09-27	24.46	24.57	24.45	24.52		522600
2017-09-28	24.61	24.65	24.59	24.60		365900
2017-09-29	24.71	24.87	24.69	24.86		570800
2017-10-02	24.76	24.85	24.74	24.81		905500
2017-10-03	24.90	24.95	24.90	24.90		367600
2017-10-04	24.86	24.91	24.84	24.87		1361800
2017-10-05	24.80	24.90	24.80	24.86		424900
2017-10-06	24.76	24.87	24.74	24.86		349100
2017-10-09	24.82	24.87	24.78	24.82		294800
2017-10-10	24.96	25.07	24.93	25.07		844200
2017-10-11	25.04	25.15	25.02	25.11		518000
2017-10-12	25.06	25.10	25.03	25.07		448100
2017-10-13	25.04	25.10	24.98	25.00		619100
2017-10-16	25.02	25.02	24.96	24.98		370500
2017-10-17	24.92	24.95	24.90	24.94		411000
2017-10-18	25.03	25.10	25.02	25.07		438000
2017-10-19	25.01	25.12	25.01	25.11		1106300
2017-10-20	25.03	25.04	24.96	24.98		286200
2017-10-23	25.05	25.06	24.92	24.94		2143400
2017-10-24	25.03	25.13	24.99	25.04		626400
2017-10-25	25.13	25.16	24.97	25.06		574600
2017-10-26	25.13	25.20	25.05	25.08		569700
2017-10-27	25.07	25.15	25.03	25.11		551800
2017-10-30	25.15	25.20	25.11	25.19		488400
2017-10-31	25.22	25.29	25.18	25.26		476700
2017-11-01	25.27	25.31	25.22	25.23		672900
2017-11-02	25.24	25.35	25.22	25.32		501700
2017-11-03	25.27	25.27	25.15	25.23		747000
2017-11-06	25.12	25.21	25.11	25.20		448800
2017-11-07	25.07	25.08	24.92	25.02		1194300
2017-11-08	24.94	25.03	24.91	25.01		369000
2017-11-09	24.78	24.85	24.67	24.78		561300
2017-11-10	24.78	24.80	24.70	24.74		372000
2017-11-13	24.42	24.61	24.39	24.58		444800
2017-11-14	24.63	24.74	24.58	24.72		498200
2017-11-15	24.60	24.71	24.56	24.62		366900
2017-11-16	24.82	24.83	24.76	24.82		507700
2017-11-17	24.75	24.77	24.69	24.72		391100
2017-11-20	24.75	24.78	24.69	24.69		439800
2017-11-21	24.83	24.90	24.82	24.84		261500
2017-11-22	24.99	25.03	24.86	24.95		503700
2017-11-24	25.35	25.39	25.33	25.35		212700
2017-11-27	25.31	25.31	25.17	25.19		212200
2017-11-28	25.27	25.34	25.23	25.28		270700
2017-11-29	25.36	25.41	25.21	25.23		465800
2017-11-30	25.34	25.39	25.23	25.23		680200
2017-12-01	25.09	25.17	24.94	25.08		1376100
2017-12-04	25.20	25.27	25.10	25.15		2933100
2017-12-05	25.05	25.17	24.99	25.04		789200
2017-12-06	24.97	25.07	24.94	25.01		232400
2017-12-07	25.03	25.16	25.01	25.10		452800
2017-12-08	25.12	25.16	25.06	25.16		380200
2017-12-11	25.11	25.16	25.10	25.15		450400
2017-12-12	25.08	25.15	25.04	25.15		483100
2017-12-13	25.11	25.17	25.03	25.15		606400
2017-12-14	25.15	25.18	24.86	24.88		389100
2017-12-15	24.86	24.92	24.77	24.90		434700
2017-12-18	25.23	25.34	25.18	25.21		391100
2017-12-19	25.26	25.28	25.13	25.20		536300
2017-12-20	25.15	25.18	25.08	25.12		339200
2017-12-21	25.10	25.27	25.09	25.19		243100
2017-12-22	25.14	25.19	25.07	25.17		279100
2017-12-26	25.15	25.29	25.14	25.20		606700
2017-12-27	25.24	25.29	25.17	25.21		2614800
2017-12-28	25.31	25.33	25.21	25.24		1725400
2017-12-29	25.32	25.34	25.17	25.20		874500
2018-01-02	25.17	25.28	25.14	25.25		1366800
2018-01-03	25.33	25.45	25.29	25.38		2356000
2018-01-04	25.83	25.92	25.76	25.79		1044600
2018-01-05	25.96	26.07	25.90	26.03		528300
2018-01-08	25.99	25.99	25.92	25.94		797400
2018-01-09	25.99	26.09	25.92	26.08		2582500
2018-01-10	26.09	26.09	25.90	25.93		658100
2018-01-11	26.05	26.13	26.04	26.11		286600
2018-01-12	26.37	26.48	26.33	26.46		634100
2018-01-16	26.59	26.63	26.51	26.54		903100
2018-01-17	26.57	26.73	26.49	26.63		3766100
2018-01-18	26.58	26.63	26.48	26.59		474000
2018-01-19	26.73	26.79	26.65	26.75		563100
2018-01-22	26.78	26.93	26.76	26.91		347600
2018-01-23	26.86	26.93	26.82	26.93		401900
2018-01-24	27.01	27.03	26.84	26.95		497900
2018-01-25	27.12	27.13	26.84	26.92		577100
2018-01-26	27.12	27.22	27.08	27.22		575700
2018-01-29	26.99	27.01	26.87	26.99		397100
2018-01-30	26.97	26.98	26.77	26.81		581000
2018-01-31	27.02	27.03	26.84	26.90		528700
2018-02-01	26.85	27.05	26.82	27.04		564400
2018-02-02	26.58	26.61	26.25	26.29		950200
2018-02-05	25.98	26.11	25.04	25.15		2951700
2018-02-06	25.10	25.86	25.08	25.86		2850500
2018-02-07	25.42	25.65	25.31	25.41		1757900
2018-02-08	25.39	25.39	24.73	24.75		1924000
2018-02-09	24.79	24.90	24.08	24.77		2926300
2018-02-12	24.98	25.19	24.92	25.17		1057500
2018-02-13	25.06	25.15	25.01	25.13		418900
2018-02-14	25.00	25.67	25.00	25.65		697000
2018-02-15	25.91	25.94	25.71	25.90		632500
2018-02-16	25.97	26.11	25.90	25.95		496500
2018-02-20	25.85	25.92	25.67	25.73		690300
2018-02-21	25.84	26.05	25.64	25.65		840000
2018-02-22	25.81	25.94	25.72	25.82		822800
2018-02-23	25.85	26.00	25.81	25.98		582600
2018-02-26	26.07	26.16	25.91	26.14		416700
2018-02-27	25.98	26.00	25.70	25.70		767600
2018-02-28	25.86	25.86	25.53	25.53		829200
2018-03-01	25.41	25.51	25.06	25.34		1700300
2018-03-02	25.17	25.33	24.99	25.32		1444300
2018-03-05	25.05	25.38	25.05	25.37		636300
2018-03-06	25.54	25.56	25.42	25.52		330700
2018-03-07	25.42	25.64	25.41	25.64		785900
2018-03-08	25.77	25.82	25.60	25.67		739300
2018-03-09	25.75	25.81	25.68	25.81		697000
2018-03-12	25.78	25.84	25.74	25.83		726900
2018-03-13	25.92	25.93	25.63	25.67		681200
2018-03-14	25.86	25.90	25.63	25.75		661800
2018-03-15	25.71	25.84	25.69	25.74		529900
2018-03-16	25.70	25.82	25.68	25.73		617100
2018-03-19	25.70	25.71	25.49	25.61		547000
2018-03-20	25.47	25.62	25.46	25.54		652700
2018-03-21	25.52	25.67	25.46	25.55		613900
2018-03-22	25.19	25.30	25.02	25.02		1421300
2018-03-23	25.08	25.13	24.79	24.82		1158500
2018-03-26	25.24	25.34	24.97	25.31		943500
2018-03-27	25.29	25.34	24.87	24.96		1599200
2018-03-28	25.13	25.37	25.03	25.15		1401100
2018-03-29	25.39	25.44	25.24	25.34		1235600
2018-04-02	25.34	25.40	24.84	25.00		2328300
2018-04-03	25.17	25.25	25.04	25.21		1407800
2018-04-04	24.95	25.36	24.95	25.35		3401900
2018-04-05	25.54	25.67	25.52	25.60		733100
2018-04-06	25.64	25.75	25.46	25.53		2319900
2018-04-09	25.76	25.92	25.70	25.77		810900
2018-04-10	25.99	26.11	25.96	26.05		937300
2018-04-11	25.96	26.07	25.90	25.93		888700
2018-04-12	25.92	26.06	25.92	26.05		1043500
2018-04-13	26.15	26.15	26.00	26.09		1063900
2018-04-16	26.18	26.25	26.11	26.22		1455900
2018-04-17	26.34	26.44	26.30	26.41		1618800
2018-04-18	26.47	26.56	26.46	26.51		1523700
2018-04-19	26.56	26.61	26.43	26.52		1217800
2018-04-20	26.42	26.47	26.34	26.41		1161800
2018-04-23	26.40	26.42	26.29	26.36		562800
2018-04-24	26.37	26.47	26.21	26.29		1064700
2018-04-25	26.20	26.25	26.09	26.21		549000
2018-04-26	26.36	26.40	26.25	26.31		599800
2018-04-27	26.35	26.48	26.26	26.46		752400
2018-04-30	26.38	26.51	26.38	26.38		1185400
2018-05-01	26.38	26.42	26.12	26.29		498900
2018-05-02	26.46	26.47	26.25	26.27		761000
2018-05-03	26.39	26.46	26.20	26.41		986900
2018-05-04	26.20	26.42	26.18	26.38		799500
2018-05-07	26.30	26.34	26.22	26.28		5404700
2018-05-08	26.12	26.21	26.04	26.20		630700
2018-05-09	26.17	26.29	26.17	26.23		726200
2018-05-10	26.38	26.47	26.30	26.47		393700
2018-05-11	26.52	26.57	26.49	26.51		446300
2018-05-14	26.60	26.63	26.48	26.52		330200
2018-05-15	26.31	26.41	26.24	26.34		517300
2018-05-16	26.26	26.38	26.21	26.32		523200
2018-05-17	26.42	26.51	26.38	26.44		1221000
2018-05-18	26.42	26.47	26.38	26.39		383400
2018-05-21	26.57	26.61	26.51	26.59		604500
2018-05-22	26.66	26.68	26.57	26.60		391700
2018-05-23	26.13	26.26	26.05	26.26		4087900
2018-05-24	26.22	26.32	26.05	26.32		5183000
2018-05-25	26.00	26.08	25.90	26.05		2172000
2018-05-29	25.42	25.52	25.06	25.23		1515900
2018-05-30	25.53	25.75	25.38	25.67		1107000
2018-05-31	25.63	25.71	25.44	25.68		1499600
2018-06-01	25.88	25.93	25.73	25.90		1049600
2018-06-04	26.07	26.11	25.94	25.96		504800
2018-06-05	25.98	26.03	25.86	25.95		1291500
2018-06-06	25.98	26.21	25.92	26.19		986900
2018-06-07	26.14	26.16	25.88	25.92		628100
2018-06-08	25.99	26.09	25.88	26.03		550100
2018-06-11	26.13	26.28	26.11	26.24		1422000
2018-06-12	26.17	26.17	25.95	25.98		723000
2018-06-13	26.13	26.14	25.96	26.06		738500
2018-06-14	26.16	26.22	26.05	26.06		708700
2018-06-15	26.05	26.09	25.96	26.05		574700
2018-06-18	25.64	25.78	25.59	25.76		1496000
2018-06-19	25.29	25.49	25.22	25.49		948200
2018-06-20	25.38	25.40	25.27	25.32		612400
2018-06-21	25.22	25.22	25.03	25.10		706500
2018-06-22	25.42	25.52	25.32	25.40		552200
2018-06-25	25.36	25.38	25.08	25.15		602900
2018-06-26	25.15	25.17	25.04	25.07		564400
2018-06-27	25.21	25.33	24.85	24.85		1236800
2018-06-28	24.79	24.93	24.74	24.87		1414500
2018-06-29	25.24	25.37	25.13	25.14		611000
2018-07-02	24.87	25.01	24.84	24.99		624200
2018-07-03	25.22	25.25	25.10	25.11		2004000
2018-07-05	25.50	25.59	25.48	25.56		885400
2018-07-06	25.64	25.73	25.59	25.68		975400
2018-07-09	25.84	25.84	25.76	25.82		421000
2018-07-10	25.84	25.97	25.84	25.93		728600
2018-07-11	25.61	25.67	25.38	25.46		773700
2018-07-12	25.64	25.78	25.60	25.73		482700
2018-07-13	25.73	25.86	25.70	25.84		420400
2018-07-16	25.85	25.88	25.80	25.87		1534700
2018-07-17	25.72	25.89	25.72	25.87		604000
2018-07-18	25.84	25.90	25.78	25.83		389200
2018-07-19	25.59	25.74	25.59	25.70		505900
2018-07-20	25.59	25.82	25.56	25.77		596000
2018-07-23	25.64	25.69	25.58	25.63		2180800
2018-07-24	25.89	25.97	25.78	25.83		590900
2018-07-25	25.87	26.15	25.71	26.10		896400
2018-07-26	25.90	25.95	25.83	25.84		537100
2018-07-27	26.03	26.10	25.95	25.97		712400
2018-07-30	26.11	26.16	26.02	26.02		611600
2018-07-31	26.22	26.27	26.09	26.13		873700
2018-08-01	26.14	26.15	25.97	26.00		811300
2018-08-02	25.74	25.87	25.72	25.83		2175400
2018-08-03	25.73	25.86	25.69	25.86		510100
2018-08-06	25.64	25.78	25.59	25.71		613000
2018-08-07	26.02	26.06	25.97	25.98		1006700
2018-08-08	25.92	25.96	25.87	25.91		527100
2018-08-09	25.90	25.93	25.78	25.78		1878000
2018-08-10	25.19	25.22	24.99	25.06		2417700
2018-08-13	25.16	25.22	25.01	25.04		761000
2018-08-14	25.04	25.08	24.93	25.00		1200700
2018-08-15	24.61	24.61	24.36	24.52		1510600
2018-08-16	24.67	24.87	24.67	24.72		697800
2018-08-17	24.71	25.00	24.69	24.94		943100
2018-08-20	25.06	25.15	25.05	25.11		609500
2018-08-21	25.41	25.57	25.36	25.45		786000
2018-08-22	25.60	25.64	25.54	25.60		662200
2018-08-23	25.51	25.61	25.43	25.45		697100
2018-08-24	25.64	25.76	25.60	25.72		533100
2018-08-27	25.90	26.07	25.89	26.06		739700
2018-08-28	26.27	26.27	26.13	26.13		732000
2018-08-29	26.07	26.24	26.06	26.24		621900
2018-08-30	25.97	26.04	25.91	25.96		533700
2018-08-31	25.58	25.72	25.42	25.55		583200
2018-09-04	25.07	25.26	25.06	25.25		586000
2018-09-05	25.07	25.08	24.89	24.95		777200
2018-09-06	24.99	25.10	24.83	24.95		1746000
2018-09-07	24.71	24.83	24.66	24.73		2775500
2018-09-10	25.03	25.05	24.94	24.98		787400
2018-09-11	24.82	25.06	24.78	25.05		934300
2018-09-12	25.17	25.36	25.16	25.24		1355700
2018-09-13	25.50	25.55	25.36	25.45		697000
2018-09-14	25.48	25.50	25.30	25.36		907100
2018-09-17	25.49	25.54	25.37	25.41		357100
2018-09-18	25.51	25.60	25.48	25.53		368300
2018-09-19	25.58	25.69	25.57	25.64		475200
2018-09-20	26.07	26.16	25.99	26.13		447300
2018-09-21	26.17	26.22	26.15	26.19		349100
2018-09-24	26.23	26.25	26.11	26.11		352900
2018-09-25	26.25	26.29	26.15	26.17		486900
2018-09-26	26.16	26.44	26.16	26.24		399300
2018-09-27	26.20	26.32	26.10	26.11		431300
2018-09-28	25.79	25.99	25.79	25.86		699200
2018-10-01	26.00	26.02	25.82	25.83		564300
2018-10-02	25.65	25.72	25.57	25.64		565400
2018-10-03	25.81	25.83	25.67	25.69		454700
2018-10-04	25.45	25.48	25.18	25.31		843700
2018-10-05	25.19	25.20	24.97	25.08		528800
2018-10-08	24.67	24.89	24.67	24.87		329100
2018-10-09	24.64	24.90	24.60	24.85		963600
2018-10-10	24.58	24.58	24.11	24.19		998700
2018-10-11	24.23	24.30	23.83	23.99		1601100
2018-10-12	24.15	24.17	23.79	24.05		1067800
2018-10-15	23.98	24.04	23.92	23.93		597200
2018-10-16	24.32	24.42	24.27	24.39		524700
2018-10-17	24.26	24.29	24.05	24.18		505400
2018-10-18	24.14	24.14	23.70	23.80		1067600
2018-10-19	23.73	24.00	23.72	23.86		654000
2018-10-22	23.79	23.82	23.58	23.66		496900
2018-10-23	23.26	23.58	23.12	23.50		867200
2018-10-24	23.35	23.37	22.80	22.82		1037200
2018-10-25	23.25	23.39	23.15	23.24		742800
2018-10-26	22.88	23.26	22.72	23.11		1183800
2018-10-29	23.27	23.32	22.84	23.03		1138500
2018-10-30	22.92	23.17	22.88	23.16		667300
2018-10-31	23.41	23.57	23.38	23.40		574500
2018-11-01	23.60	23.68	23.49	23.68		664600
2018-11-02	23.91	23.98	23.58	23.72		742100
2018-11-05	23.72	23.77	23.63	23.72		403900
2018-11-06	23.63	23.73	23.60	23.72		630400
2018-11-07	24.01	24.07	23.94	24.05		627500
2018-11-08	23.96	24.00	23.71	23.76		396700
2018-11-09	23.59	23.66	23.49	23.63		876200
2018-11-12	23.35	23.35	23.14	23.16		627400
2018-11-13	23.28	23.49	23.23	23.32		754300
2018-11-14	23.62	23.62	23.26	23.39		727400
2018-11-15	23.15	23.48	23.02	23.44		791200
2018-11-16	23.24	23.46	23.18	23.43		496700
2018-11-19	23.41	23.41	23.14	23.20		540500
2018-11-20	22.79	22.95	22.69	22.77		747000
2018-11-21	22.98	23.08	22.94	22.98		4446600
2018-11-23	22.72	22.84	22.72	22.76		2358600
2018-11-26	23.01	23.10	22.98	23.06		5854800
2018-11-27	22.92	22.98	22.81	22.98		1239400
2018-11-28	22.98	23.35	22.86	23.31		682300
2018-11-29	23.25	23.34	23.19	23.27		521100
2018-11-30	23.07	23.15	23.00	23.13		765500
2018-12-03	23.36	23.40	23.28	23.34		701100
2018-12-04	23.32	23.35	22.74	22.78		1264000
2018-12-06	22.31	22.48	22.04	22.46		1410000
2018-12-07	22.53	22.62	22.20	22.27		1054900
2018-12-10	22.19	22.24	21.90	22.11		577900
2018-12-11	22.34	22.37	22.04	22.20		847600
2018-12-12	22.65	22.82	22.64	22.67		1831900
2018-12-13	22.65	22.73	22.56	22.61		1256100
2018-12-14	22.25	22.37	22.20	22.22		862100
2018-12-17	22.18	22.21	21.96	22.05		993000
2018-12-18	22.16	22.20	22.01	22.05		1512000
2018-12-19	22.19	22.38	21.79	21.87		1557800
2018-12-20	21.86	21.97	21.72	21.78		1284200
2018-12-21	21.70	21.81	21.44	21.49		1089400
2018-12-24	21.46	21.60	21.15	21.15		850400
2018-12-26	21.17	21.73	21.13	21.73		1408500
2018-12-27	21.36	21.71	21.18	21.70		960300
2018-12-28	21.91	21.91	21.71	21.78		940400
2018-12-31	22.02	22.02	21.79	21.95		2201700
2019-01-02	21.60	21.76	21.58	21.76		1274700
2019-01-03	21.57	21.57	21.39	21.44		811200
2019-01-04	21.71	22.07	21.67	22.02		953600
2019-01-07	21.98	22.15	21.91	22.09		553000
2019-01-08	22.39	22.41	22.25	22.34		504500
2019-01-09	22.58	22.70	22.53	22.65		593600
2019-01-10	22.46	22.62	22.45	22.62		660100
2019-01-11	22.39	22.42	22.30	22.36		772100
2019-01-14	22.20	22.34	22.18	22.27		414800
2019-01-15	22.25	22.34	22.16	22.28		625100
2019-01-16	22.31	22.38	22.31	22.32		446400
2019-01-17	22.18	22.41	22.18	22.35		577600
2019-01-18	22.64	22.64	22.54	22.58		449900
2019-01-22	22.41	22.46	22.29	22.31		541100
2019-01-23	22.56	22.58	22.39	22.46		371000
2019-01-24	22.53	22.57	22.39	22.48		1298200
2019-01-25	22.81	22.91	22.79	22.85		886700
2019-01-28	22.73	22.83	22.72	22.82		465800
2019-01-29	22.99	23.03	22.92	22.97		529700
2019-01-30	23.09	23.38	23.02	23.31		877700
2019-01-31	23.21	23.33	23.16	23.30		730000
2019-02-01	23.38	23.46	23.31	23.38		417300
2019-02-04	23.25	23.38	23.14	23.37		661100
2019-02-05	23.56	23.61	23.53	23.59		646900
2019-02-06	23.51	23.54	23.43	23.47		572200
2019-02-07	23.20	23.23	23.02	23.09		699400
2019-02-08	22.92	22.99	22.80	22.97		500500
2019-02-11	23.01	23.04	22.93	22.97		651000
2019-02-12	23.23	23.31	23.21	23.29		1067300
2019-02-13	23.34	23.36	23.23	23.23		1032200
2019-02-14	23.30	23.36	23.21	23.28		1280600
2019-02-15	23.61	23.71	23.55	23.71		2227600
2019-02-19	23.66	23.89	23.65	23.88		6295900
2019-02-20	23.84	24.06	23.83	23.97		8472300
2019-02-21	23.99	24.00	23.90	23.94		1863200
2019-02-22	24.06	24.11	24.01	24.05		1029200
2019-02-25	24.20	24.22	24.12	24.12		842100
2019-02-26	24.16	24.29	24.14	24.25		393100
2019-02-27	24.23	24.26	24.14	24.16		674000
2019-02-28	24.24	24.35	24.21	24.29		494100
2019-03-01	24.49	24.52	24.41	24.48		930100
2019-03-04	24.54	24.54	24.31	24.42		1457500
2019-03-05	24.39	24.40	24.30	24.38		557800
2019-03-06	24.45	24.45	24.27	24.28		4079900
2019-03-07	24.17	24.17	23.88	23.90		1099100
2019-03-08	23.86	24.02	23.86	24.02		835400
2019-03-11	23.99	24.16	23.98	24.14		437900
2019-03-12	24.15	24.24	24.15	24.21		1290300
2019-03-13	24.32	24.46	24.32	24.46		679800
2019-03-14	24.53	24.61	24.51	24.56		1759300
2019-03-15	24.79	24.89	24.77	24.89		945800
2019-03-18	24.94	24.94	24.85	24.93		900900
2019-03-19	25.09	25.09	24.92	24.98		588200
2019-03-20	24.98	25.16	24.79	25.06		965800
2019-03-21	24.77	24.92	24.75	24.92		957600
2019-03-22	24.36	24.40	24.09	24.16		827100
2019-03-25	24.14	24.21	24.07	24.16		465200
2019-03-26	24.30	24.34	24.21	24.24		421200
2019-03-27	24.35	24.37	24.11	24.31		465400
2019-03-28	24.19	24.25	24.08	24.19		651400
2019-03-29	24.33	24.39	24.22	24.39		778200
2019-04-01	24.55	24.68	24.55	24.67		650100
2019-04-02	24.60	24.75	24.60	24.73		864500
2019-04-03	24.89	25.00	24.87	24.96		1922500
2019-04-04	24.86	24.98	24.86	24.98		1394000
2019-04-05	24.97	25.06	24.95	25.03		1805500
2019-04-08	25.11	25.11	25.02	25.05		269600
2019-04-09	24.98	24.98	24.86	24.87		1805600
2019-04-10	24.89	25.03	24.87	24.98		3655700
2019-04-11	25.08	25.13	24.99	25.05		790000
2019-04-12	25.27	25.30	25.22	25.29		412400
2019-04-15	25.30	25.31	25.24	25.30		308600
2019-04-16	25.35	25.38	25.33	25.36		278700
2019-04-17	25.51	25.55	25.46	25.54		384500
2019-04-18	25.46	25.56	25.44	25.47		416600
2019-04-22	25.46	25.94	25.45	25.55		447800
2019-04-23	25.38	25.48	25.36	25.46		553500
2019-04-24	25.33	25.38	25.24	25.32		610500
2019-04-25	25.15	25.22	25.11	25.22		470600
2019-04-26	25.26	25.32	25.19	25.27		413600
2019-04-29	25.32	25.46	25.30	25.46		328300
2019-04-30	25.46	25.57	25.39	25.56		585600
2019-05-01	25.59	25.68	25.39	25.40		1307300
2019-05-02	25.39	25.39	25.21	25.26		1366100
2019-05-03	25.29	25.42	25.28	25.42		416800
2019-05-06	24.84	25.16	24.84	25.15		943200
2019-05-07	24.84	24.84	24.53	24.60		1079000
2019-05-08	24.73	24.85	24.69	24.77		796500
2019-05-09	24.42	24.65	24.41	24.63		720900
2019-05-10	24.59	24.81	24.48	24.79		502700
2019-05-13	24.25	24.29	24.14	24.20		2017500
2019-05-14	24.41	24.60	24.39	24.52		1188200
2019-05-15	24.29	24.69	24.29	24.66		1205000
2019-05-16	24.68	24.94	24.67	24.89		367200
2019-05-17	24.72	24.84	24.71	24.75		481600
2019-05-20	24.45	24.62	24.38	24.50		458000
2019-05-21	24.63	24.69	24.55	24.67		616600
2019-05-22	24.53	24.65	24.53	24.55		679000
2019-05-23	24.15	24.25	24.06	24.21		747700
2019-05-24	24.46	24.53	24.43	24.53		700300
2019-05-28	24.54	24.58	24.24	24.24		667900
2019-05-29	23.97	24.03	23.91	24.02		327500
2019-05-30	24.06	24.17	24.04	24.17		1061000
2019-05-31	23.84	24.01	23.80	24.00		987700
2019-06-03	24.12	24.24	24.03	24.18		1261700
2019-06-04	24.44	24.52	24.37	24.49		872400
2019-06-05	24.64	24.64	24.52	24.55		647100
2019-06-06	24.61	24.63	24.50	24.56		464700
2019-06-07	25.04	25.20	25.00	25.08		1354000
2019-06-10	25.11	25.16	25.05	25.14		1753200
2019-06-11	25.41	25.41	25.23	25.30		1631500
2019-06-12	25.18	25.21	25.05	25.06		426000
2019-06-13	25.10	25.10	25.02	25.05		834500
2019-06-14	24.89	24.90	24.83	24.87		273600
2019-06-17	24.97	25.08	24.95	24.99		351300
2019-06-18	25.39	25.56	25.39	25.49		3280300
2019-06-19	25.59	25.73	25.54	25.67		772800
2019-06-20	25.95	25.99	25.79	25.90		2129200
2019-06-21	25.82	25.94	25.78	25.84		1537600
2019-06-24	25.97	26.00	25.92	25.93		592800
2019-06-25	25.97	26.00	25.78	25.82		1468900
2019-06-26	25.89	25.89	25.78	25.78		541400
2019-06-27	25.81	25.90	25.78	25.81		5432600
2019-06-28	25.95	26.09	25.95	26.00		1136300
2019-07-01	26.19	26.21	25.96	26.01		1057700
2019-07-02	26.01	26.08	26.00	26.03		868000
2019-07-03	26.23	26.28	26.20	26.27		717500
2019-07-05	26.01	26.04	25.85	26.01		4038800
2019-07-08	25.90	25.94	25.86	25.90		780500
2019-07-09	25.79	25.88	25.76	25.87		603300
2019-07-10	26.01	26.06	25.89	25.96		1847100
2019-07-11	25.98	26.00	25.80	25.85		677000
2019-07-12	25.93	25.99	25.89	25.97		753100
2019-07-15	26.00	26.04	25.97	26.01		340900
2019-07-16	26.02	26.09	25.95	25.97		937600
2019-07-17	26.03	26.03	25.84	25.85		960700
2019-07-18	25.84	25.95	25.73	25.92		837400
2019-07-19	25.84	25.88	25.73	25.79		786000
2019-07-22	25.84	25.86	25.78	25.83		497000
2019-07-23	25.97	26.03	25.93	26.00		1164200
2019-07-24	25.88	25.99	25.87	25.97		732600
2019-07-25	25.94	25.94	25.66	25.68		837800
2019-07-26	25.86	25.89	25.81	25.81		2571500
2019-07-29	25.91	25.91	25.84	25.88		573400
2019-07-30	25.45	25.47	25.35	25.41		1051800
2019-07-31	25.46	25.55	25.06	25.27		2540200
2019-08-01	25.28	25.50	25.05	25.15		1632300
2019-08-02	24.94	24.96	24.66	24.75		3337100
2019-08-05	24.39	24.44	24.09	24.23		1135400
2019-08-06	24.46	24.50	24.28	24.43		2154600
2019-08-07	24.39	24.66	24.33	24.63		2047600
2019-08-08	24.80	25.01	24.76	24.87		1760500
2019-08-09	24.84	24.91	24.70	24.84		2577600
2019-08-12	24.70	24.81	24.60	24.63		1987700
2019-08-13	24.59	25.02	24.54	24.91		1557000
2019-08-14	24.37	24.41	24.12	24.12		1319500
2019-08-15	24.10	24.22	23.99	24.12		2104300
2019-08-16	24.15	24.41	24.15	24.37		1148300
2019-08-19	24.72	24.75	24.61	24.63		494300
2019-08-20	24.59	24.63	24.48	24.55		582700
2019-08-21	25.03	25.04	24.86	24.87		4828100
2019-08-22	24.87	24.89	24.66	24.73		1491100
2019-08-23	24.62	24.85	24.40	24.40		1528200
2019-08-26	24.61	24.69	24.52	24.63		1326700
2019-08-27	24.76	24.81	24.62	24.64		1303600
2019-08-28	24.49	24.68	24.43	24.60		1292400
2019-08-29	24.92	24.98	24.84	24.92		921200
2019-08-30	25.12	25.15	24.89	25.01		1403600
2019-09-03	24.80	24.89	24.72	24.86		728500
2019-09-04	25.22	25.32	25.20	25.29		899300
2019-09-05	25.63	25.68	25.50	25.53		3315200
2019-09-06	25.55	25.62	25.51	25.51		541800
2019-09-09	25.57	25.57	25.50	25.53		906400
2019-09-10	25.48	25.61	25.43	25.50		1125300
2019-09-11	25.54	25.62	25.51	25.60		1028600
2019-09-12	25.62	25.90	25.60	25.82		1286700
2019-09-13	25.95	25.96	25.86	25.88		675200
2019-09-16	25.62	25.63	25.50	25.52		792400
2019-09-17	25.56	25.75	25.55	25.73		694700
2019-09-18	25.69	25.79	25.59	25.71		410100
2019-09-19	25.89	25.91	25.81	25.81		434900
2019-09-20	25.90	25.94	25.78	25.79		1032500
2019-09-23	25.56	25.65	25.53	25.62		1174200
2019-09-24	25.71	25.72	25.50	25.51		2304400
2019-09-25	25.28	25.37	25.15	25.35		729700
2019-09-26	25.47	25.51	25.36	25.40		2896200
2019-09-27	25.42	25.53	25.36	25.39		1082200
2019-09-30	25.45	25.60	25.45	25.56		696200
2019-10-01	25.51	25.52	25.23	25.26		1552600
2019-10-02	24.83	24.83	24.53	24.58		4288600
2019-10-03	24.70	24.83	24.52	24.81		1926900
2019-10-04	24.86	25.02	24.84	25.02		500300
2019-10-07	24.99	25.15	24.99	25.00		715000
2019-10-08	24.83	24.86	24.69	24.70		973700
2019-10-09	24.95	25.06	24.88	25.00		915000
2019-10-10	25.14	25.34	25.08	25.29		2744200
2019-10-11	25.73	25.88	25.70	25.73		2404000
2019-10-14	25.67	25.73	25.62	25.67		380800
2019-10-15	25.78	26.09	25.78	25.99		982800
2019-10-16	25.97	26.09	25.96	26.01		536400
2019-10-17	26.20	26.20	26.01	26.09		552900
2019-10-18	25.97	26.06	25.90	26.02		756100
2019-10-21	26.12	26.13	25.97	26.03		7375500
2019-10-22	25.99	26.08	25.86	25.90		712300
2019-10-23	25.90	26.04	25.90	26.04		356100
2019-10-24	26.10	26.15	26.03	26.13		786200
2019-10-25	26.11	26.23	26.11	26.23		542300
2019-10-28	26.29	26.36	26.29	26.34		529000
2019-10-29	26.31	26.45	26.31	26.44		412700
2019-10-30	26.42	26.62	26.28	26.61		866800
2019-10-31	26.53	26.56	26.38	26.49		2269100
2019-11-01	26.64	26.68	26.58	26.66		758800
2019-11-04	26.87	26.91	26.78	26.81		736200
2019-11-05	26.78	26.79	26.71	26.75		877400
2019-11-06	26.85	26.89	26.76	26.83		709000
2019-11-07	26.90	26.92	26.83	26.85		1225100
2019-11-08	26.77	26.89	26.72	26.87		715200
2019-11-11	26.85	26.94	26.84	26.91		961300
2019-11-12	26.90	26.96	26.86	26.90		713000
2019-11-13	26.80	26.85	26.78	26.85		827300
2019-11-14	26.78	26.90	26.77	26.90		479500
2019-11-15	26.99	27.10	26.97	27.08		652900
2019-11-18	26.97	27.13	26.96	27.12		461500
2019-11-19	27.14	27.14	26.97	27.02		515000
2019-11-20	26.94	26.97	26.79	26.89		785400
2019-11-21	26.91	26.93	26.81	26.86		581300
2019-11-22	26.96	26.96	26.82	26.89		1025100
2019-11-25	26.94	27.00	26.93	27.00		918000
2019-11-26	26.98	27.06	26.96	27.06		845200
2019-11-27	26.96	26.99	26.91	26.98		554800
2019-11-29	26.87	26.93	26.85	26.85		494700
2019-12-02	26.77	26.77	26.50	26.58		1880200
2019-12-03	26.26	26.44	26.14	26.44		824300
2019-12-04	26.62	26.68	26.57	26.63		526100
2019-12-05	26.77	26.77	26.63	26.71		2380700
2019-12-06	26.86	26.88	26.79	26.88		621900
2019-12-09	26.77	26.82	26.67	26.68		10409300
2019-12-10	26.72	26.87	26.68	26.83		937300
2019-12-11	26.80	26.97	26.79	26.96		1664500
2019-12-12	26.96	27.18	26.93	27.15		1211700
2019-12-13	27.26	27.46	27.19	27.24		777200
2019-12-16	27.57	27.63	27.54	27.57		1084600
2019-12-17	27.53	27.55	27.46	27.50		812600
2019-12-18	27.44	27.46	27.34	27.38		764800
2019-12-19	27.35	27.46	27.34	27.46		537200
2019-12-20	27.48	27.56	27.47	27.50		494900
2019-12-23	27.59	27.65	27.58	27.62		585700
2019-12-24	27.60	27.60	27.50	27.56		275800
2019-12-26	27.60	27.72	27.57	27.72		348300
2019-12-27	27.87	27.87	27.77	27.77		505100
2019-12-30	27.82	27.84	27.63	27.64		821000
2019-12-31	27.69	27.82	27.56	27.80		675100
2020-01-02	27.93	28.01	27.87	28.00		839600
2020-01-03	27.68	27.89	27.66	27.71		410100
2020-01-06	27.68	27.86	27.68	27.84		257300
2020-01-07	27.77	27.77	27.64	27.66		306600
2020-01-08	27.59	27.85	27.59	27.75		725800
2020-01-09	27.79	27.79	27.68	27.78		264100
2020-01-10	27.74	27.80	27.63	27.65		888600
2020-01-13	27.70	27.81	27.68	27.80		625400
2020-01-14	27.72	27.85	27.71	27.81		1446400
2020-01-15	27.78	27.87	27.77	27.80		607800
2020-01-16	27.88	27.91	27.82	27.91		397100
2020-01-17	28.03	28.04	27.96	28.02		657300
2020-01-21	27.83	27.84	27.69	27.69		364200
2020-01-22	27.75	27.76	27.60	27.60		374900
2020-01-23	27.50	27.58	27.34	27.55		367900
2020-01-24	27.63	27.63	27.37	27.41		434400
2020-01-27	26.79	26.93	26.77	26.82		974400
2020-01-28	26.95	27.12	26.92	27.07		312100
2020-01-29	27.24	27.29	27.13	27.16		323000
2020-01-30	26.84	27.11	26.83	27.07		1349100
2020-01-31	26.89	26.89	26.58	26.69		997900
2020-02-03	26.78	26.95	26.78	26.79		472900
2020-02-04	27.19	27.23	27.16	27.18		1468500
2020-02-05	27.43	27.45	27.34	27.42		1046100
2020-02-06	27.54	27.56	27.47	27.56		463900
2020-02-07	27.37	27.50	27.34	27.40		1872300
2020-02-10	27.28	27.42	27.28	27.42		782300
2020-02-11	27.48	27.56	27.46	27.50		290900
2020-02-12	27.68	27.69	27.62	27.68		445400
2020-02-13	27.42	27.55	27.36	27.50		1299000
2020-02-14	27.49	27.52	27.40	27.45		391700
2020-02-18	27.32	27.43	27.32	27.36		630100
2020-02-19	27.46	27.55	27.46	27.52		606800
2020-02-20	27.51	27.57	27.28	27.40		776000
2020-02-21	27.29	27.34	27.20	27.28		556400
2020-02-24	26.10	26.32	25.98	26.14		1083200
2020-02-25	26.10	26.11	25.51	25.51		1267700
2020-02-26	25.76	25.94	25.48	25.48		2300300
2020-02-27	25.17	25.53	24.79	24.80		1818400
2020-02-28	24.28	24.68	24.03	24.59		2153200
2020-03-02	24.68	25.22	24.49	25.18		2611800
2020-03-03	25.36	25.70	24.69	24.84		2892100
2020-03-04	25.31	25.76	25.12	25.70		2028200
2020-03-05	24.96	25.16	24.68	24.80		2359400
2020-03-06	24.28	24.44	23.98	24.26		5081300
2020-03-09	22.66	23.05	21.95	22.01		4621300
2020-03-10	22.85	22.92	21.93	22.79		4202000
2020-03-11	22.18	22.23	21.26	21.45		3297700
2020-03-12	19.81	19.82	18.57	18.73		3043100
2020-03-13	20.28	20.32	18.78	20.09		2067700
2020-03-16	17.07	18.29	17.03	17.54		1859500
2020-03-17	17.62	18.33	17.29	18.28		1145000
2020-03-18	16.97	17.37	16.40	17.03		2894900
2020-03-19	16.83	17.39	16.66	17.06		1252000
2020-03-20	17.87	18.21	17.37	17.40		4330200
2020-03-23	17.76	18.01	17.30	17.38		1204300
2020-03-24	18.62	19.08	18.42	18.96		1402500
2020-03-25	19.17	20.26	18.98	19.90		1763500
2020-03-26	19.94	20.94	19.91	20.94		1701800
2020-03-27	19.90	20.41	19.58	20.09		1519200
2020-03-30	19.83	20.18	19.69	20.16		1253900
2020-03-31	19.97	20.09	19.64	19.92		1285800
2020-04-01	19.24	19.29	18.80	18.86		1609700
2020-04-02	18.87	19.35	18.78	19.17		1046800
2020-04-03	18.79	18.81	18.47	18.57		1392600
2020-04-06	19.33	19.86	19.31	19.75		1733500
2020-04-07	20.40	20.45	19.81	19.81		1614200
2020-04-08	20.02	20.26	19.84	20.15		1065700
2020-04-09	20.54	20.86	20.43	20.73		1040800
2020-04-13	20.63	20.71	20.26	20.43		658100
2020-04-14	20.80	20.96	20.64	20.71		1584300
2020-04-15	19.89	19.97	19.73	19.78		734000
2020-04-16	19.86	19.86	19.42	19.65		1465800
2020-04-17	20.34	20.54	20.20	20.50		1238300
2020-04-20	20.21	20.56	20.16	20.18		857800
2020-04-21	19.86	20.06	19.69	19.79		690100
2020-04-22	19.95	19.98	19.83	19.95		641800
2020-04-23	19.92	20.32	19.75	19.78		1082200
2020-04-24	19.98	20.10	19.79	20.05		797900
2020-04-27	20.17	20.47	20.17	20.41		308600
2020-04-28	20.84	20.84	20.49	20.50		531100
2020-04-29	20.98	21.28	20.94	21.21		764900
2020-04-30	20.86	20.98	20.66	20.81		765400
2020-05-01	20.58	20.62	20.30	20.41		530700
2020-05-04	20.14	20.20	19.96	20.20		738600
2020-05-05	20.34	20.46	20.15	20.20		483800
2020-05-06	20.32	20.32	19.94	19.95		303400
2020-05-07	20.30	20.45	20.21	20.38		640100
2020-05-08	20.68	20.77	20.60	20.73		854800
2020-05-11	20.45	20.56	20.35	20.53		434000
2020-05-12	20.47	20.53	20.17	20.18		353000
2020-05-13	20.09	20.10	19.59	19.73		839300
2020-05-14	19.25	19.59	19.09	19.58		629700
2020-05-15	19.54	19.68	19.43	19.61		276800
2020-05-18	20.33	20.82	20.29	20.71		1006900
2020-05-19	20.45	20.51	20.25	20.26		1059700
2020-05-20	20.63	20.78	20.54	20.67		559500
2020-05-21	20.68	20.77	20.42	20.49		423100
2020-05-22	20.47	20.53	20.35	20.50		506600
2020-05-26	21.30	21.40	21.22	21.22		456600
2020-05-27	21.73	21.82	21.51	21.76		1050800
2020-05-28	22.02	22.31	21.94	22.02		1029800
2020-05-29	22.13	22.19	21.79	22.04		1572500
2020-06-01	22.20	22.53	22.20	22.51		2045900
2020-06-02	22.85	23.01	22.80	22.98		1206300
2020-06-03	23.47	23.93	23.45	23.83		1484600
2020-06-04	23.77	24.08	23.71	23.90		4568200
2020-06-05	24.60	24.74	24.49	24.54		659000
2020-06-08	24.72	24.85	24.52	24.84		619700
2020-06-09	24.22	24.46	24.17	24.30		1680500
2020-06-10	24.37	24.40	24.03	24.14		808300
2020-06-11	23.38	23.44	22.47	22.50		1833600
2020-06-12	23.33	23.38	22.61	22.96		991600
2020-06-15	22.62	23.30	22.55	23.20		641800
2020-06-16	23.62	23.69	23.10	23.43		733500
2020-06-17	23.67	23.67	23.42	23.47		496200
2020-06-18	23.20	23.42	23.14	23.29		330700
2020-06-19	23.69	23.69	23.08	23.09		459100
2020-06-22	23.30	23.52	23.20	23.47		382400
2020-06-23	23.87	23.88	23.62	23.62		491700
2020-06-24	23.34	23.37	22.91	23.01		588800
2020-06-25	23.02	23.50	22.92	23.47		1135300
2020-06-26	23.43	23.45	23.02	23.07		1137700
2020-06-29	23.32	23.52	23.19	23.44		1548400
2020-06-30	23.18	23.53	23.13	23.46		639500
2020-07-01	23.32	23.56	23.32	23.50		1048700
2020-07-02	23.97	24.10	23.78	23.82		418600
2020-07-06	24.26	24.57	24.15	24.27		585200
2020-07-07	24.09	24.15	23.86	23.87		393200
2020-07-08	23.86	24.08	23.80	24.07		826400
2020-07-09	23.95	23.96	23.43	23.59		776200
2020-07-10	23.72	23.90	23.65	23.90		1996300
2020-07-13	24.17	24.35	23.80	23.85		881700
2020-07-14	23.90	24.31	23.84	24.27		877700
2020-07-15	24.78	24.86	24.55	24.68		943300
2020-07-16	24.57	24.74	24.49	24.54		484700
2020-07-17	24.52	24.66	24.43	24.64		1299700
2020-07-20	24.60	24.73	24.50	24.68		384600
2020-07-21	24.85	24.93	24.72	24.77		602500
2020-07-22	24.79	24.86	24.69	24.82		718000
2020-07-23	24.71	24.81	24.49	24.56		626400
2020-07-24	24.40	24.48	24.33	24.45		517200
2020-07-27	24.58	24.74	24.54	24.62		808800
2020-07-28	24.42	24.59	24.42	24.44		610500
2020-07-29	24.71	24.88	24.67	24.86		769400
2020-07-30	24.30	24.55	23.99	24.50		856500
2020-07-31	24.40	24.44	23.73	23.91		1275100
2020-08-03	24.15	24.36	24.07	24.36		451100
2020-08-04	24.20	24.52	24.15	24.50		1591100
2020-08-05	24.76	24.88	24.68	24.68		681400
2020-08-06	24.55	24.79	24.50	24.74		529500
2020-08-07	24.39	24.58	24.36	24.56		671200
2020-08-10	24.55	24.64	24.50	24.62		1418000
2020-08-11	25.18	25.25	24.79	24.82		610600
2020-08-12	25.36	25.53	25.32	25.39		651300
2020-08-13	25.39	25.48	25.19	25.28		1454800
2020-08-14	24.91	25.03	24.86	24.92		511000
2020-08-17	25.10	25.13	25.06	25.09		379500
2020-08-18	25.27	25.28	24.98	25.02		2884900
2020-08-19	25.13	25.20	24.92	24.95		1013100
2020-08-20	24.66	24.86	24.62	24.81		398000
2020-08-21	24.35	24.62	24.33	24.62		545600
2020-08-24	25.15	25.15	25.00	25.09		667700
2020-08-25	25.44	25.44	25.06	25.22		539200
2020-08-26	25.20	25.45	25.20	25.43		337900
2020-08-27	25.39	25.39	24.98	25.07		545900
2020-08-28	25.32	25.36	25.17	25.32		468600
2020-08-31	25.28	25.37	25.03	25.04		1155300
2020-09-01	25.03	25.12	24.87	24.99		425100
2020-09-02	25.29	25.51	25.15	25.51		643900
2020-09-03	25.63	25.69	24.87	25.03		1245700
2020-09-04	25.19	25.26	24.62	25.08		6059200
2020-09-08	24.68	24.90	24.57	24.65		1606600
2020-09-09	25.12	25.35	25.10	25.20		790700
2020-09-10	25.40	25.50	24.89	24.92		853000
2020-09-11	25.17	25.31	25.01	25.16		1928900
2020-09-14	25.39	25.43	25.27	25.30		581500
2020-09-15	25.51	25.51	25.31	25.38		609800
2020-09-16	25.33	25.45	25.19	25.21		721400
2020-09-17	25.08	25.31	25.07	25.27		1677800
2020-09-18	25.03	25.07	24.83	24.92		1268900
2020-09-21	24.11	24.11	23.74	24.04		1148600
2020-09-22	23.99	24.00	23.62	23.85		1010300
2020-09-23	23.97	23.98	23.49	23.51		845200
2020-09-24	23.54	23.74	23.38	23.56		1299200
2020-09-25	23.17	23.56	23.12	23.53		1153500
2020-09-28	23.91	23.99	23.87	23.95		832800
2020-09-29	24.00	24.11	23.89	24.02		1049400
2020-09-30	23.99	24.15	23.79	23.91		1243600
2020-10-01	24.06	24.11	23.93	24.04		1045700
2020-10-02	23.72	24.09	23.71	24.04		797000
2020-10-05	24.30	24.49	24.30	24.49		668300
2020-10-06	24.64	24.66	24.19	24.26		1593800
2020-10-07	24.43	24.51	24.35	24.48		729400
2020-10-08	24.58	24.67	24.55	24.66		973200
2020-10-09	24.87	24.94	24.80	24.89		717900
2020-10-12	24.98	25.07	24.98	25.04		886200
2020-10-13	24.75	24.75	24.60	24.66		609900
2020-10-14	24.73	24.78	24.54	24.56		1002000
2020-10-15	23.99	24.42	23.97	24.39		1737700
2020-10-16	24.59	24.74	24.52	24.60		900900
2020-10-19	24.78	24.86	24.49	24.54		592800
2020-10-20	24.88	25.00	24.79	24.80		450500
2020-10-21	24.63	24.75	24.44	24.45		805200
2020-10-22	24.44	24.56	24.32	24.52		615500
2020-10-23	24.87	24.88	24.66	24.86		527100
2020-10-26	24.51	24.51	24.06	24.24		758200
2020-10-27	23.99	24.03	23.65	23.68		621200
2020-10-28	22.88	22.96	22.61	22.69		1294200
2020-10-29	22.63	22.90	22.49	22.81		713700
2020-10-30	22.82	22.87	22.63	22.82		635600
2020-11-02	23.19	23.30	23.04	23.24		639500
2020-11-03	23.78	24.06	23.76	23.97		755900
2020-11-04	24.15	24.58	24.05	24.33		1035300
2020-11-05	24.98	25.10	24.81	24.96		5022500
2020-11-06	25.09	25.11	24.95	24.99		659100
2020-11-09	27.01	27.07	26.40	26.40		1719800
2020-11-10	27.07	27.27	27.05	27.14		1721000
2020-11-11	27.13	27.20	27.04	27.18		748300
2020-11-12	26.83	26.95	26.60	26.70		815900
2020-11-13	26.93	27.17	26.93	27.15		940200
2020-11-16	27.62	27.65	27.39	27.57		788300
2020-11-17	27.57	27.72	27.46	27.64		377600
2020-11-18	27.71	27.79	27.48	27.48		463000
2020-11-19	27.46	27.72	27.41	27.71		387900
2020-11-20	27.59	27.71	27.59	27.65		379200
2020-11-23	27.80	27.82	27.53	27.66		571300
2020-11-24	27.92	28.14	27.89	28.13		1032100
2020-11-25	28.01	28.20	27.95	28.16		626600
2020-11-27	28.29	28.44	28.29	28.36		1012500
2020-11-30	28.47	28.47	27.78	27.80		1029100
2020-12-01	28.30	28.59	28.29	28.55		1107300
2020-12-02	28.44	28.61	28.40	28.59		767800
2020-12-03	28.64	28.74	28.50	28.55		615600
2020-12-04	28.78	28.85	28.74	28.81		745200
2020-12-07	28.59	28.66	28.48	28.53		615400
2020-12-08	28.46	28.61	28.45	28.61		498700
2020-12-09	28.57	28.59	28.23	28.41		1473900
2020-12-10	28.27	28.59	28.27	28.47		541100
2020-12-11	28.32	28.37	28.18	28.35		919800
2020-12-14	28.59	28.61	28.32	28.35		509700
2020-12-15	28.50	28.68	28.43	28.68		1322200
2020-12-16	28.58	28.72	28.47	28.68		535400
2020-12-17	28.89	28.97	28.77	28.80		717700
2020-12-18	28.73	28.75	28.56	28.64		679100
2020-12-21	27.77	28.29	27.66	28.22		983800
2020-12-22	28.24	28.27	28.11	28.19		431800
2020-12-23	28.56	28.64	28.48	28.60		366400
2020-12-24	28.48	28.60	28.46	28.58		430700
2020-12-28	28.87	28.99	28.82	28.85		239300
2020-12-29	29.16	29.20	28.93	28.98		388900
2020-12-30	29.16	29.23	28.99	28.99		322600
2020-12-31	28.82	28.88	28.53	28.60		1257300
2021-01-04	29.41	29.45	28.77	28.92		786300
2021-01-05	28.87	29.15	28.78	29.09		2874000
2021-01-06	29.17	29.49	29.12	29.35		3124100
2021-01-07	29.41	29.51	29.38	29.48		456600
2021-01-08	29.58	29.64	29.35	29.64		362700
2021-01-11	28.99	29.22	28.99	29.15		554700
2021-01-12	29.11	29.35	28.97	29.30		7458900
2021-01-13	29.25	29.35	29.14	29.23		628100
2021-01-14	29.24	29.42	29.21	29.34		929500
2021-01-15	28.95	28.97	28.61	28.78		299200
2021-01-19	29.00	29.01	28.82	28.95		592100
2021-01-20	28.99	29.08	28.92	29.07		411200
2021-01-21	29.05	29.05	28.82	28.98		531700
2021-01-22	28.74	28.89	28.71	28.79		426600
2021-01-25	28.35	28.43	28.12	28.42		623300
2021-01-26	28.66	28.75	28.56	28.69		496200
2021-01-27	27.99	28.27	27.74	27.93		766800
2021-01-28	28.35	28.59	28.33	28.41		718000
2021-01-29	28.15	28.21	27.74	27.85		1053700
2021-02-01	28.26	28.26	28.00	28.14		811700
2021-02-02	28.52	28.62	28.41	28.59		306800
2021-02-03	28.50	28.56	28.38	28.56		194500
2021-02-04	28.50	28.61	28.47	28.56		221500
2021-02-05	28.96	29.04	28.82	29.01		172600
2021-02-08	29.21	29.24	29.05	29.17		307300
2021-02-09	29.18	29.35	29.15	29.30		4090100
2021-02-10	29.34	29.37	29.06	29.13		773800
2021-02-11	29.25	29.29	29.10	29.23		1362900
2021-02-12	29.15	29.39	29.15	29.39		216900
2021-02-16	29.63	29.72	29.60	29.71		223600
2021-02-17	29.43	29.54	29.34	29.53		424900
2021-02-18	29.36	29.44	29.23	29.42		221800
2021-02-19	29.57	29.69	29.50	29.55		259600
2021-02-22	29.50	29.73	29.50	29.56		257500
2021-02-23	29.63	29.78	29.41	29.72		318500
2021-02-24	29.56	29.91	29.53	29.85		316300
2021-02-25	30.00	30.11	29.42	29.48		587000
2021-02-26	29.44	29.44	29.09	29.12		564000
2021-03-01	29.43	29.60	29.42	29.56		494200
2021-03-02	29.65	29.77	29.58	29.68		515800
2021-03-03	29.60	29.74	29.46	29.55		427100
2021-03-04	29.63	29.75	29.11	29.30		1878900
2021-03-05	29.42	29.44	29.06	29.39		709900
2021-03-08	29.36	29.66	29.33	29.48		1846300
2021-03-09	29.79	29.84	29.69	29.78		787600
2021-03-10	30.09	30.18	29.96	30.17		844600
2021-03-11	30.28	30.50	30.22	30.45		913800
2021-03-12	30.27	30.59	30.27	30.59		373100
2021-03-15	30.45	30.46	30.21	30.40		555600
2021-03-16	30.40	30.42	30.28	30.34		397500
2021-03-17	30.33	30.68	30.32	30.64		301500
2021-03-18	30.35	30.52	30.10	30.10		631000
2021-03-19	30.06	30.17	29.93	30.10		417400
2021-03-22	30.03	30.09	29.96	30.01		504600
2021-03-23	29.83	29.90	29.57	29.61		375400
2021-03-24	29.59	29.73	29.51	29.52		424400
2021-03-25	29.45	29.72	29.39	29.67		1612300
2021-03-26	29.74	29.98	29.69	29.96		413700
2021-03-29	29.85	29.97	29.79	29.93		465400
2021-03-30	29.91	30.08	29.90	30.03		243700
2021-03-31	29.98	30.09	29.91	29.95		3141900
2021-04-01	30.18	30.48	30.15	30.43		857100
2021-04-05	30.74	31.01	30.68	30.96		934200
2021-04-06	30.54	30.64	30.54	30.64		415600
2021-04-07	30.74	30.83	30.67	30.78		400700
2021-04-08	30.86	31.00	30.83	30.95		584600
2021-04-09	30.92	31.06	30.87	31.06		377100
2021-04-12	31.00	31.03	30.90	30.99		217400
2021-04-13	31.04	31.30	31.03	31.30		2475200
2021-04-14	31.29	31.38	31.26	31.31		381600
2021-04-15	31.45	31.50	31.40	31.50		1512300
2021-04-16	31.66	31.87	31.64	31.87		747700
2021-04-19	31.99	32.02	31.84	31.97		666600
2021-04-20	31.55	31.57	31.25	31.33		650100
2021-04-21	31.32	31.72	31.32	31.69		484800
2021-04-22	31.77	31.80	31.56	31.64		436200
2021-04-23	31.71	31.98	31.70	31.91		592700
2021-04-26	31.98	32.02	31.93	32.00		597800
2021-04-27	31.93	32.06	31.91	32.05		314000
2021-04-28	32.14	32.32	32.07	32.28		419200
2021-04-29	32.42	32.42	32.12	32.35		529300
2021-04-30	32.10	32.16	31.68	31.80		1070600
2021-05-03	32.04	32.19	32.02	32.17		443600
2021-05-04	31.90	31.98	31.64	31.80		1037800
2021-05-05	32.11	32.17	32.01	32.16		534500
2021-05-06	32.26	32.54	32.19	32.54		916300
2021-05-07	32.51	32.91	32.49	32.91		1151500
2021-05-10	32.91	32.92	32.61	32.65		807200
2021-05-11	32.18	32.35	32.10	32.24		769000
2021-05-12	32.07	32.26	31.88	31.95		860500
2021-05-13	32.06	32.35	32.06	32.28		1711000
2021-05-14	32.67	33.02	32.66	32.98		794100
2021-05-17	32.77	32.87	32.71	32.86		896800
2021-05-18	32.92	32.93	32.76	32.77		663700
2021-05-19	32.23	32.55	32.07	32.42		2996700
2021-05-20	32.67	33.03	32.64	32.98		2895200
2021-05-21	32.98	33.07	32.91	33.03		459400
2021-05-24	33.13	33.30	33.08	33.26		575100
2021-05-25	33.40	33.44	33.24	33.34		3125300
2021-05-26	33.22	33.28	33.15	33.16		958000
2021-05-27	33.41	33.50	33.28	33.39		591000
2021-05-28	33.47	33.66	33.44	33.52		1121400
2021-06-01	33.86	33.90	33.68	33.73		815200
2021-06-02	33.70	33.84	33.65	33.78		514100
2021-06-03	33.53	33.56	33.45	33.48		425800
2021-06-04	33.65	33.71	33.56	33.71		681600
2021-06-07	33.79	33.93	33.78	33.88		466600
2021-06-08	33.96	33.99	33.85	33.89		639200
2021-06-09	34.05	34.05	33.91	33.96		813200
2021-06-10	33.81	33.95	33.79	33.82		814900
2021-06-11	33.99	34.03	33.88	34.01		2574400
2021-06-14	33.98	34.09	33.94	34.06		733200
2021-06-15	34.16	34.21	34.12	34.19		625600
2021-06-16	34.18	34.20	33.77	33.87		599700
2021-06-17	33.66	33.74	33.49	33.66		671400
2021-06-18	33.08	33.17	32.99	33.08		726600
2021-06-21	33.19	33.46	33.18	33.42		464100
2021-06-22	33.30	33.52	33.25	33.42		654300
2021-06-23	33.37	33.41	33.12	33.15		874700
2021-06-24	33.56	33.64	33.55	33.60		456400
2021-06-25	33.61	33.62	33.53	33.59		417200
2021-06-28	33.44	33.44	33.18	33.27		442800
2021-06-29	33.27	33.31	33.14	33.19		500500
2021-06-30	32.87	33.03	32.75	32.91		805700
2021-07-01	32.99	33.11	32.94	33.10		566500
2021-07-02	33.03	33.10	32.91	33.10		410400
2021-07-06	32.99	32.99	32.59	32.69		683500
2021-07-07	32.72	32.85	32.61	32.79		1424800
2021-07-08	32.22	32.33	32.06	32.26		2160300
2021-07-09	32.79	32.99	32.78	32.96		1426500
2021-07-12	32.94	33.13	32.92	33.06		1003600
2021-07-13	32.93	32.96	32.77	32.80		901500
2021-07-14	32.92	32.97	32.86	32.93		532900
2021-07-15	32.53	32.61	32.43	32.57		1336300
2021-07-16	32.49	32.51	32.23	32.34		1648600
2021-07-19	31.69	31.73	31.44	31.59		718000
2021-07-20	31.58	31.99	31.54	31.90		857400
2021-07-21	32.24	32.53	32.22	32.51		959100
2021-07-22	32.64	32.66	32.39	32.48		387500
2021-07-23	32.82	32.93	32.78	32.83		311500
2021-07-26	32.93	33.04	32.92	33.02		569400
2021-07-27	32.89	32.94	32.75	32.93		428600
2021-07-28	32.98	33.25	32.95	33.18		577700
2021-07-29	33.48	33.55	33.40	33.41		465000
2021-07-30	33.44	33.49	33.26	33.33		620300
2021-08-02	33.68	33.73	33.48	33.53		538200
2021-08-03	33.90	33.92	33.72	33.86		553400
2021-08-04	33.93	33.99	33.75	33.78		558600
2021-08-05	34.01	34.09	33.94	34.00		428200
2021-08-06	34.03	34.06	33.92	33.99		667500
2021-08-09	33.94	33.94	33.86	33.87		263900
2021-08-10	33.86	33.91	33.83	33.91		588500
2021-08-11	34.06	34.14	33.99	34.12		371600
2021-08-12	34.17	34.21	34.11	34.17		424000
2021-08-13	34.32	34.39	34.27	34.39		280100
2021-08-16	34.12	34.18	33.98	34.17		395200
2021-08-17	33.80	33.86	33.64	33.80		1505800
2021-08-18	33.57	33.69	33.43	33.45		1326900
2021-08-19	32.80	32.93	32.72	32.86		1671100
2021-08-20	32.75	33.01	32.74	33.01		834000
2021-08-23	33.27	33.38	33.25	33.34		602700
2021-08-24	33.15	33.30	33.13	33.26		850100
2021-08-25	33.29	33.39	33.24	33.37		549300
2021-08-26	33.26	33.33	33.16	33.19		819700
2021-08-27	33.21	33.53	33.19	33.49		403700
2021-08-30	33.53	33.55	33.45	33.49		424200
2021-08-31	33.63	33.67	33.51	33.62		1003100
2021-09-01	34.01	34.38	34.01	34.27		1032000
2021-09-02	34.34	34.37	34.26	34.31		481500
2021-09-03	33.98	34.08	33.90	33.93		583100
2021-09-07	34.08	34.15	33.97	33.99		479500
2021-09-08	33.88	33.94	33.68	33.73		927200
2021-09-09	33.74	33.92	33.71	33.73		410500
2021-09-10	33.88	33.92	33.56	33.59		709400
2021-09-13	33.89	33.90	33.63	33.74		481200
2021-09-14	33.83	33.83	33.50	33.56		888400
2021-09-15	33.39	33.52	33.25	33.50		575900
2021-09-16	33.45	33.53	33.27	33.49		657300
2021-09-17	33.42	33.47	32.86	33.03		935400
2021-09-20	32.30	32.50	32.11	32.37		1992500
2021-09-21	32.88	33.05	32.79	32.86		2682500
2021-09-22	33.31	33.53	33.20	33.20		1100700
2021-09-23	33.66	33.86	33.64	33.79		1139700
2021-09-24	33.34	33.47	33.33	33.39		1049200
2021-09-27	33.46	33.51	33.35	33.47		623200
2021-09-28	32.90	32.93	32.59	32.73		837000
2021-09-29	32.86	32.86	32.62	32.66		656000
2021-09-30	32.59	32.59	32.27	32.38		1289100
2021-10-01	32.59	32.79	32.39	32.68		1331600
2021-10-04	32.71	32.77	32.38	32.51		1318800
2021-10-05	32.58	32.87	32.51	32.75		875600
2021-10-06	32.18	32.53	32.12	32.52		1639100
2021-10-07	32.70	32.89	32.70	32.73		894000
2021-10-08	32.76	32.78	32.55	32.63		465400
2021-10-11	32.59	32.73	32.45	32.46		430200
2021-10-12	32.45	32.59	32.35	32.48		661200
2021-10-13	32.72	33.04	32.67	32.99		609600
2021-10-14	33.32	33.53	33.28	33.49		4185600
2021-10-15	33.63	33.70	33.59	33.70		827500
2021-10-18	33.33	33.45	33.25	33.40		512400
2021-10-19	33.44	33.53	33.40	33.43		516900
2021-10-20	33.53	33.73	33.53	33.69		507100
2021-10-21	33.59	33.67	33.55	33.61		1555600
2021-10-22	33.80	33.91	33.71	33.88		873400
2021-10-25	33.65	33.65	33.54	33.59		653600
2021-10-26	33.84	33.85	33.71	33.78		700600
2021-10-27	33.86	33.87	33.67	33.69		636600
2021-10-28	34.03	34.32	34.03	34.29		325300
2021-10-29	34.00	34.18	33.97	34.18		475500
2021-11-01	34.34	34.58	34.26	34.57		1323900
2021-11-02	34.55	34.63	34.49	34.58		697200
2021-11-03	34.60	34.95	34.59	34.94		483700
2021-11-04	34.76	34.86	34.66	34.86		380700
2021-11-05	35.01	35.12	34.92	35.12		332200
2021-11-08	35.22	35.28	35.13	35.17		428600
2021-11-09	35.32	35.35	35.08	35.16		675700
2021-11-10	34.94	35.02	34.57	34.61		625300
2021-11-11	34.69	34.79	34.64	34.68		241700
2021-11-12	34.82	34.89	34.77	34.83		399000
2021-11-15	35.00	35.03	34.72	34.74		300900
2021-11-16	34.84	34.90	34.72	34.72		378000
2021-11-17	34.79	34.84	34.72	34.79		363700
2021-11-18	34.83	34.90	34.72	34.88		337300
2021-11-19	34.51	34.55	34.34	34.39		472700
2021-11-22	34.27	34.43	34.12	34.15		583900
2021-11-23	34.16	34.26	33.93	34.14		505500
2021-11-24	33.57	33.91	33.53	33.90		536400
2021-11-26	33.04	33.10	32.66	32.79		747200
2021-11-29	33.12	33.12	32.73	32.92		829700
2021-11-30	33.04	33.15	32.46	32.86		1264300
2021-12-01	33.27	33.54	32.64	32.64		1317400
2021-12-02	32.95	33.19	32.93	33.05		877200
2021-12-03	33.13	33.14	32.61	32.87		846000
2021-12-06	33.17	33.34	33.06	33.26		442400
2021-12-07	33.78	34.07	33.78	34.06		455300
2021-12-08	34.13	34.20	34.03	34.17		450200
2021-12-09	33.92	33.95	33.79	33.82		615800
2021-12-10	33.86	33.96	33.77	33.92		388900
2021-12-13	33.70	33.73	33.46	33.48		972300
2021-12-14	33.40	33.57	33.18	33.34		728000
2021-12-15	33.42	33.91	33.27	33.90		1004800
2021-12-16	33.96	33.97	33.65	33.78		974300
2021-12-17	33.44	33.48	33.14	33.17		1609000
2021-12-20	33.12	33.40	33.07	33.40		933600
2021-12-21	33.54	33.81	33.49	33.80		487400
2021-12-22	33.84	34.34	33.83	34.30		431300
2021-12-23	34.27	34.54	34.27	34.42		490500
2021-12-27	34.48	34.74	34.48	34.74		716400
2021-12-28	34.66	34.79	34.65	34.69		469100
2021-12-29	34.75	34.85	34.69	34.79		396300
2021-12-30	34.75	34.82	34.64	34.66		517600
2021-12-31	34.66	34.91	34.64	34.73		1312200
2022-01-03	35.03	35.07	34.84	35.03		524800
2022-01-04	35.33	35.44	35.19	35.27		652400
2022-01-05	35.66	35.76	35.19	35.21		813600
2022-01-06	35.14	35.25	34.84	34.91		1074000
2022-01-07	34.97	35.22	34.90	35.16		2253200
2022-01-10	34.67	34.80	34.46	34.80		1428500
2022-01-11	34.84	35.20	34.73	35.19		940100
2022-01-12	35.32	35.54	35.27	35.51		1132200
2022-01-13	35.46	35.46	34.99	35.08		2341800
2022-01-14	34.91	35.13	34.82	35.05		997200
2022-01-18	34.73	34.83	34.50	34.59		2254700
2022-01-19	34.93	35.02	34.71	34.75		1322100
2022-01-20	34.75	34.98	34.43	34.46		1681500
2022-01-21	34.27	34.37	33.97	33.98		2136900
2022-01-24	33.11	33.56	32.50	33.55		2681900
2022-01-25	33.07	33.44	32.74	33.23		2448100
2022-01-26	33.87	33.97	33.14	33.35		1554800
2022-01-27	33.48	33.65	33.22	33.36		1345900
2022-01-28	33.03	33.46	32.84	33.45		1045300
2022-01-31	33.25	33.90	33.25	33.84		973600
2022-02-01	34.22	34.32	33.98	34.32		1336400
2022-02-02	34.54	34.59	34.29	34.46		824600
2022-02-03	34.17	34.32	34.01	34.05		829100
2022-02-04	33.96	34.32	33.90	34.14		1292800
2022-02-07	34.09	34.35	34.08	34.18		774300
2022-02-08	34.17	34.40	34.06	34.34		647500
2022-02-09	34.83	34.94	34.74	34.94		750100
2022-02-10	34.30	34.91	34.29	34.41		1059800
2022-02-11	34.20	34.31	33.26	33.37		1851100
2022-02-14	33.11	33.19	32.73	33.02		1526200
2022-02-15	33.64	33.97	33.64	33.93		934600
2022-02-16	33.73	34.10	33.68	34.03		919200
2022-02-17	33.80	33.82	33.52	33.56		843100
2022-02-18	33.61	33.78	33.36	33.50		1082600
2022-02-22	32.89	33.17	32.50	32.74		1273900
2022-02-23	33.24	33.30	32.41	32.48		2886700
2022-02-24	30.90	31.90	30.81	31.75		2725700
2022-02-25	32.20	32.75	32.15	32.74		1217400
2022-02-28	31.48	32.15	31.34	31.56		1333700
2022-03-01	31.13	31.19	30.04	30.39		1549500
2022-03-02	30.69	31.13	30.59	30.94		1182200
2022-03-03	30.93	30.95	29.97	30.10		3453800
2022-03-04	28.79	28.83	28.19	28.52		1350800
2022-03-07	28.47	28.55	27.21	27.52		1571700
2022-03-08	28.13	29.04	27.62	28.25		2280300
2022-03-09	29.75	30.56	29.56	30.17		1706500
2022-03-10	29.26	29.66	29.15	29.34		1357800
2022-03-11	29.79	29.82	28.99	29.04		1148100
2022-03-14	29.81	30.12	29.64	29.75		922400
2022-03-15	29.86	30.03	29.58	29.97		1289200
2022-03-16	30.78	31.51	30.46	31.30		1901800
2022-03-17	31.06	31.61	30.99	31.47		1864100
2022-03-18	30.83	31.51	30.76	31.44		1525100
2022-03-21	31.23	31.27	30.82	30.99		756600
2022-03-22	31.36	31.58	31.31	31.55		661000
2022-03-23	30.98	31.10	30.84	30.90		518000
2022-03-24	30.97	31.20	30.86	31.14		474200
2022-03-25	31.20	31.30	30.87	31.16		485900
2022-03-28	31.23	31.41	31.03	31.39		510500
2022-03-29	32.55	32.69	32.15	32.52		468400
2022-03-30	32.31	32.41	32.17	32.34		477900
2022-03-31	31.89	32.06	31.48	31.56		542000
2022-04-01	31.79	31.87	31.58	31.83		776000
2022-04-04	31.63	31.92	31.63	31.86		479100
2022-04-05	31.23	31.42	30.98	31.06		920600
2022-04-06	30.51	30.67	30.26	30.45		772600
2022-04-07	30.66	30.72	30.22	30.57		582300
2022-04-08	30.35	30.73	30.33	30.51		728400
2022-04-11	30.83	30.96	30.51	30.54		613100
2022-04-12	30.63	30.72	30.22	30.34		914200
2022-04-13	30.24	30.76	30.22	30.72		2405400
2022-04-14	30.77	30.82	30.54	30.63		1129000
2022-04-18	30.47	30.89	30.47	30.64		5177000
2022-04-19	30.36	30.72	30.36	30.72		1094200
2022-04-20	31.03	31.15	30.93	31.06		792500
2022-04-21	31.74	31.84	30.87	30.95		935900
2022-04-22	30.97	30.97	30.48	30.52		889900
2022-04-25	30.20	30.36	29.89	30.33		1730800
2022-04-26	30.17	30.20	29.44	29.44		1675700
2022-04-27	29.40	29.71	29.19	29.47		1070600
2022-04-28	29.64	29.97	29.33	29.88		1254900
2022-04-29	29.88	30.11	29.40	29.43		1026600
2022-05-02	29.30	29.57	28.99	29.32		1325100
2022-05-03	29.62	29.71	29.46	29.58		1360800
2022-05-04	29.60	30.22	29.30	30.18		941500
2022-05-05	29.79	29.80	28.90	29.25		1386600
2022-05-06	28.99	29.13	28.68	28.84		1354300
2022-05-09	28.38	28.47	27.99	28.11		1196600
2022-05-10	28.64	28.70	28.11	28.37		1004100
2022-05-11	28.63	29.05	28.29	28.30		1530000
2022-05-12	27.97	28.43	27.84	28.09		1620700
2022-05-13	28.60	29.05	28.57	28.97		684100
2022-05-16	28.91	29.23	28.73	29.09		504600
2022-05-17	29.69	29.87	29.55	29.85		953400
2022-05-18	29.43	29.47	28.88	28.92		864200
2022-05-19	28.79	29.39	28.76	29.20		853500
2022-05-20	29.44	29.46	28.81	29.19		804400
2022-05-23	29.52	29.93	29.43	29.86		761700
2022-05-24	29.70	29.85	29.53	29.76		814000
2022-05-25	29.47	29.92	29.47	29.74		546700
2022-05-26	29.89	30.40	29.89	30.32		478300
2022-05-27	30.60	30.88	30.59	30.86		536200
2022-05-31	30.64	30.83	30.48	30.64		567500
2022-06-01	30.76	30.76	30.01	30.15		718000
2022-06-02	30.59	31.06	30.51	31.06		664800
2022-06-03	30.73	30.79	30.56	30.68		454600
2022-06-06	31.02	31.14	30.77	30.82		366700
2022-06-07	30.47	30.86	30.46	30.81		266100
2022-06-08	30.48	30.58	30.27	30.32		629800
2022-06-09	30.01	30.08	29.53	29.54		727600
2022-06-10	28.89	28.95	28.68	28.76		757400
2022-06-13	27.86	28.07	27.64	27.70		889800
2022-06-14	27.67	27.78	27.12	27.37		1005600
2022-06-15	27.80	28.15	27.38	27.95		1407400
2022-06-16	27.21	27.57	27.11	27.34		1055800
2022-06-17	27.36	27.55	27.11	27.29		761100
2022-06-21	27.82	27.90	27.67	27.69		590600
2022-06-22	27.37	27.82	27.33	27.54		507700
2022-06-23	27.42	27.55	27.18	27.53		704000
2022-06-24	27.97	28.63	27.97	28.59		778900
2022-06-27	28.35	28.47	28.17	28.22		470100
2022-06-28	28.46	28.59	28.01	28.02		731000
2022-06-29	28.03	28.07	27.77	27.77		533400
2022-06-30	27.07	27.61	26.98	27.57		825700
2022-07-01	27.25	27.67	27.11	27.67		510300
2022-07-05	26.41	26.78	26.28	26.78		2024900
2022-07-06	26.64	26.95	26.60	26.87		590300
2022-07-07	27.08	27.22	27.02	27.16		289300
2022-07-08	27.06	27.27	26.91	27.14		373300
2022-07-11	26.76	26.92	26.62	26.69		520100
2022-07-12	26.67	27.07	26.67	26.77		595000
2022-07-13	26.43	27.00	26.43	26.88		632900
2022-07-14	26.23	26.54	26.00	26.49		634800
2022-07-15	26.70	27.08	26.57	27.02		528000
2022-07-18	27.47	27.56	27.12	27.18		897900
2022-07-19	27.83	28.23	27.83	28.19		755200
2022-07-20	28.01	28.10	27.58	27.78		648000
2022-07-21	27.81	28.14	27.77	28.12		671000
2022-07-22	28.20	28.38	27.90	28.01		717700
2022-07-25	28.31	28.38	28.13	28.31		561800
2022-07-26	27.93	27.98	27.69	27.69		601800
2022-07-27	28.06	28.58	27.99	28.52		2632600
2022-07-28	28.40	28.84	28.25	28.80		817500
2022-07-29	29.04	29.40	28.96	29.37		613700
2022-08-01	29.27	29.43	29.12	29.26		342200
2022-08-02	29.04	29.09	28.73	28.74		595300
2022-08-03	29.10	29.22	28.89	29.15		393700
2022-08-04	29.36	29.55	29.30	29.48		388900
2022-08-05	29.05	29.29	29.02	29.24		346700
2022-08-08	29.50	29.64	29.27	29.33		563900
2022-08-09	29.42	29.49	29.23	29.27		310000
2022-08-10	29.84	30.00	29.69	29.78		467800
2022-08-11	29.85	29.95	29.74	29.79		520000
2022-08-12	29.75	29.97	29.66	29.96		1020900
2022-08-15	29.60	29.68	29.49	29.65		712700
2022-08-16	29.54	29.91	29.52	29.83		3511800
2022-08-17	29.46	29.70	29.35	29.54		815400
2022-08-18	29.39	29.47	29.26	29.35		422400
2022-08-19	29.08	29.12	28.87	28.93		2423200
2022-08-22	28.34	28.34	27.99	28.07		420400
2022-08-23	28.05	28.35	28.02	28.08		1620900
2022-08-24	28.01	28.32	27.98	28.19		370900
2022-08-25	28.20	28.42	28.12	28.41		287800
2022-08-26	28.47	28.47	27.52	27.54		655600
2022-08-29	27.52	27.78	27.51	27.62		938800
2022-08-30	27.82	27.88	27.40	27.49		440300
2022-08-31	27.49	27.56	27.21	27.23		442100
2022-09-01	26.74	26.88	26.43	26.86		567300
2022-09-02	27.21	27.49	26.51	26.60		913500
2022-09-06	26.87	26.98	26.55	26.68		886600
2022-09-07	26.68	27.24	26.66	27.24		430600
2022-09-08	26.72	27.12	26.65	27.07		811800
2022-09-09	27.60	27.79	27.58	27.79		391800
2022-09-12	28.28	28.48	28.25	28.36		371100
2022-09-13	27.85	28.03	27.33	27.34		559600
2022-09-14	27.41	27.64	27.32	27.53		755600
2022-09-15	27.19	27.45	27.10	27.16		388000
2022-09-16	26.79	27.08	26.75	26.99		462500
2022-09-19	26.48	27.04	26.48	27.02		477800
2022-09-20	26.39	26.48	26.09	26.33		607100
2022-09-21	26.34	26.58	25.96	25.97		1222100
2022-09-22	25.99	26.08	25.67	25.84		514000
2022-09-23	25.11	25.14	24.63	24.81		837300
2022-09-26	24.67	24.89	24.38	24.46		514400
2022-09-27	24.62	24.78	24.13	24.34		610000
2022-09-28	24.27	25.04	24.16	24.97		739500
2022-09-29	24.51	24.63	24.21	24.62		2045700
2022-09-30	24.53	25.01	24.52	24.62		937800
2022-10-03	24.87	25.30	24.75	25.18		791400
2022-10-04	26.20	26.62	26.14	26.56		828900
2022-10-05	26.09	26.41	25.87	26.22		509700
2022-10-06	25.77	25.94	25.61	25.62		581300
2022-10-07	25.47	25.47	25.02	25.14		459800
2022-10-10	25.14	25.26	24.83	25.04		571600
2022-10-11	24.89	25.28	24.73	24.86		647200
2022-10-12	24.85	25.00	24.76	24.85		368800
2022-10-13	24.41	25.70	24.34	25.56		1184600
2022-10-14	25.88	26.00	25.29	25.29		545300
2022-10-17	25.98	26.25	25.98	26.14		430000
2022-10-18	26.67	26.72	26.23	26.45		460300
2022-10-19	26.12	26.25	25.82	26.00		458300
2022-10-20	26.10	26.42	25.98	26.08		685800
2022-10-21	25.84	26.48	25.74	26.48		769900
2022-10-24	26.60	26.87	26.50	26.75		559800
2022-10-25	26.94	27.49	26.94	27.46		322000
2022-10-26	27.52	27.93	27.49	27.73		486500
2022-10-27	27.53	27.76	27.32	27.33		820100
2022-10-28	27.45	27.74	27.34	27.74		459800
2022-10-31	27.34	27.41	27.22	27.28		388300
2022-11-01	27.88	27.91	27.41	27.57		539500
2022-11-02	27.45	27.83	26.93	26.94		681400
2022-11-03	26.61	26.92	26.60	26.74		496500
2022-11-04	27.88	28.27	27.73	28.23		562700
2022-11-07	28.28	28.41	28.16	28.30		368100
2022-11-08	28.29	28.67	28.26	28.49		538400
2022-11-09	28.36	28.58	28.17	28.19		370100
2022-11-10	29.27	29.62	29.02	29.60		995400
2022-11-11	29.91	30.28	29.74	30.24		4027500
2022-11-14	30.09	30.28	29.88	29.88		460100
2022-11-15	30.42	30.50	29.61	30.02		1139000
2022-11-16	30.22	30.29	30.05	30.17		2080500
2022-11-17	29.67	30.14	29.67	30.13		464900
2022-11-18	30.28	30.28	30.07	30.18		438700
2022-11-21	29.89	30.01	29.83	29.96		438700
2022-11-22	29.97	30.28	29.94	30.27		366500
2022-11-23	30.21	30.57	30.21	30.54		332600
2022-11-25	30.52	30.76	30.52	30.72		164100
2022-11-28	30.58	30.66	30.18	30.22		314300
2022-11-29	30.33	30.50	30.26	30.39		362800
2022-11-30	30.65	31.13	30.39	31.04		779400
2022-12-01	31.29	31.33	31.05	31.22		1371300
2022-12-02	31.07	31.40	31.02	31.31		1639900
2022-12-05	31.18	31.23	30.84	30.92		945500
2022-12-06	30.96	31.02	30.69	30.91		641700
2022-12-07	30.86	31.05	30.74	30.91		623600
2022-12-08	30.82	31.05	30.73	30.98		443700
2022-12-09	30.93	31.07	30.86	30.91		719100
2022-12-12	30.96	31.10	30.81	31.07		1326600
2022-12-13	31.96	32.01	31.33	31.46		1566800
2022-12-14	31.51	31.74	31.31	31.48		598000
2022-12-15	30.99	31.00	30.51	30.62		1146000
2022-12-16	30.24	30.34	30.09	30.27		532900
2022-12-19	30.32	30.40	30.14	30.24		613000
2022-12-20	30.18	30.38	30.13	30.26		337300
2022-12-21	30.53	30.84	30.53	30.72		297900
2022-12-22	30.58	30.63	30.22	30.56		629100
2022-12-23	30.39	30.57	30.28	30.52		1091700
2022-12-27	30.69	30.82	30.65	30.72		251200
2022-12-28	30.75	30.85	30.35	30.35		318400
2022-12-29	30.72	31.03	30.72	30.89		590400
2022-12-30	30.72	30.78	30.49	30.54		288100
2023-01-03	31.06	31.19	30.72	30.84		1122600
2023-01-04	31.59	31.76	31.43	31.68		456200
2023-01-05	31.42	31.56	31.30	31.34		287800
2023-01-06	31.56	32.25	31.37	32.23		304300
2023-01-09	32.57	32.76	32.41	32.41		451300
2023-01-10	32.41	32.63	32.36	32.63		371000
2023-01-11	32.88	32.96	32.75	32.93		484400
2023-01-12	33.24	33.49	32.92	33.43		282000
2023-01-13	33.25	33.71	33.25	33.62		908400
2023-01-17	33.83	33.93	33.56	33.66		972200
2023-01-18	34.10	34.12	33.55	33.56		512400
2023-01-19	33.28	33.42	33.10	33.33		1060200
2023-01-20	33.35	33.65	33.25	33.65		762900
2023-01-23	33.56	33.81	33.50	33.79		329000
2023-01-24	33.61	33.90	33.53	33.87		307200
2023-01-25	33.66	34.06	33.66	34.04		406500
2023-01-26	34.14	34.19	33.90	34.10		345900
2023-01-27	33.83	34.09	33.82	33.98		371000
2023-01-30	33.90	34.09	33.78	33.79		232500
2023-01-31	33.81	34.09	33.71	34.08		484900
2023-02-01	34.06	34.60	33.53	34.45		650800
2023-02-02	34.51	34.60	34.19	34.49		642000
2023-02-03	34.18	34.61	34.14	34.26		649800
2023-02-06	33.83	33.87	33.58	33.75		441400
2023-02-07	33.50	33.95	33.41	33.93		725300
2023-02-08	33.83	33.85	33.56	33.66		383800
2023-02-09	34.21	34.24	33.75	33.83		632300
2023-02-10	33.51	33.58	33.36	33.58		325200
2023-02-13	33.75	34.09	33.75	34.07		288100
2023-02-14	33.99	34.41	33.94	34.30		299900
2023-02-15	34.15	34.44	34.11	34.42		375100
2023-02-16	34.32	34.68	34.31	34.45		348400
2023-02-17	34.32	34.65	34.27	34.63		237200
2023-02-21	34.24	34.39	34.06	34.07		258800
2023-02-22	34.03	34.18	33.88	33.95		379900
2023-02-23	34.13	34.24	33.88	34.21		330600
2023-02-24	33.48	33.59	33.25	33.43		393300
2023-02-27	33.96	34.07	33.87	33.99		237900
2023-02-28	33.95	34.02	33.65	33.68		987700
2023-03-01	34.09	34.16	33.75	33.90		1483800
2023-03-02	33.67	33.98	33.64	33.95		1317500
2023-03-03	34.14	34.42	34.01	34.41		1073900
2023-03-06	34.43	34.59	34.41	34.44		250100
2023-03-07	34.40	34.42	33.82	33.87		483500
2023-03-08	33.87	34.01	33.74	33.85		502800
2023-03-09	33.84	34.00	33.50	33.52		966900
2023-03-10	33.72	33.79	33.26	33.30		1069200
2023-03-13	32.81	33.21	32.73	32.92		1996400
2023-03-14	33.56	33.70	33.36	33.62		1264200
2023-03-15	31.78	32.41	31.77	32.37		1425400
2023-03-16	32.08	33.00	32.05	32.98		1049700
2023-03-17	32.38	32.55	32.17	32.41		909500
2023-03-20	32.88	33.22	32.83	33.09		868000
2023-03-21	33.80	33.82	33.55	33.74		624700
2023-03-22	33.81	34.31	33.63	33.63		826800
2023-03-23	34.01	34.21	33.46	33.61		881700
2023-03-24	33.15	33.33	32.93	33.29		2580800
2023-03-27	33.57	33.70	33.42	33.67		624300
2023-03-28	33.59	33.74	33.55	33.66		457100
2023-03-29	34.19	34.28	34.07	34.25		509800
2023-03-30	34.76	34.80	34.66	34.74		690100
2023-03-31	34.85	35.02	34.80	34.86		785900
2023-04-03	34.97	35.26	34.97	35.26		1164800
2023-04-04	35.26	35.42	35.20	35.27		418300
2023-04-05	35.17	35.25	34.95	35.08		429800
2023-04-06	35.01	35.31	34.97	35.22		478800
2023-04-10	34.99	35.23	34.97	35.22		555100
2023-04-11	35.44	35.50	35.37	35.39		547900
2023-04-12	35.72	35.99	35.53	35.83		547900
2023-04-13	36.21	36.38	36.18	36.38		532500
2023-04-14	36.33	36.40	36.08	36.26		516600
2023-04-17	36.01	36.06	35.85	36.03		384800
2023-04-18	36.20	36.32	36.17	36.32		759300
2023-04-19	36.21	36.36	36.21	36.32		306100
2023-04-20	36.13	36.40	36.13	36.28		528600
2023-04-21	36.39	36.63	36.29	36.62		363400
2023-04-24	36.67	36.84	36.64	36.83		3122900
2023-04-25	36.62	36.62	36.22	36.24		1121500
2023-04-26	36.52	36.55	36.14	36.19		3831500
2023-04-27	36.38	36.67	36.31	36.65		997700
2023-04-28	36.25	36.59	36.18	36.49		438700
2023-05-01	36.56	36.66	36.45	36.50		829500
2023-05-02	36.05	36.12	35.83	36.06		870000
2023-05-03	36.22	36.47	36.09	36.14		795500
2023-05-04	35.84	35.96	35.70	35.85		737700
2023-05-05	36.01	36.44	35.97	36.33		944400
2023-05-08	36.44	36.48	36.26	36.31		606800
2023-05-09	35.81	36.08	35.80	35.96		262000
2023-05-10	36.05	36.05	35.64	35.93		335400
2023-05-11	35.63	35.90	35.54	35.90		1306700
2023-05-12	35.81	35.89	35.58	35.71		3199500
2023-05-15	35.81	35.96	35.74	35.94		1407800
2023-05-16	35.83	35.85	35.64	35.67		231200
2023-05-17	35.73	35.86	35.55	35.83		270700
2023-05-18	35.71	35.75	35.53	35.73		311400
2023-05-19	36.03	36.11	35.89	36.02		609700
2023-05-22	35.95	36.08	35.93	35.98		538500
2023-05-23	35.55	35.55	35.20	35.20		318000
2023-05-24	34.87	34.87	34.69	34.72		422500
2023-05-25	34.61	34.71	34.49	34.66		437800
2023-05-26	34.81	35.07	34.81	35.01		489900
2023-05-30	34.89	34.89	34.52	34.63		284900
2023-05-31	34.13	34.19	33.81	34.12		1366900
2023-06-01	34.07	34.49	34.07	34.43		3249800
2023-06-02	34.90	35.00	34.84	34.86		884700
2023-06-05	34.68	34.70	34.43	34.46		953100
2023-06-06	34.38	34.64	34.38	34.64		448200
2023-06-07	34.74	34.77	34.45	34.46		667900
2023-06-08	34.76	34.93	34.72	34.93		967700
2023-06-09	34.82	34.85	34.69	34.76		368100
2023-06-12	34.98	35.09	34.93	35.07		347700
2023-06-13	35.19	35.40	35.19	35.30		780300
2023-06-14	35.58	35.66	35.28	35.46		474800
2023-06-15	35.48	35.85	35.42	35.83		592300
2023-06-16	36.26	36.30	36.09	36.10		835400
2023-06-20	35.69	35.77	35.58	35.68		437200
2023-06-21	35.45	35.79	35.44	35.65		322000
2023-06-22	35.37	35.46	35.32	35.41		257600
2023-06-23	34.84	35.06	34.79	34.95		245300
2023-06-26	35.13	35.21	35.09	35.09		248000
2023-06-27	35.37	35.68	35.31	35.65		254100
2023-06-28	35.68	35.79	35.62	35.77		399300
2023-06-29	35.66	35.78	35.66	35.78		411600
2023-06-30	36.27	36.37	36.20	36.32		971400
2023-07-03	36.23	36.27	36.15	36.21		564400
2023-07-05	35.80	35.81	35.56	35.61		794200
2023-07-06	34.90	34.90	34.50	34.73		586500
2023-07-07	34.87	35.21	34.81	35.05		555700
2023-07-10	35.15	35.36	35.15	35.36		351900
2023-07-11	35.73	35.83	35.56	35.83		454800
2023-07-12	36.34	36.82	36.32	36.77		3740800
2023-07-13	37.24	37.37	37.16	37.30		2000800
2023-07-14	37.38	37.44	37.16	37.16		493500
2023-07-17	36.80	36.98	36.77	36.95		443500
2023-07-18	36.84	37.06	36.83	37.02		216800
2023-07-19	37.00	37.11	36.88	36.95		287700
2023-07-20	37.03	37.15	36.87	36.94		303300
2023-07-21	37.18	37.21	37.04	37.17		226200
2023-07-24	36.88	37.00	36.87	36.94		205700
2023-07-25	36.67	36.83	36.56	36.56		773500
2023-07-26	36.11	36.64	36.10	36.51		516400
2023-07-27	36.87	36.93	36.43	36.53		645400
2023-07-28	36.74	37.06	36.72	36.94		245000
2023-07-31	37.07	37.15	36.91	36.91		251800
2023-08-01	36.55	36.65	36.30	36.44		333100
2023-08-02	36.07	36.11	35.70	35.76		443800
2023-08-03	35.44	35.75	35.41	35.62		370500
2023-08-04	35.88	36.24	35.77	35.89		382400
2023-08-07	36.05	36.17	35.91	36.14		520500
2023-08-08	35.61	35.89	35.47	35.86		265200
2023-08-09	36.00	36.20	35.97	36.04		512900
2023-08-10	36.61	36.88	36.37	36.42		406000
2023-08-11	36.07	36.19	35.95	36.04		1342600
2023-08-14	35.71	36.00	35.61	35.96		319800
2023-08-15	35.72	35.74	35.38	35.43		341400
2023-08-16	35.38	35.60	35.21	35.23		354300
2023-08-17	35.28	35.34	34.83	34.88		337600
2023-08-18	34.53	34.98	34.53	34.92		532800
2023-08-21	35.14	35.27	34.98	35.22		315600
2023-08-22	35.30	35.33	35.05	35.09		326700
2023-08-23	35.04	35.34	35.02	35.28		1432800
2023-08-24	35.11	35.27	34.79	34.79		264700
2023-08-25	35.10	35.26	34.78	35.11		479100
2023-08-28	35.39	35.58	35.38	35.54		549500
2023-08-29	35.46	36.02	35.44	35.99		504700
2023-08-30	36.04	36.19	35.96	36.03		287800
2023-08-31	35.80	35.83	35.40	35.50		718900
2023-09-01	35.79	35.81	35.20	35.28		616600
2023-09-05	35.01	35.05	34.75	34.75		305100
2023-09-06	34.57	34.65	34.39	34.51		484600
2023-09-07	34.48	34.57	34.34	34.45		332000
2023-09-08	34.62	34.76	34.55	34.64		601200
2023-09-11	34.97	35.07	34.85	35.03		293200
2023-09-12	34.68	34.87	34.63	34.73		238700
2023-09-13	34.66	34.73	34.43	34.49		352600
2023-09-14	34.62	34.90	34.62	34.85		382500
2023-09-15	35.21	35.31	35.00	35.02		449800
2023-09-18	34.70	34.77	34.54	34.66		536600
2023-09-19	34.66	34.78	34.58	34.76		288800
2023-09-20	34.96	35.18	34.67	34.67		376200
2023-09-21	34.36	34.43	34.06	34.08		390400
2023-09-22	34.07	34.29	33.92	33.96		381700
2023-09-25	33.60	33.70	33.43	33.68		392100
2023-09-26	33.34	33.48	33.22	33.26		391400
2023-09-27	33.30	33.32	32.85	33.11		401400
2023-09-28	33.29	33.61	33.24	33.48		399000
2023-09-29	33.98	33.99	33.47	33.55		298300
2023-10-02	33.29	33.33	32.82	32.90		494600
2023-10-03	32.71	32.81	32.55	32.65		532900
2023-10-04	32.92	32.95	32.57	32.84		410800
2023-10-05	32.87	33.02	32.77	32.98		408500
2023-10-06	32.88	33.51	32.69	33.42		483400
2023-10-09	32.95	33.23	32.87	33.20		370900
2023-10-10	33.62	33.85	33.51	33.56		751200
2023-10-11	33.75	33.85	33.48	33.70		1490100
2023-10-12	33.54	33.54	33.04	33.16		477100
2023-10-13	32.98	33.05	32.62	32.72		2426400
2023-10-16	32.87	33.11	32.85	33.05		442700
2023-10-17	32.71	33.26	32.71	33.09		391100
2023-10-18	32.76	32.81	32.47	32.51		592200
2023-10-19	32.54	32.78	32.31	32.37		452900
2023-10-20	32.27	32.34	32.10	32.11		476400
2023-10-23	32.14	32.57	32.04	32.35		383300
2023-10-24	32.48	32.61	32.37	32.55		386100
2023-10-25	32.38	32.64	32.26	32.35		399800
2023-10-26	32.37	32.46	32.10	32.25		408100
2023-10-27	32.29	32.29	31.73	31.82		947600
2023-10-30	32.28	32.37	32.15	32.35		1788300
2023-10-31	32.48	32.57	32.29	32.48		983700
2023-11-01	32.48	32.73	32.34	32.71		585500
2023-11-02	33.49	33.58	33.31	33.48		813500
2023-11-03	33.70	33.82	33.58	33.61		393600
2023-11-06	33.55	33.60	33.32	33.41		404000
2023-11-07	33.16	33.32	33.13	33.21		1005300
2023-11-08	33.47	33.60	33.34	33.47		1162300
2023-11-09	33.80	33.95	33.52	33.55		490600
2023-11-10	33.52	33.73	33.24	33.70		350000
2023-11-13	33.50	33.76	33.47	33.71		306800
2023-11-14	34.46	34.85	34.46	34.79		291600
2023-11-15	34.76	34.89	34.74	34.77		490600
2023-11-16	34.71	34.85	34.61	34.73		364400
2023-11-17	35.01	35.17	34.94	35.17		387200
2023-11-20	35.19	35.39	35.19	35.31		170200
2023-11-21	35.22	35.26	35.09	35.14		353000
2023-11-22	35.18	35.25	35.06	35.23		281900
2023-11-24	35.40	35.55	35.40	35.55		95400
2023-11-27	35.47	35.52	35.34	35.44		163400
2023-11-28	35.29	35.53	35.26	35.44		207100
2023-11-29	35.51	35.63	35.38	35.47		1511000
2023-11-30	35.45	35.51	35.32	35.42		5553700
2023-12-01	35.31	35.63	35.28	35.59		1126700
2023-12-04	35.24	35.42	35.23	35.40		342800
2023-12-05	35.48	35.58	35.40	35.44		351500
2023-12-06	35.66	35.78	35.48	35.48		243900
2023-12-07	35.58	35.75	35.49	35.69		423700
2023-12-08	35.82	36.11	35.81	36.11		281400
2023-12-11	36.04	36.18	36.02	36.17		742800
2023-12-12	36.18	36.28	36.09	36.27		313700
2023-12-13	36.25	36.79	36.05	36.75		391400
2023-12-14	37.03	37.16	36.90	37.07		662100
2023-12-15	36.89	37.01	36.72	36.73		535100
2023-12-18	36.77	36.83	36.66	36.78		395800
2023-12-19	36.92	37.11	36.91	37.09		329300
2023-12-20	36.94	37.12	36.61	36.64		516800
2023-12-21	37.00	37.19	36.88	37.17		247800
2023-12-22	37.22	37.26	36.99	37.12		291100
2023-12-26	37.17	37.45	37.17	37.35		383500
2023-12-27	37.34	37.52	37.33	37.49		339500
2023-12-28	37.23	37.32	37.12	37.12		370000
2023-12-29	37.21	37.31	37.06	37.17		318800
2024-01-02	36.70	36.82	36.61	36.63		695500
2024-01-03	35.97	36.20	35.90	36.07		652500
2024-01-04	36.20	36.43	36.20	36.26		411900
2024-01-05	36.03	36.45	36.03	36.13		464100
2024-01-08	36.26	36.56	36.25	36.55		247800
2024-01-09	36.14	36.25	36.09	36.14		316300
2024-01-10	36.18	36.39	36.12	36.34		478200
2024-01-11	36.38	36.43	35.97	36.34		826400
2024-01-12	36.45	36.59	36.37	36.43		313700
2024-01-16	35.82	35.92	35.67	35.75		862300
2024-01-17	35.36	35.50	35.20	35.49		1018300
2024-01-18	35.79	35.98	35.69	35.97		947000
2024-01-19	35.76	36.00	35.63	35.98		813100
2024-01-22	36.02	36.08	35.93	35.96		1098100
2024-01-23	35.76	35.83	35.64	35.83		573000
2024-01-24	36.40	36.42	36.11	36.13		511700
2024-01-25	36.16	36.45	36.00	36.44		776100
2024-01-26	37.09	37.13	36.98	37.01		422100
2024-01-29	36.90	37.16	36.82	37.11		259700
2024-01-30	37.18	37.24	37.08	37.18		308000
2024-01-31	37.29	37.33	36.74	36.78		686600
2024-02-01	36.72	36.98	36.60	36.96		1249700
2024-02-02	36.67	36.68	36.46	36.62		483500
2024-02-05	36.37	36.51	36.18	36.43		342500
2024-02-06	36.47	36.69	36.45	36.69		421500
2024-02-07	36.63	36.65	36.50	36.61		357100
2024-02-08	36.78	36.85	36.63	36.68		1088500
2024-02-09	36.68	36.88	36.57	36.86		400800
2024-02-12	36.79	36.93	36.78	36.82		410700
2024-02-13	36.30	36.37	36.06	36.18		359600
2024-02-14	36.53	36.73	36.51	36.73		352200
2024-02-15	36.96	37.20	36.96	37.18		320800
2024-02-16	37.09	37.25	37.03	37.09		498100
2024-02-20	37.42	37.52	37.36	37.46		259600
2024-02-21	37.45	37.69	37.43	37.68		418800
2024-02-22	37.95	38.16	37.92	38.12		791500
2024-02-23	38.28	38.34	38.23	38.27		634700
2024-02-26	38.24	38.24	38.11	38.19		358900
2024-02-27	38.25	38.35	38.22	38.35		304800
2024-02-28	38.17	38.31	38.12	38.23		164600
2024-02-29	38.28	38.32	37.97	38.15		327800
2024-03-01	38.09	38.22	37.86	38.18		509100
2024-03-04	38.20	38.37	38.18	38.30		254600
2024-03-05	38.20	38.35	37.99	38.13		386100
2024-03-06	38.40	38.51	38.34	38.43		485800
2024-03-07	38.71	38.97	38.68	38.95		350300
2024-03-08	39.08	39.09	38.76	38.80		461900
2024-03-11	38.81	38.93	38.62	38.92		463000
2024-03-12	38.91	39.21	38.76	39.20		356000
2024-03-13	39.44	39.58	39.42	39.49		401300
2024-03-14	39.59	39.62	39.19	39.36		580800
2024-03-15	39.44	39.55	39.30	39.44		460900
2024-03-18	39.34	39.34	39.11	39.14		454400
2024-03-19	39.28	39.40	39.08	39.10		697400
2024-03-20	39.08	39.73	39.08	39.70		719400
2024-03-21	39.34	39.43	39.24	39.24		452300
2024-03-22	39.09	39.09	38.94	39.00		879400
2024-03-25	38.97	39.17	38.97	39.07		342100
2024-03-26	39.26	39.33	39.15	39.16		380700
2024-03-27	39.32	39.47	39.27	39.47		365100
2024-03-28	39.35	39.38	39.24	39.29		553200
2024-04-01	39.33	39.56	39.18	39.26		1080900
2024-04-02	38.80	38.86	38.73	38.84		761500
2024-04-03	38.91	39.18	38.91	39.15		559500
2024-04-04	39.28	39.35	38.61	38.67		549200
2024-04-05	38.51	38.78	38.40	38.73		790100
2024-04-08	39.08	39.12	38.97	39.00		335000
2024-04-09	38.98	39.03	38.64	38.81		391700
2024-04-10	38.13	38.41	38.02	38.24		757100
2024-04-11	38.38	38.42	37.82	38.28		555700
2024-04-12	37.77	37.94	37.52	37.58		433800
2024-04-15	38.19	38.24	37.50	37.56		799500
2024-04-16	37.40	37.61	37.24	37.45		1480600
2024-04-17	37.97	38.02	37.59	37.71		569100
2024-04-18	37.75	38.09	37.63	37.77		1060700
2024-04-19	37.91	38.00	37.73	37.86		861400
2024-04-22	37.93	38.27	37.88	38.16		326300
2024-04-23	38.33	38.63	38.28	38.57		352600
2024-04-24	38.64	38.64	38.37	38.53		306100
2024-04-25	37.89	38.38	37.82	38.30		325500
2024-04-26	38.42	38.65	38.42	38.59		139600
2024-04-29	38.50	38.56	38.42	38.52		122000
2024-04-30	38.35	38.45	37.98	37.99		323500
2024-05-01	37.95	38.39	37.78	37.85		832100
2024-05-02	38.10	38.29	37.92	38.23		652700
2024-05-03	38.72	38.78	38.41	38.56		152500
2024-05-06	38.79	38.85	38.73	38.80		154600
2024-05-07	39.07	39.17	39.02	39.09		300400
2024-05-08	39.35	39.49	39.32	39.39		246300
2024-05-09	39.51	39.82	39.51	39.82		242100
2024-05-10	39.93	39.94	39.77	39.85		161800
2024-05-13	39.84	39.95	39.79	39.88		188200
2024-05-14	40.05	40.21	39.99	40.19		218800
2024-05-15	40.26	40.42	40.17	40.40		149300
2024-05-16	40.19	40.23	39.99	40.05		359700
2024-05-17	39.92	40.10	39.86	40.09		153400
2024-05-20	40.21	40.22	40.08	40.09		74000
2024-05-21	39.89	40.06	39.87	40.04		420700
2024-05-22	39.74	39.78	39.53	39.67		811700
2024-05-23	39.99	39.99	39.38	39.48		265600
2024-05-24	39.72	39.83	39.66	39.82		169100
2024-05-28	39.82	39.85	39.55	39.68		156600
2024-05-29	39.07	39.20	38.97	38.98		271600
2024-05-30	39.20	39.39	39.17	39.28		176000
2024-05-31	39.43	39.60	39.33	39.56		276700
2024-06-03	39.65	39.75	39.40	39.59		843200
2024-06-04	39.45	39.54	39.27	39.47		256800
2024-06-05	39.79	39.88	39.53	39.83		3010400
2024-06-06	39.87	40.00	39.84	40.00		560300
2024-06-07	39.47	39.67	39.36	39.38		295100
2024-06-10	38.52	38.85	38.42	38.82		645000
2024-06-11	38.20	38.30	37.93	38.21		529100
2024-06-12	38.79	38.92	38.61	38.69		693800
2024-06-13	38.19	38.25	37.63	37.80		659600
2024-06-14	36.58	36.69	36.31	36.54		903100
2024-06-17	36.91	37.20	36.70	37.19		672400
2024-06-18	37.27	37.49	37.26	37.49		1939900
2024-06-20	37.36	37.62	37.33	37.53		768400
2024-06-21	37.24	37.36	37.11	37.25		368500
2024-06-24	37.66	37.89	37.59	37.62		444000
2024-06-25	37.27	37.65	37.24	37.60		409700
2024-06-26	36.96	37.22	36.89	37.15		306900
2024-06-27	37.08	37.11	36.78	36.85		301200
2024-06-28	36.50	36.70	36.44	36.66		1018300
2024-07-01	37.40	37.50	36.97	37.15		701000
2024-07-02	36.89	37.07	36.86	37.03		491800
2024-07-03	37.62	37.75	37.59	37.73		575800
2024-07-05	38.14	38.23	37.75	38.02		1154200
2024-07-08	38.02	38.07	37.61	37.69		689700
2024-07-09	37.27	37.29	36.94	37.03		419500
2024-07-10	37.35	37.53	37.28	37.49		762500
2024-07-11	37.84	37.94	37.77	37.83		689300
2024-07-12	38.21	38.59	38.21	38.36		552300
2024-07-15	38.09	38.13	37.86	37.93		269700
2024-07-16	37.60	37.88	37.57	37.87		337100
2024-07-17	37.74	38.01	37.74	37.87		353900
2024-07-18	38.09	38.17	37.63	37.73		356600
2024-07-19	37.53	37.63	37.39	37.47		282200
2024-07-22	37.96	38.09	37.85	38.03		227000
2024-07-23	37.66	37.71	37.46	37.49		332200
2024-07-24	37.37	37.46	37.01	37.03		333700
2024-07-25	36.72	37.20	36.61	36.90		248900
2024-07-26	37.30	37.58	37.30	37.54		174200
2024-07-29	37.06	37.15	36.87	37.09		300000
2024-07-30	37.20	37.24	37.02	37.16		184500
2024-07-31	37.54	37.60	37.34	37.37		244900
2024-08-01	36.82	36.87	36.23	36.33		1195900
2024-08-02	36.38	36.55	36.20	36.45		661200
2024-08-05	35.71	36.12	35.57	35.92		792000
2024-08-06	35.50	36.05	35.45	35.86		1576900
2024-08-07	36.36	36.58	35.97	35.98		491600
2024-08-08	36.19	36.39	36.07	36.34		213300
2024-08-09	36.31	36.52	36.25	36.50		301200
2024-08-12	36.42	36.45	36.25	36.36		176800
2024-08-13	36.39	36.83	36.38	36.80		209100
2024-08-14	36.97	37.10	36.96	37.05		277500
2024-08-15	37.27	37.43	37.25	37.36		229400
2024-08-16	37.44	37.66	37.44	37.65		120600
2024-08-19	37.89	38.13	37.89	38.08		125800
2024-08-20	38.12	38.18	38.06	38.12		223300
2024-08-21	38.31	38.60	38.25	38.55		197500
2024-08-22	38.56	38.56	38.15	38.17		162900
2024-08-23	38.45	38.91	38.42	38.89		271100
2024-08-26	38.86	38.93	38.78	38.85		124700
2024-08-27	38.78	38.86	38.67	38.80		139600
2024-08-28	38.67	38.75	38.43	38.60		90900
2024-08-29	38.82	38.90	38.63	38.65		170900
2024-08-30	38.82	38.89	38.52	38.70		234000
2024-09-03	38.60	38.64	38.11	38.20		281800
2024-09-04	37.98	38.25	37.97	38.06		253800
2024-09-05	37.95	38.01	37.75	37.88		1212500
2024-09-06	37.88	37.99	37.29	37.34		697400
2024-09-09	37.54	37.76	37.53	37.64		151300
2024-09-10	37.64	37.64	37.31	37.56		167500
2024-09-11	37.58	37.72	37.17	37.71		164400
2024-09-12	37.54	37.88	37.42	37.84		104600
2024-09-13	37.91	38.12	37.86	37.94		117300
2024-09-16	38.03	38.28	37.99	38.28		64000
2024-09-17	38.32	38.32	38.01	38.15		73100
2024-09-18	38.14	38.50	37.91	38.04		473000
2024-09-19	38.79	39.25	38.65	39.12		1898200
2024-09-20	38.71	38.74	38.42	38.53		347400
2024-09-23	38.37	38.48	38.30	38.47		222600
2024-09-24	38.90	39.07	38.82	39.05		416500
2024-09-25	39.04	39.06	38.65	38.69		877800
2024-09-26	39.61	39.94	39.55	39.89		235200
2024-09-27	39.99	40.16	39.83	39.91		357200
2024-09-30	39.47	39.47	39.02	39.21		1648000
2024-10-01	39.01	39.01	38.41	38.62		794100
2024-10-02	38.51	38.57	38.33	38.46		459600
2024-10-03	38.12	38.12	37.80	37.92		462300
2024-10-04	38.06	38.31	38.01	38.31		91600
2024-10-07	38.23	38.30	38.00	38.13		72700
2024-10-08	38.04	38.09	37.90	38.05		158000
2024-10-09	37.93	38.13	37.92	38.03		91900
2024-10-10	37.99	38.02	37.78	38.01		181600
2024-10-11	38.09	38.23	38.05	38.18		290100
2024-10-14	37.99	38.24	37.96	38.18		56300
2024-10-15	37.89	37.89	37.26	37.42		1549900
2024-10-16	37.53	37.64	37.49	37.63		407500
2024-10-17	38.02	38.06	37.67	37.74		558900
2024-10-18	38.08	38.11	37.98	38.09		953600
2024-10-21	37.82	37.86	37.50	37.56		410900
2024-10-22	37.42	37.53	37.37	37.48		226300
2024-10-23	37.16	37.39	36.96	37.12		582700
2024-10-24	37.50	37.50	37.17	37.29		154400
2024-10-25	37.37	37.44	37.04	37.12		249800
2024-10-28	37.46	37.72	37.40	37.67		115600
2024-10-29	37.44	37.52	37.24	37.29		190000
2024-10-30	36.82	37.22	36.79	37.14		127800
2024-10-31	36.91	36.91	36.51	36.79		170800
2024-11-01	37.07	37.11	36.79	36.84		228600
2024-11-04	37.02	37.10	36.79	36.82		158700
2024-11-05	36.98	37.31	36.97	37.26		127800
2024-11-06	36.37	36.45	36.14	36.33		344800
2024-11-07	36.80	37.06	36.72	37.01		260500
2024-11-08	36.40	36.41	36.05	36.26		165400
2024-11-11	36.36	36.41	36.25	36.27		97400
2024-11-12	35.74	35.74	35.12	35.32		362600
2024-11-13	35.08	35.14	34.74	35.06		223000
2024-11-14	35.44	35.54	35.20	35.22		219100
2024-11-15	35.33	35.38	35.13	35.21		201800
2024-11-18	35.18	35.40	35.15	35.32		383000
2024-11-19	34.82	35.26	34.79	35.19		799000
2024-11-20	35.02	35.05	34.74	34.99		585300
2024-11-21	34.74	34.90	34.60	34.80		298300
2024-11-22	34.59	34.83	34.58	34.77		413400
2024-11-25	35.09	35.14	34.81	34.87		1536600
2024-11-26	34.97	34.98	34.49	34.60		854000
2024-11-27	34.67	34.82	34.63	34.76		416200
2024-11-29	34.83	35.20	34.79	35.18		381700
2024-12-02	35.03	35.06	34.63	34.94		795900
2024-12-03	35.09	35.19	34.93	35.10		870000
2024-12-04	35.35	35.44	35.13	35.23		3577500
2024-12-05	35.61	35.71	35.54	35.62		477700
2024-12-06	36.20	36.20	35.97	36.12		361400
2024-12-09	36.44	36.55	36.19	36.19		465400
2024-12-10	35.99	36.00	35.71	35.76		368900
2024-12-11	35.93	35.99	35.74	35.94		270700
2024-12-12	35.84	36.03	35.65	35.66		290800
2024-12-13	35.98	35.98	35.64	35.76		198800
2024-12-16	35.46	35.67	35.41	35.52		533500
2024-12-17	35.58	35.74	35.51	35.51		800600
2024-12-18	35.59	35.73	34.68	34.71		481400
2024-12-19	34.94	34.97	34.70	34.73		376200
2024-12-20	34.52	35.08	34.52	34.85		306000
2024-12-23	34.82	34.98	34.69	34.95		248400
2024-12-24	34.93	35.21	34.83	35.17		187100
2024-12-26	35.16	35.39	35.14	35.32		216600
2024-12-27	35.16	35.34	35.10	35.26		758900
2024-12-30	35.10	35.11	34.86	35.01		361400
2024-12-31	35.36	35.36	35.00	35.08		401800
2025-01-02	34.97	35.04	34.64	34.75		545600
2025-01-03	34.70	34.72	34.44	34.56		149600
2025-01-06	35.22	35.70	35.15	35.43		236400
2025-01-07	35.91	35.94	35.48	35.54		532400
2025-01-08	35.17	35.38	35.03	35.32		441100
2025-01-10	35.38	35.40	34.94	35.10		247400
2025-01-13	34.73	35.07	34.70	35.02		457400
2025-01-14	35.27	35.33	35.10	35.26		1039100
2025-01-15	35.66	35.71	35.34	35.42		206100
2025-01-16	36.02	36.32	35.94	36.24		784100
2025-01-17	36.52	36.70	36.43	36.46		158900
2025-01-21	37.12	37.34	37.06	37.32		384900
2025-01-22	37.56	37.56	37.44	37.46		180800
2025-01-23	37.70	37.99	37.59	37.90		398600
2025-01-24	38.21	38.35	38.12	38.25		182800
2025-01-27	38.12	38.31	38.11	38.28		442700
2025-01-28	38.16	38.16	37.55	37.89		629200
2025-01-29	37.61	37.84	37.55	37.76		344600
2025-01-30	38.07	38.28	37.88	38.06		133100
2025-01-31	38.00	38.20	37.67	37.77		709500
2025-02-03	36.92	37.37	36.76	37.10		384100
2025-02-04	37.54	37.77	37.52	37.75		216100
2025-02-05	37.83	37.88	37.68	37.80		342400
2025-02-06	38.02	38.26	38.02	38.18		210700
2025-02-07	38.18	38.20	37.73	37.77		388300
2025-02-10	37.82	38.00	37.80	37.93		1196600
2025-02-11	38.09	38.36	38.05	38.32		456300
2025-02-12	38.11	38.83	38.05	38.73		375500
2025-02-13	38.87	39.17	38.61	38.99		587500
2025-02-14	39.53	39.62	39.38	39.39		170400
2025-02-18	39.34	39.51	39.31	39.39		251100
2025-02-19	38.86	38.94	38.67	38.84		591000
2025-02-20	39.01	39.23	38.88	39.20		105300
2025-02-21	39.19	39.26	38.87	38.89		385200
2025-02-24	38.96	38.96	38.70	38.70		542400
2025-02-25	39.08	39.14	38.80	39.00		184300
2025-02-26	39.23	39.43	38.92	39.00		1107700
2025-02-27	38.80	38.89	38.54	38.56		501300
2025-02-28	38.71	38.87	38.28	38.66		1056600
2025-03-03	39.75	39.81	39.14	39.46		1085300
2025-03-04	39.05	40.28	38.71	39.87		1520200
2025-03-05	40.58	41.14	40.57	41.08		793700
2025-03-06	40.58	41.08	40.48	40.51		781900
2025-03-07	40.46	40.98	40.38	40.94		978400
2025-03-10	40.35	40.51	39.73	40.09		393600
2025-03-11	40.33	40.39	39.80	40.17		442000
2025-03-12	40.32	40.32	39.89	40.06		331400
2025-03-13	39.71	39.87	39.48	39.57		534600
2025-03-14	40.19	40.42	40.08	40.37		426500
2025-03-17	40.43	40.83	40.43	40.75		263600
2025-03-18	40.80	40.96	40.64	40.88		291900
2025-03-19	40.84	41.15	40.74	41.04		346000
2025-03-20	40.21	40.46	40.19	40.36		236400
2025-03-21	39.97	40.10	39.84	40.00		259200
2025-03-24	39.92	40.05	39.75	40.00		213400
2025-03-25	40.34	40.40	40.16	40.31		152000
2025-03-26	39.90	40.12	39.48	39.58		159000
2025-03-27	39.58	39.82	39.54	39.65		145100
2025-03-28	39.49	39.63	39.36	39.45		411800
2025-03-31	38.84	39.02	38.63	38.91		324900
2025-04-01	39.11	39.24	38.90	39.16		795900
2025-04-02	38.91	39.35	38.89	39.29		757100
2025-04-03	38.96	39.03	38.53	38.60		317600
2025-04-04	37.20	37.33	36.37	36.38		915300
2025-04-07	35.11	36.79	34.67	35.17		876400
2025-04-08	36.24	36.24	34.46	34.86		450000
2025-04-09	35.15	37.97	34.92	37.75		401600
2025-04-10	37.04	37.31	36.21	37.14		447500
2025-04-11	37.15	38.13	37.13	38.10		357500
2025-04-14	38.03	38.42	37.65	37.98		479700
2025-04-15	38.15	38.42	38.09	38.13		522300
2025-04-16	38.32	38.54	38.01	38.09		262500
2025-04-17	38.24	38.63	38.15	38.35		406600
2025-04-21	38.49	38.71	37.78	38.10		369600
2025-04-22	38.60	39.13	38.59	38.95		403400
2025-04-23	39.51	39.85	39.15	39.23		521400
2025-04-24	39.44	39.85	39.36	39.81		143000
2025-04-25	39.82	40.04	39.74	40.04		108400
2025-04-28	40.13	40.21	39.93	40.13		272700
2025-04-29	39.97	40.12	39.96	40.03		114600
2025-04-30	39.88	40.32	39.72	40.13		221300
2025-05-01	40.46	40.46	40.04	40.16		780800
2025-05-02	40.89	41.13	40.84	40.93		338500
2025-05-05	41.02	41.02	40.81	40.91		256000
2025-05-06	40.75	40.84	40.65	40.69		278400
2025-05-07	40.45	40.58	40.28	40.40		444100
2025-05-08	40.63	40.67	40.40	40.40		151600
2025-05-09	40.87	40.88	40.67	40.75		74700
2025-05-12	40.90	40.93	40.56	40.88		200600
2025-05-13	41.05	41.27	40.97	41.16		228900
2025-05-14	41.14	41.17	40.88	40.95		214900
2025-05-15	41.05	41.16	40.95	41.15		189100
2025-05-16	41.17	41.34	41.04	41.31		170600
2025-05-19	41.47	41.80	41.46	41.78		174600
2025-05-20	41.93	42.14	41.92	42.14		197600
2025-05-21	42.11	42.30	41.74	41.76		289900
2025-05-22	41.52	41.85	41.47	41.70		464200
2025-05-23	40.87	41.49	40.84	41.46		722200
2025-05-27	42.05	42.06	41.82	41.96		183100
2025-05-28	41.67	41.74	41.46	41.52		268800
2025-05-29	41.90	41.90	41.59	41.81		236200
2025-05-30	41.70	41.70	41.32	41.54		282800
2025-06-02	41.58	42.19	41.45	42.18		824700
2025-06-03	41.60	41.99	41.57	41.89		953000
2025-06-04	42.07	42.31	42.02	42.12		308700
2025-06-05	42.39	42.40	41.98	42.08		194400
2025-06-06	42.05	42.20	42.03	42.08		220700
2025-06-09	42.03	42.24	42.02	42.12		204100
2025-06-10	42.30	42.31	42.12	42.25		470900
2025-06-11	42.37	42.39	42.12	42.15		152500
2025-06-12	42.50	42.67	42.46	42.60		231200
2025-06-13	41.89	42.14	41.77	41.88		309700
2025-06-16	42.54	42.69	42.20	42.21		181200
2025-06-17	42.10	42.14	41.67	41.74		263400
2025-06-18	41.74	41.93	41.55	41.67		171300
2025-06-20	41.74	41.74	41.29	41.29		215400
2025-06-23	40.93	41.61	40.91	41.57		250300
2025-06-24	41.97	42.14	41.86	42.04		241100
2025-06-25	41.77	41.93	41.66	41.89		368200
2025-06-26	42.02	42.15	41.93	42.14		96700
2025-06-27	42.58	42.91	42.38	42.61		2882700
2025-06-30	42.60	42.83	42.48	42.80		591300
2025-07-01	42.61	42.87	42.59	42.87		252700
2025-07-02	43.02	43.31	42.96	43.27		256300
2025-07-03	43.19	43.27	43.00	43.08		247400
2025-07-07	42.81	42.92	42.55	42.68		212000
2025-07-08	42.78	43.28	42.73	43.27		356500
2025-07-09	43.66	43.85	43.56	43.84		161800
2025-07-10	43.67	43.77	43.52	43.75		121900
2025-07-11	43.36	43.37	43.20	43.28		114900
2025-07-14	43.00	43.18	42.97	43.12		117800
2025-07-15	43.11	43.11	42.52	42.56		239000
2025-07-16	42.56	42.86	42.45	42.74		870600
2025-07-17	42.82	42.99	42.71	42.98		215000
2025-07-18	43.30	43.30	42.85	42.92		190100
2025-07-21	42.95	43.23	42.83	43.03		559400
2025-07-22	42.91	43.18	42.80	43.16		156000
2025-07-23	43.47	44.40	43.44	44.40		503700
2025-07-24	43.48	43.61	43.40	43.40		228000
2025-07-25	43.30	43.72	43.21	43.72		207100
2025-07-28	43.14	43.18	42.70	42.80		339800
2025-07-29	43.06	43.06	42.77	42.91		240600
2025-07-30	42.78	42.86	42.31	42.47		463600
2025-07-31	42.16	42.23	41.81	41.94		293800
2025-08-01	41.39	41.47	41.08	41.43		742300
2025-08-04	41.82	41.86	41.66	41.86		267300
2025-08-05	41.80	41.86	41.62	41.83		225200
2025-08-06	41.97	42.12	41.94	42.02		321100
2025-08-07	42.60	42.63	42.30	42.49		325400
2025-08-08	42.53	42.86	42.51	42.68		320200
2025-08-11	42.40	42.44	42.20	42.35		186400
